1,13/04/2023,UK,Organic,0
2,15/12/2023,UK,Organic,1
3,28/09/2023,UK,Social,0
4,17/04/2023,DE,Paid Ads,0
5,13/03/2023,UK,Paid Ads,0
6,08/07/2023,IT,Email,1
7,21/01/2023,NL,Paid Ads,1
8,13/04/2023,UK,Paid Ads,1
9,02/05/2023,US,Organic,0
10,03/08/2023,UK,Email,0
11,27/11/2023,DE,Organic,0
12,29/03/2023,US,Organic,1
13,10/04/2023,UK,Organic,1
14,26/12/2023,UK,Organic,1
15,01/06/2023,FR,Organic,1
16,11/05/2023,US,Referral,0
17,30/05/2023,UK,Organic,0
18,05/11/2023,FR,Referral,1
19,15/09/2023,DE,Organic,1
20,10/12/2023,IT,Organic,1
21,21/10/2023,UK,Paid Ads,1
22,11/07/2023,ES,Social,0
23,04/10/2023,FR,Email,0
24,10/06/2023,UK,Social,0
25,10/11/2023,FR,Referral,0
26,22/01/2023,US,Referral,1
27,10/09/2023,IT,Paid Ads,1
28,24/08/2023,UK,Paid Ads,1
29,11/12/2023,DE,Organic,0
30,18/02/2023,US,Paid Ads,0
31,28/02/2023,NL,Organic,0
32,19/06/2023,UK,Paid Ads,1
33,07/07/2023,NL,Paid Ads,0
34,28/09/2023,IT,Organic,1
35,09/07/2023,UK,Organic,1
36,24/06/2023,ES,Organic,1
37,20/02/2023,NL,Social,0
38,30/12/2023,UK,Organic,0
39,24/02/2023,US,Organic,0
40,01/09/2023,US,Email,1
41,16/11/2023,UK,Paid Ads,1
42,11/05/2023,UK,Organic,1
43,03/11/2023,UK,Organic,1
44,15/05/2023,UK,Organic,1
45,21/01/2023,US,Organic,0
46,25/11/2023,UK,Organic,1
47,16/06/2023,IT,Paid Ads,0
48,01/10/2023,FR,Email,0
49,30/03/2023,UK,Paid Ads,1
50,12/11/2023,FR,Paid Ads,1
51,14/01/2023,FR,Organic,0
52,30/08/2023,NL,Organic,0
53,22/09/2023,UK,Email,1
54,12/12/2023,UK,Organic,0
55,22/02/2023,IT,Email,1
56,06/12/2023,IT,Paid Ads,0
57,02/04/2023,FR,Email,1
58,21/09/2023,ES,Organic,0
59,04/02/2023,UK,Organic,0
60,25/07/2023,US,Email,0
61,22/03/2023,UK,Email,1
62,19/02/2023,UK,Organic,1
63,26/12/2023,ES,Social,0
64,02/01/2023,UK,Organic,0
65,23/02/2023,US,Organic,0
66,16/04/2023,IT,Paid Ads,1
67,17/09/2023,UK,Referral,1
68,06/11/2023,NL,Social,0
69,10/07/2023,NL,Paid Ads,1
70,06/08/2023,DE,Organic,1
71,13/02/2023,UK,Paid Ads,0
72,11/06/2023,UK,Organic,0
73,21/07/2023,US,Paid Ads,1
74,27/09/2023,UK,Paid Ads,1
75,17/12/2023,UK,Organic,0
76,31/10/2023,NL,Paid Ads,1
77,28/09/2023,UK,Paid Ads,0
78,03/08/2023,FR,Referral,1
79,09/09/2023,UK,Paid Ads,1
80,09/07/2023,DE,Organic,0
81,23/10/2023,IT,Organic,0
82,01/08/2023,UK,Organic,1
83,27/07/2023,UK,Organic,1
84,25/08/2023,FR,Referral,1
85,04/12/2023,FR,Social,0
86,22/02/2023,FR,Referral,1
87,07/10/2023,UK,Paid Ads,0
88,05/08/2023,UK,Paid Ads,0
89,09/09/2023,NL,Organic,0
90,07/07/2023,IT,Social,0
91,10/02/2023,US,Social,0
92,06/06/2023,ES,Paid Ads,1
93,15/01/2023,US,Organic,1
94,28/10/2023,US,Email,1
95,06/03/2023,UK,Organic,0
96,11/12/2023,US,Email,0
97,23/11/2023,US,Email,1
98,09/01/2023,UK,Organic,0
99,10/12/2023,US,Social,0
100,09/05/2023,ES,Social,0
101,16/05/2023,FR,Social,1
102,04/03/2023,DE,Paid Ads,1
103,19/05/2023,IT,Organic,0
104,22/03/2023,UK,Paid Ads,1
105,12/06/2023,DE,Paid Ads,0
106,16/10/2023,ES,Organic,0
107,18/09/2023,US,Paid Ads,0
108,19/08/2023,UK,Referral,0
109,10/02/2023,UK,Organic,0
110,28/01/2023,IT,Organic,1
111,15/05/2023,US,Organic,0
112,20/07/2023,IT,Referral,0
113,24/11/2023,DE,Paid Ads,0
114,25/09/2023,FR,Organic,1
115,02/02/2023,ES,Social,1
116,17/02/2023,FR,Organic,1
117,03/03/2023,US,Paid Ads,0
118,04/08/2023,US,Email,1
119,20/10/2023,ES,Email,0
120,09/04/2023,US,Organic,0
121,21/06/2023,US,Social,1
122,26/12/2023,UK,Social,0
123,02/08/2023,IT,Paid Ads,1
124,04/02/2023,UK,Paid Ads,0
125,15/08/2023,DE,Organic,1
126,11/04/2023,US,Paid Ads,1
127,11/05/2023,US,Paid Ads,1
128,14/09/2023,FR,Email,0
129,05/01/2023,UK,Paid Ads,0
130,06/08/2023,DE,Referral,1
131,12/09/2023,ES,Organic,1
132,25/12/2023,ES,Organic,0
133,10/10/2023,UK,Organic,1
134,26/07/2023,IT,Organic,0
135,15/01/2023,FR,Paid Ads,0
136,12/12/2023,IT,Email,0
137,11/02/2023,US,Paid Ads,0
138,28/06/2023,US,Paid Ads,1
139,04/03/2023,IT,Referral,1
140,18/12/2023,IT,Organic,1
141,19/08/2023,US,Organic,1
142,29/08/2023,UK,Organic,0
143,21/02/2023,US,Referral,1
144,06/04/2023,US,Organic,0
145,10/08/2023,UK,Organic,0
146,19/08/2023,UK,Paid Ads,1
147,25/08/2023,IT,Social,1
148,23/05/2023,UK,Paid Ads,1
149,20/06/2023,FR,Email,1
150,29/01/2023,UK,Referral,0
151,05/02/2023,UK,Paid Ads,0
152,13/01/2023,UK,Referral,0
153,09/06/2023,UK,Email,0
154,23/11/2023,ES,Organic,1
155,06/07/2023,IT,Organic,1
156,31/08/2023,UK,Organic,0
157,27/03/2023,US,Paid Ads,1
158,11/10/2023,US,Email,1
159,07/03/2023,IT,Organic,0
160,19/06/2023,ES,Organic,0
161,14/02/2023,US,Email,0
162,03/03/2023,FR,Paid Ads,1
163,14/05/2023,ES,Paid Ads,0
164,11/10/2023,UK,Email,1
165,28/01/2023,US,Paid Ads,0
166,18/04/2023,IT,Referral,1
167,13/02/2023,FR,Organic,1
168,06/12/2023,US,Organic,0
169,13/10/2023,US,Paid Ads,0
170,27/11/2023,UK,Paid Ads,0
171,08/05/2023,US,Social,1
172,14/12/2023,FR,Social,0
173,19/08/2023,US,Email,0
174,09/07/2023,FR,Organic,0
175,13/08/2023,IT,Social,1
176,10/10/2023,UK,Referral,1
177,01/05/2023,US,Organic,0
178,26/04/2023,US,Referral,0
179,21/08/2023,FR,Organic,0
180,16/09/2023,UK,Organic,1
181,25/12/2023,DE,Email,0
182,17/07/2023,IT,Paid Ads,0
183,17/05/2023,US,Organic,1
184,14/11/2023,IT,Paid Ads,0
185,14/06/2023,NL,Social,1
186,13/08/2023,UK,Paid Ads,1
187,03/11/2023,UK,Organic,0
188,22/08/2023,NL,Organic,0
189,21/06/2023,NL,Organic,0
190,01/06/2023,UK,Social,1
191,11/11/2023,UK,Paid Ads,1
192,09/06/2023,UK,Paid Ads,0
193,06/04/2023,NL,Paid Ads,1
194,21/08/2023,UK,Email,0
195,29/06/2023,US,Paid Ads,1
196,23/04/2023,ES,Referral,0
197,14/11/2023,UK,Organic,0
198,21/02/2023,DE,Organic,1
199,25/09/2023,UK,Social,0
200,22/10/2023,IT,Social,1
201,23/04/2023,UK,Social,1
202,11/04/2023,FR,Social,0
203,23/04/2023,FR,Email,0
204,22/03/2023,UK,Referral,1
205,06/07/2023,UK,Email,0
206,23/04/2023,US,Paid Ads,1
207,02/01/2023,UK,Organic,1
208,10/05/2023,ES,Organic,0
209,08/08/2023,ES,Social,0
210,23/02/2023,US,Organic,0
211,09/12/2023,DE,Email,0
212,12/08/2023,DE,Organic,0
213,13/08/2023,ES,Organic,0
214,06/05/2023,US,Organic,1
215,10/05/2023,UK,Organic,0
216,22/02/2023,UK,Organic,0
217,21/06/2023,US,Organic,0
218,06/08/2023,US,Email,0
219,09/06/2023,US,Organic,1
220,17/07/2023,UK,Organic,1
221,04/09/2023,FR,Organic,0
222,20/11/2023,UK,Referral,1
223,22/07/2023,UK,Paid Ads,0
224,03/07/2023,US,Paid Ads,0
225,03/05/2023,UK,Organic,0
226,12/09/2023,DE,Organic,0
227,21/10/2023,US,Referral,1
228,07/10/2023,US,Email,0
229,21/11/2023,US,Organic,0
230,08/04/2023,UK,Paid Ads,1
231,17/07/2023,UK,Organic,1
232,28/08/2023,IT,Organic,1
233,24/05/2023,US,Referral,0
234,07/04/2023,US,Paid Ads,1
235,20/07/2023,UK,Organic,1
236,04/05/2023,US,Organic,1
237,06/07/2023,DE,Social,0
238,22/11/2023,DE,Email,0
239,15/12/2023,FR,Email,0
240,16/09/2023,UK,Paid Ads,0
241,28/05/2023,UK,Paid Ads,1
242,09/09/2023,ES,Organic,0
243,12/12/2023,IT,Organic,1
244,27/05/2023,UK,Paid Ads,0
245,28/05/2023,US,Paid Ads,0
246,18/12/2023,UK,Organic,1
247,18/07/2023,UK,Email,1
248,04/11/2023,UK,Organic,0
249,08/05/2023,UK,Organic,1
250,08/02/2023,FR,Organic,1
251,04/12/2023,US,Paid Ads,0
252,26/12/2023,UK,Organic,0
253,09/05/2023,UK,Organic,0
254,24/09/2023,ES,Paid Ads,0
255,31/05/2023,UK,Paid Ads,1
256,25/10/2023,DE,Paid Ads,1
257,09/04/2023,UK,Organic,0
258,20/09/2023,DE,Paid Ads,0
259,09/09/2023,UK,Paid Ads,1
260,24/05/2023,UK,Organic,1
261,12/12/2023,UK,Email,1
262,22/04/2023,UK,Paid Ads,0
263,01/03/2023,US,Organic,1
264,02/01/2023,FR,Social,0
265,31/10/2023,UK,Email,0
266,11/09/2023,UK,Social,0
267,20/05/2023,US,Referral,0
268,06/02/2023,DE,Organic,1
269,09/06/2023,NL,Organic,1
270,09/01/2023,DE,Referral,0
271,21/08/2023,US,Social,1
272,09/04/2023,DE,Paid Ads,1
273,27/05/2023,IT,Email,0
274,31/10/2023,ES,Organic,0
275,27/07/2023,UK,Paid Ads,0
276,11/05/2023,UK,Social,1
277,01/06/2023,UK,Email,1
278,23/02/2023,US,Social,0
279,30/04/2023,FR,Email,0
280,10/06/2023,US,Paid Ads,0
281,26/04/2023,UK,Paid Ads,1
282,16/03/2023,FR,Social,1
283,23/04/2023,ES,Paid Ads,0
284,14/04/2023,UK,Organic,1
285,06/12/2023,FR,Paid Ads,1
286,11/09/2023,US,Paid Ads,1
287,15/08/2023,IT,Organic,0
288,22/04/2023,ES,Referral,1
289,09/04/2023,US,Organic,1
290,02/06/2023,FR,Paid Ads,0
291,15/12/2023,IT,Email,1
292,04/12/2023,US,Paid Ads,0
293,13/07/2023,UK,Email,0
294,06/11/2023,ES,Organic,0
295,12/06/2023,UK,Social,1
296,27/07/2023,US,Organic,0
297,18/06/2023,IT,Organic,1
298,10/06/2023,FR,Email,1
299,09/03/2023,US,Email,0
300,16/10/2023,UK,Organic,0
301,04/10/2023,US,Social,1
302,31/10/2023,UK,Paid Ads,1
303,15/05/2023,UK,Social,1
304,14/07/2023,FR,Paid Ads,0
305,08/05/2023,UK,Paid Ads,0
306,02/02/2023,US,Paid Ads,0
307,25/06/2023,US,Organic,0
308,22/01/2023,NL,Paid Ads,0
309,26/08/2023,US,Paid Ads,1
310,07/06/2023,UK,Organic,1
311,07/02/2023,UK,Organic,0
312,18/08/2023,DE,Organic,1
313,31/12/2023,DE,Email,0
314,20/02/2023,US,Paid Ads,1
315,21/09/2023,US,Email,0
316,10/10/2023,UK,Social,1
317,27/01/2023,US,Paid Ads,1
318,14/08/2023,US,Social,0
319,04/10/2023,UK,Organic,1
320,13/10/2023,UK,Organic,0
321,07/04/2023,UK,Paid Ads,1
322,11/10/2023,UK,Paid Ads,0
323,13/11/2023,DE,Email,1
324,31/10/2023,UK,Paid Ads,0
325,27/05/2023,UK,Organic,0
326,04/01/2023,UK,Referral,0
327,04/02/2023,NL,Paid Ads,0
328,11/07/2023,IT,Organic,1
329,18/02/2023,UK,Paid Ads,0
330,17/01/2023,UK,Social,0
331,21/06/2023,UK,Email,0
332,08/08/2023,US,Paid Ads,0
333,07/06/2023,UK,Organic,1
334,15/02/2023,FR,Organic,0
335,06/01/2023,US,Paid Ads,1
336,09/04/2023,IT,Email,0
337,21/08/2023,UK,Organic,1
338,06/02/2023,ES,Organic,1
339,07/10/2023,ES,Social,0
340,15/12/2023,UK,Email,0
341,29/10/2023,US,Paid Ads,0
342,30/06/2023,UK,Organic,0
343,05/04/2023,UK,Organic,0
344,09/04/2023,UK,Organic,0
345,07/07/2023,DE,Paid Ads,1
346,26/04/2023,US,Organic,0
347,10/07/2023,IT,Email,0
348,10/09/2023,UK,Social,0
349,10/06/2023,NL,Organic,0
350,13/09/2023,UK,Paid Ads,0
351,19/11/2023,ES,Referral,1
352,08/05/2023,UK,Social,0
353,18/01/2023,UK,Email,0
354,08/10/2023,IT,Organic,0
355,11/08/2023,UK,Organic,1
356,23/02/2023,FR,Email,0
357,27/02/2023,DE,Referral,0
358,19/11/2023,US,Organic,0
359,26/12/2023,US,Paid Ads,0
360,23/06/2023,FR,Email,1
361,07/10/2023,UK,Organic,0
362,24/04/2023,FR,Email,0
363,15/10/2023,IT,Organic,1
364,08/12/2023,UK,Email,1
365,31/05/2023,UK,Paid Ads,1
366,07/05/2023,FR,Organic,0
367,04/06/2023,US,Referral,0
368,30/09/2023,US,Email,0
369,14/04/2023,UK,Social,0
370,26/10/2023,US,Organic,0
371,03/09/2023,UK,Referral,0
372,25/06/2023,US,Paid Ads,1
373,08/02/2023,ES,Paid Ads,1
374,19/06/2023,UK,Email,0
375,04/09/2023,US,Organic,1
376,26/01/2023,NL,Organic,1
377,21/12/2023,FR,Paid Ads,1
378,02/11/2023,ES,Organic,1
379,13/01/2023,US,Social,1
380,12/11/2023,ES,Paid Ads,0
381,09/11/2023,UK,Paid Ads,1
382,05/02/2023,UK,Email,1
383,22/06/2023,UK,Paid Ads,1
384,20/01/2023,US,Paid Ads,0
385,17/11/2023,ES,Organic,0
386,21/09/2023,UK,Organic,0
387,22/05/2023,FR,Organic,0
388,23/05/2023,FR,Referral,1
389,02/04/2023,DE,Paid Ads,1
390,20/12/2023,US,Organic,1
391,18/11/2023,DE,Paid Ads,0
392,15/10/2023,UK,Organic,0
393,03/08/2023,UK,Social,1
394,08/12/2023,NL,Organic,1
395,20/02/2023,UK,Email,0
396,02/06/2023,UK,Paid Ads,1
397,05/07/2023,IT,Paid Ads,0
398,04/03/2023,UK,Organic,0
399,09/07/2023,FR,Social,0
400,05/05/2023,UK,Organic,0
401,30/05/2023,US,Paid Ads,1
402,10/11/2023,UK,Social,0
403,27/02/2023,UK,Email,0
404,08/12/2023,US,Paid Ads,1
405,01/11/2023,FR,Social,0
406,29/06/2023,US,Referral,0
407,19/06/2023,IT,Organic,1
408,22/11/2023,UK,Paid Ads,0
409,28/09/2023,US,Organic,1
410,23/02/2023,DE,Organic,0
411,11/04/2023,IT,Email,1
412,21/09/2023,UK,Paid Ads,0
413,22/02/2023,DE,Organic,1
414,01/03/2023,IT,Email,1
415,18/04/2023,UK,Organic,0
416,05/01/2023,IT,Social,0
417,13/04/2023,UK,Social,0
418,15/07/2023,FR,Social,0
419,19/09/2023,IT,Email,0
420,31/12/2023,FR,Organic,0
421,16/12/2023,US,Paid Ads,1
422,16/02/2023,UK,Organic,1
423,21/12/2023,IT,Organic,1
424,07/11/2023,US,Paid Ads,1
425,04/11/2023,UK,Organic,1
426,24/05/2023,FR,Social,0
427,26/09/2023,US,Social,0
428,04/05/2023,UK,Organic,0
429,16/04/2023,UK,Paid Ads,0
430,07/06/2023,UK,Paid Ads,1
431,27/05/2023,DE,Email,1
432,25/05/2023,DE,Referral,0
433,30/04/2023,US,Organic,0
434,15/11/2023,ES,Paid Ads,0
435,02/10/2023,IT,Paid Ads,0
436,02/04/2023,DE,Social,1
437,27/02/2023,UK,Organic,1
438,12/12/2023,FR,Organic,1
439,17/08/2023,US,Email,1
440,27/04/2023,DE,Email,0
441,14/11/2023,DE,Email,1
442,06/10/2023,US,Paid Ads,0
443,07/05/2023,IT,Referral,1
444,09/05/2023,UK,Paid Ads,0
445,27/02/2023,FR,Organic,0
446,02/05/2023,UK,Paid Ads,0
447,01/01/2023,IT,Organic,1
448,27/08/2023,UK,Organic,0
449,17/10/2023,UK,Social,0
450,06/04/2023,UK,Organic,1
451,06/05/2023,US,Social,1
452,28/04/2023,UK,Organic,1
453,17/02/2023,DE,Organic,1
454,30/03/2023,US,Paid Ads,1
455,25/08/2023,UK,Email,0
456,29/09/2023,UK,Paid Ads,1
457,08/07/2023,ES,Email,0
458,11/07/2023,FR,Organic,0
459,10/03/2023,FR,Social,0
460,05/10/2023,FR,Organic,1
461,15/12/2023,UK,Email,0
462,04/09/2023,UK,Paid Ads,1
463,17/03/2023,UK,Email,1
464,03/06/2023,ES,Referral,1
465,24/05/2023,NL,Organic,0
466,27/03/2023,US,Social,0
467,04/07/2023,UK,Organic,1
468,12/10/2023,UK,Organic,0
469,08/08/2023,UK,Email,1
470,10/03/2023,DE,Organic,0
471,16/02/2023,UK,Organic,0
472,04/04/2023,IT,Paid Ads,1
473,26/08/2023,US,Email,1
474,23/07/2023,IT,Organic,0
475,06/08/2023,ES,Paid Ads,0
476,07/12/2023,ES,Referral,1
477,08/02/2023,DE,Email,0
478,10/04/2023,DE,Social,1
479,16/10/2023,DE,Email,0
480,11/09/2023,DE,Referral,1
481,10/08/2023,DE,Paid Ads,0
482,23/12/2023,NL,Organic,0
483,23/01/2023,FR,Referral,0
484,07/09/2023,ES,Social,0
485,10/01/2023,IT,Referral,0
486,03/09/2023,UK,Organic,1
487,21/11/2023,UK,Paid Ads,1
488,10/04/2023,US,Paid Ads,1
489,17/10/2023,US,Referral,1
490,29/06/2023,ES,Referral,0
491,11/08/2023,US,Paid Ads,1
492,07/09/2023,DE,Organic,1
493,27/05/2023,US,Social,0
494,06/04/2023,UK,Referral,0
495,14/09/2023,DE,Organic,0
496,21/11/2023,ES,Organic,1
497,04/01/2023,UK,Social,1
498,16/01/2023,DE,Email,0
499,07/10/2023,DE,Paid Ads,0
500,02/12/2023,UK,Organic,1
501,04/09/2023,UK,Organic,0
502,15/09/2023,NL,Organic,0
503,09/06/2023,US,Paid Ads,0
504,06/12/2023,UK,Paid Ads,1
505,01/06/2023,UK,Paid Ads,0
506,27/06/2023,FR,Referral,0
507,12/06/2023,DE,Organic,0
508,02/02/2023,DE,Organic,0
509,28/06/2023,UK,Organic,0
510,11/04/2023,IT,Organic,0
511,25/09/2023,US,Organic,0
512,19/11/2023,UK,Paid Ads,0
513,06/03/2023,US,Email,0
514,17/06/2023,US,Email,0
515,26/11/2023,IT,Email,0
516,12/02/2023,IT,Referral,0
517,13/02/2023,UK,Referral,1
518,12/10/2023,IT,Organic,0
519,12/01/2023,ES,Social,0
520,05/04/2023,IT,Organic,0
521,29/10/2023,UK,Organic,0
522,10/09/2023,DE,Organic,1
523,30/08/2023,UK,Social,1
524,04/02/2023,ES,Social,0
525,03/08/2023,UK,Email,0
526,03/12/2023,DE,Paid Ads,1
527,31/03/2023,UK,Paid Ads,0
528,21/09/2023,UK,Social,0
529,03/04/2023,DE,Referral,0
530,31/03/2023,IT,Social,0
531,25/04/2023,DE,Organic,1
532,15/04/2023,IT,Organic,0
533,15/07/2023,UK,Email,0
534,10/11/2023,US,Organic,0
535,24/04/2023,US,Social,0
536,16/03/2023,UK,Paid Ads,1
537,05/08/2023,DE,Social,0
538,04/10/2023,FR,Organic,0
539,06/09/2023,DE,Referral,0
540,13/06/2023,FR,Paid Ads,0
541,23/12/2023,DE,Paid Ads,0
542,11/07/2023,UK,Paid Ads,0
543,15/08/2023,UK,Social,0
544,26/06/2023,DE,Referral,0
545,09/04/2023,UK,Organic,1
546,05/02/2023,UK,Social,1
547,06/04/2023,US,Organic,0
548,01/06/2023,DE,Organic,0
549,31/05/2023,UK,Organic,1
550,09/07/2023,FR,Email,0
551,12/08/2023,DE,Organic,0
552,06/02/2023,UK,Organic,0
553,25/09/2023,ES,Social,1
554,02/07/2023,DE,Email,1
555,13/01/2023,DE,Organic,0
556,06/10/2023,DE,Email,1
557,05/08/2023,UK,Social,0
558,21/12/2023,FR,Organic,0
559,27/12/2023,US,Email,0
560,13/10/2023,IT,Paid Ads,0
561,30/09/2023,ES,Referral,1
562,03/03/2023,DE,Paid Ads,1
563,25/03/2023,UK,Referral,0
564,05/08/2023,UK,Organic,0
565,08/12/2023,UK,Email,1
566,06/07/2023,US,Organic,1
567,19/01/2023,UK,Paid Ads,1
568,26/06/2023,US,Organic,0
569,10/04/2023,UK,Email,1
570,21/08/2023,NL,Organic,1
571,17/03/2023,UK,Paid Ads,0
572,22/09/2023,IT,Paid Ads,1
573,11/10/2023,IT,Email,0
574,25/07/2023,US,Paid Ads,1
575,11/08/2023,FR,Email,0
576,21/02/2023,US,Organic,1
577,05/12/2023,DE,Organic,1
578,24/05/2023,UK,Paid Ads,0
579,10/03/2023,UK,Social,1
580,09/04/2023,DE,Organic,0
581,25/01/2023,US,Organic,1
582,22/02/2023,DE,Organic,1
583,31/05/2023,UK,Paid Ads,0
584,24/05/2023,US,Organic,0
585,26/02/2023,UK,Email,0
586,08/02/2023,UK,Organic,0
587,19/04/2023,UK,Organic,0
588,30/06/2023,UK,Organic,1
589,11/02/2023,UK,Paid Ads,0
590,05/07/2023,ES,Referral,1
591,11/08/2023,UK,Organic,1
592,02/05/2023,FR,Social,1
593,13/05/2023,UK,Organic,0
594,12/06/2023,IT,Referral,1
595,03/08/2023,US,Paid Ads,0
596,09/08/2023,UK,Organic,1
597,23/08/2023,US,Email,1
598,27/11/2023,US,Email,0
599,26/05/2023,DE,Organic,0
600,27/08/2023,UK,Paid Ads,0
601,17/03/2023,NL,Organic,1
602,09/01/2023,US,Referral,0
603,15/03/2023,UK,Organic,1
604,10/09/2023,FR,Email,0
605,18/08/2023,US,Organic,0
606,07/01/2023,ES,Organic,0
607,23/06/2023,US,Organic,0
608,21/05/2023,FR,Organic,0
609,17/06/2023,UK,Paid Ads,1
610,19/06/2023,ES,Organic,1
611,10/10/2023,FR,Email,1
612,02/05/2023,UK,Organic,1
613,13/07/2023,UK,Referral,0
614,05/01/2023,UK,Paid Ads,1
615,29/01/2023,NL,Social,0
616,14/06/2023,UK,Social,0
617,05/12/2023,US,Email,0
618,16/05/2023,UK,Email,0
619,31/12/2023,US,Organic,0
620,17/11/2023,DE,Email,1
621,08/12/2023,NL,Social,0
622,25/05/2023,US,Organic,1
623,23/11/2023,ES,Paid Ads,0
624,05/08/2023,US,Organic,1
625,28/10/2023,UK,Paid Ads,1
626,12/05/2023,UK,Paid Ads,0
627,19/10/2023,DE,Paid Ads,0
628,11/03/2023,NL,Paid Ads,0
629,09/09/2023,IT,Social,1
630,02/10/2023,UK,Paid Ads,1
631,30/12/2023,UK,Email,1
632,01/07/2023,UK,Organic,0
633,16/06/2023,IT,Paid Ads,0
634,01/04/2023,IT,Paid Ads,1
635,21/07/2023,ES,Organic,0
636,12/12/2023,US,Organic,1
637,19/01/2023,US,Paid Ads,0
638,08/02/2023,US,Paid Ads,1
639,06/05/2023,UK,Paid Ads,0
640,22/06/2023,US,Organic,0
641,21/05/2023,UK,Organic,1
642,30/08/2023,UK,Paid Ads,1
643,08/08/2023,IT,Organic,1
644,06/05/2023,ES,Organic,1
645,27/02/2023,US,Organic,0
646,28/05/2023,US,Organic,1
647,13/11/2023,US,Organic,1
648,27/12/2023,FR,Organic,1
649,01/01/2023,ES,Organic,1
650,14/12/2023,ES,Referral,1
651,09/07/2023,FR,Organic,1
652,10/07/2023,UK,Paid Ads,0
653,08/11/2023,UK,Social,0
654,27/04/2023,US,Email,0
655,14/05/2023,UK,Organic,1
656,27/02/2023,ES,Social,1
657,13/02/2023,UK,Organic,1
658,22/06/2023,UK,Organic,0
659,09/06/2023,US,Social,0
660,22/06/2023,NL,Email,1
661,13/11/2023,UK,Paid Ads,0
662,30/10/2023,DE,Referral,0
663,29/05/2023,US,Referral,0
664,21/03/2023,UK,Organic,1
665,01/08/2023,US,Organic,1
666,22/07/2023,FR,Paid Ads,1
667,09/09/2023,US,Social,1
668,17/08/2023,IT,Organic,0
669,13/06/2023,UK,Email,1
670,15/08/2023,UK,Organic,0
671,27/05/2023,IT,Paid Ads,1
672,20/01/2023,US,Paid Ads,1
673,16/02/2023,DE,Referral,1
674,21/08/2023,ES,Organic,1
675,01/11/2023,UK,Paid Ads,0
676,14/01/2023,FR,Paid Ads,0
677,23/05/2023,UK,Organic,0
678,01/01/2023,UK,Organic,0
679,23/02/2023,UK,Referral,1
680,16/09/2023,ES,Paid Ads,0
681,24/05/2023,UK,Organic,1
682,12/01/2023,FR,Paid Ads,0
683,26/11/2023,IT,Social,0
684,12/08/2023,US,Organic,1
685,29/09/2023,US,Paid Ads,0
686,24/12/2023,US,Organic,0
687,05/06/2023,UK,Organic,1
688,08/01/2023,US,Organic,1
689,02/05/2023,DE,Paid Ads,1
690,14/12/2023,NL,Email,0
691,13/06/2023,IT,Organic,1
692,31/03/2023,IT,Paid Ads,0
693,16/05/2023,IT,Paid Ads,0
694,05/07/2023,US,Organic,0
695,12/11/2023,FR,Paid Ads,1
696,27/06/2023,IT,Email,0
697,28/01/2023,US,Email,1
698,08/08/2023,NL,Email,0
699,23/12/2023,US,Organic,0
700,10/02/2023,DE,Email,0
701,16/08/2023,FR,Organic,0
702,11/07/2023,NL,Referral,0
703,25/05/2023,UK,Social,1
704,20/07/2023,FR,Organic,0
705,31/07/2023,US,Paid Ads,1
706,08/08/2023,UK,Paid Ads,1
707,28/08/2023,ES,Referral,1
708,15/02/2023,DE,Organic,0
709,04/02/2023,FR,Social,1
710,10/09/2023,UK,Paid Ads,0
711,23/03/2023,US,Organic,0
712,13/09/2023,DE,Organic,0
713,16/07/2023,US,Email,0
714,30/10/2023,UK,Organic,1
715,10/01/2023,NL,Organic,0
716,08/11/2023,US,Paid Ads,0
717,13/10/2023,FR,Paid Ads,0
718,30/08/2023,US,Referral,1
719,08/09/2023,US,Organic,1
720,31/12/2023,US,Email,0
721,05/01/2023,US,Social,1
722,29/04/2023,US,Organic,1
723,16/10/2023,US,Referral,1
724,06/03/2023,US,Social,1
725,26/05/2023,UK,Referral,1
726,12/08/2023,US,Referral,0
727,27/08/2023,UK,Organic,0
728,26/06/2023,UK,Paid Ads,1
729,24/09/2023,IT,Paid Ads,1
730,07/12/2023,DE,Referral,0
731,09/10/2023,FR,Social,1
732,04/03/2023,US,Organic,0
733,05/08/2023,IT,Organic,1
734,08/12/2023,DE,Organic,0
735,11/11/2023,ES,Referral,0
736,10/10/2023,US,Organic,0
737,26/06/2023,NL,Paid Ads,0
738,08/04/2023,ES,Organic,1
739,15/04/2023,IT,Paid Ads,1
740,09/04/2023,UK,Organic,0
741,07/11/2023,UK,Email,0
742,06/01/2023,UK,Paid Ads,1
743,16/07/2023,UK,Social,0
744,17/12/2023,IT,Paid Ads,0
745,13/05/2023,UK,Organic,0
746,24/12/2023,UK,Organic,1
747,16/09/2023,UK,Social,0
748,23/01/2023,UK,Referral,1
749,22/02/2023,UK,Organic,0
750,14/06/2023,ES,Referral,1
751,21/07/2023,DE,Paid Ads,0
752,24/03/2023,UK,Organic,1
753,25/05/2023,US,Organic,1
754,26/03/2023,US,Email,1
755,19/03/2023,UK,Organic,1
756,01/01/2023,FR,Organic,0
757,20/02/2023,FR,Organic,1
758,22/06/2023,FR,Organic,0
759,24/07/2023,FR,Paid Ads,0
760,17/09/2023,UK,Organic,0
761,15/10/2023,NL,Organic,1
762,03/02/2023,ES,Social,1
763,14/12/2023,IT,Organic,1
764,05/04/2023,UK,Organic,0
765,13/03/2023,IT,Paid Ads,1
766,08/02/2023,ES,Paid Ads,0
767,03/06/2023,ES,Email,1
768,07/09/2023,UK,Organic,0
769,11/06/2023,FR,Email,1
770,28/04/2023,NL,Email,1
771,16/09/2023,FR,Referral,0
772,02/11/2023,DE,Organic,0
773,25/09/2023,IT,Organic,0
774,23/02/2023,US,Paid Ads,1
775,24/08/2023,DE,Email,0
776,10/08/2023,US,Paid Ads,0
777,08/09/2023,IT,Organic,1
778,09/11/2023,UK,Organic,1
779,22/04/2023,US,Referral,0
780,12/09/2023,FR,Referral,0
781,30/10/2023,ES,Organic,0
782,26/07/2023,DE,Organic,0
783,17/08/2023,IT,Paid Ads,1
784,07/12/2023,IT,Paid Ads,0
785,07/03/2023,UK,Referral,0
786,16/03/2023,US,Email,0
787,13/04/2023,UK,Paid Ads,0
788,11/07/2023,UK,Organic,0
789,09/09/2023,US,Referral,1
790,14/08/2023,IT,Social,1
791,21/10/2023,ES,Social,1
792,02/11/2023,UK,Email,0
793,08/04/2023,UK,Organic,1
794,04/12/2023,DE,Email,0
795,13/10/2023,US,Email,1
796,01/12/2023,UK,Referral,1
797,13/12/2023,IT,Organic,0
798,04/11/2023,IT,Social,0
799,06/09/2023,US,Paid Ads,1
800,15/06/2023,IT,Organic,0
801,01/12/2023,US,Organic,1
802,30/01/2023,FR,Paid Ads,1
803,04/09/2023,US,Paid Ads,1
804,16/04/2023,UK,Organic,0
805,20/02/2023,IT,Referral,1
806,22/03/2023,US,Email,0
807,13/05/2023,FR,Referral,0
808,12/10/2023,US,Organic,1
809,18/05/2023,UK,Referral,1
810,03/07/2023,UK,Organic,1
811,26/11/2023,US,Organic,0
812,30/09/2023,FR,Organic,0
813,06/12/2023,UK,Email,0
814,10/03/2023,FR,Organic,1
815,03/02/2023,FR,Organic,1
816,19/09/2023,FR,Organic,1
817,22/02/2023,US,Paid Ads,1
818,24/07/2023,IT,Social,1
819,06/05/2023,US,Social,0
820,23/08/2023,US,Organic,0
821,12/02/2023,UK,Organic,0
822,28/08/2023,UK,Organic,1
823,21/04/2023,UK,Email,1
824,06/09/2023,DE,Organic,1
825,31/05/2023,UK,Organic,1
826,02/07/2023,UK,Paid Ads,0
827,02/12/2023,ES,Organic,1
828,05/04/2023,UK,Organic,0
829,08/01/2023,UK,Organic,0
830,26/12/2023,UK,Organic,1
831,03/07/2023,ES,Paid Ads,0
832,08/10/2023,UK,Social,0
833,14/07/2023,US,Organic,1
834,18/12/2023,US,Organic,0
835,14/07/2023,FR,Social,1
836,04/06/2023,DE,Email,0
837,03/04/2023,ES,Organic,1
838,09/06/2023,UK,Referral,1
839,02/03/2023,UK,Organic,0
840,02/05/2023,UK,Referral,0
841,20/02/2023,UK,Social,1
842,04/10/2023,UK,Paid Ads,1
843,05/01/2023,UK,Paid Ads,1
844,02/04/2023,US,Organic,1
845,19/06/2023,FR,Paid Ads,0
846,13/11/2023,US,Paid Ads,0
847,22/01/2023,FR,Referral,0
848,22/11/2023,UK,Organic,0
849,01/01/2023,UK,Paid Ads,0
850,13/05/2023,US,Paid Ads,0
851,21/08/2023,UK,Organic,0
852,12/01/2023,UK,Organic,1
853,12/12/2023,US,Organic,0
854,15/02/2023,IT,Referral,0
855,03/02/2023,FR,Paid Ads,0
856,19/03/2023,UK,Email,0
857,06/08/2023,ES,Organic,1
858,28/10/2023,FR,Social,0
859,14/03/2023,DE,Referral,0
860,09/10/2023,ES,Organic,1
861,06/09/2023,US,Organic,1
862,16/02/2023,UK,Organic,1
863,01/05/2023,US,Social,0
864,02/08/2023,US,Organic,0
865,27/08/2023,US,Organic,0
866,25/02/2023,DE,Organic,1
867,16/12/2023,IT,Email,0
868,17/04/2023,IT,Organic,0
869,15/11/2023,IT,Organic,1
870,17/02/2023,ES,Paid Ads,1
871,02/03/2023,IT,Paid Ads,0
872,03/12/2023,UK,Paid Ads,1
873,26/01/2023,UK,Paid Ads,1
874,19/10/2023,US,Email,1
875,14/09/2023,ES,Email,1
876,08/01/2023,US,Email,0
877,23/04/2023,FR,Organic,0
878,21/12/2023,UK,Email,0
879,10/09/2023,UK,Organic,0
880,29/06/2023,FR,Organic,0
881,26/07/2023,UK,Social,0
882,30/10/2023,US,Email,1
883,07/05/2023,UK,Paid Ads,0
884,25/02/2023,UK,Email,1
885,02/08/2023,FR,Social,0
886,14/01/2023,US,Paid Ads,0
887,28/01/2023,DE,Paid Ads,1
888,19/03/2023,UK,Email,1
889,04/08/2023,ES,Organic,1
890,31/12/2023,US,Organic,1
891,03/06/2023,DE,Email,0
892,14/01/2023,FR,Organic,0
893,06/07/2023,UK,Organic,0
894,08/11/2023,IT,Organic,0
895,07/01/2023,DE,Organic,1
896,03/01/2023,US,Social,1
897,21/04/2023,UK,Referral,0
898,26/08/2023,IT,Paid Ads,0
899,29/12/2023,ES,Social,0
900,27/08/2023,UK,Social,1
901,01/10/2023,UK,Paid Ads,0
902,21/10/2023,ES,Social,0
903,15/08/2023,FR,Paid Ads,0
904,15/01/2023,ES,Organic,0
905,11/07/2023,US,Organic,0
906,29/04/2023,FR,Referral,1
907,28/01/2023,US,Paid Ads,0
908,21/07/2023,UK,Referral,1
909,08/02/2023,DE,Referral,0
910,30/09/2023,NL,Organic,0
911,19/08/2023,UK,Organic,0
912,27/03/2023,US,Paid Ads,1
913,06/05/2023,FR,Organic,1
914,27/10/2023,US,Paid Ads,0
915,25/01/2023,ES,Paid Ads,1
916,25/05/2023,ES,Paid Ads,1
917,13/01/2023,UK,Organic,1
918,31/07/2023,NL,Paid Ads,0
919,25/01/2023,ES,Email,1
920,09/03/2023,IT,Social,0
921,08/03/2023,FR,Email,1
922,21/08/2023,IT,Paid Ads,0
923,19/04/2023,UK,Organic,1
924,26/05/2023,UK,Referral,0
925,21/04/2023,IT,Social,0
926,16/08/2023,UK,Organic,1
927,21/04/2023,UK,Organic,0
928,03/02/2023,ES,Organic,0
929,21/04/2023,ES,Referral,1
930,21/09/2023,UK,Paid Ads,0
931,24/08/2023,IT,Organic,0
932,24/03/2023,FR,Email,1
933,11/02/2023,US,Paid Ads,1
934,11/04/2023,ES,Organic,0
935,06/01/2023,US,Organic,0
936,29/06/2023,UK,Organic,0
937,09/10/2023,UK,Paid Ads,0
938,16/11/2023,US,Organic,1
939,14/08/2023,US,Paid Ads,1
940,11/11/2023,ES,Email,0
941,31/12/2023,ES,Referral,0
942,17/08/2023,DE,Organic,1
943,16/10/2023,ES,Paid Ads,0
944,30/05/2023,UK,Email,0
945,04/10/2023,UK,Organic,0
946,17/07/2023,IT,Organic,1
947,11/03/2023,UK,Paid Ads,1
948,22/04/2023,UK,Paid Ads,0
949,04/01/2023,FR,Organic,0
950,16/12/2023,US,Referral,1
951,27/11/2023,IT,Paid Ads,0
952,14/11/2023,UK,Social,1
953,16/12/2023,UK,Organic,1
954,05/04/2023,UK,Email,1
955,01/06/2023,DE,Organic,1
956,07/11/2023,US,Paid Ads,0
957,17/05/2023,US,Paid Ads,0
958,04/09/2023,IT,Organic,1
959,31/08/2023,IT,Email,0
960,31/01/2023,UK,Organic,0
961,09/02/2023,US,Paid Ads,1
962,17/08/2023,US,Organic,0
963,05/02/2023,IT,Referral,0
964,11/08/2023,NL,Organic,0
965,06/01/2023,UK,Email,0
966,18/11/2023,FR,Email,1
967,08/08/2023,US,Email,1
968,16/03/2023,UK,Organic,0
969,04/01/2023,UK,Paid Ads,0
970,01/12/2023,US,Organic,1
971,14/05/2023,US,Email,1
972,28/04/2023,UK,Referral,0
973,04/04/2023,FR,Paid Ads,1
974,03/03/2023,UK,Referral,1
975,13/07/2023,DE,Organic,1
976,01/12/2023,UK,Paid Ads,1
977,22/07/2023,UK,Organic,1
978,26/01/2023,US,Social,0
979,22/06/2023,UK,Email,1
980,27/10/2023,US,Referral,0
981,13/05/2023,UK,Social,0
982,22/11/2023,US,Organic,0
983,28/04/2023,UK,Social,0
984,20/11/2023,FR,Organic,0
985,02/10/2023,ES,Referral,1
986,31/07/2023,UK,Referral,1
987,13/08/2023,US,Organic,1
988,20/01/2023,UK,Organic,1
989,23/04/2023,DE,Organic,0
990,20/05/2023,UK,Social,0
991,16/02/2023,US,Organic,1
992,01/01/2023,US,Paid Ads,0
993,31/03/2023,IT,Email,0
994,22/05/2023,US,Organic,1
995,16/11/2023,DE,Paid Ads,0
996,07/02/2023,US,Paid Ads,0
997,20/10/2023,IT,Organic,1
998,19/05/2023,ES,Email,0
999,22/12/2023,UK,Organic,0
1000,29/11/2023,ES,Organic,0
1001,16/09/2023,US,Paid Ads,0
1002,10/06/2023,ES,Paid Ads,0
1003,27/06/2023,ES,Social,1
1004,10/01/2023,UK,Email,0
1005,18/09/2023,FR,Paid Ads,0
1006,18/05/2023,UK,Organic,0
1007,21/06/2023,UK,Organic,0
1008,13/01/2023,UK,Organic,0
1009,17/06/2023,FR,Paid Ads,1
1010,10/05/2023,UK,Email,0
1011,25/03/2023,UK,Organic,0
1012,17/11/2023,FR,Organic,1
1013,15/11/2023,UK,Paid Ads,0
1014,11/04/2023,UK,Organic,0
1015,25/11/2023,UK,Referral,1
1016,30/09/2023,US,Paid Ads,0
1017,22/09/2023,US,Paid Ads,0
1018,07/02/2023,UK,Organic,0
1019,04/04/2023,NL,Social,1
1020,05/04/2023,FR,Organic,0
1021,01/11/2023,UK,Email,0
1022,10/03/2023,UK,Organic,0
1023,14/11/2023,US,Email,0
1024,24/08/2023,DE,Referral,0
1025,30/11/2023,UK,Organic,1
1026,17/05/2023,UK,Email,0
1027,17/03/2023,IT,Referral,1
1028,04/02/2023,UK,Organic,1
1029,01/01/2023,US,Organic,1
1030,23/10/2023,IT,Paid Ads,0
1031,16/11/2023,FR,Referral,1
1032,01/03/2023,UK,Referral,1
1033,16/11/2023,FR,Referral,1
1034,15/12/2023,UK,Referral,0
1035,24/11/2023,FR,Email,0
1036,24/09/2023,US,Paid Ads,1
1037,27/12/2023,ES,Organic,0
1038,17/08/2023,NL,Social,1
1039,27/09/2023,IT,Organic,1
1040,12/11/2023,IT,Organic,1
1041,13/10/2023,US,Referral,1
1042,18/10/2023,US,Paid Ads,0
1043,01/08/2023,US,Organic,1
1044,14/06/2023,FR,Organic,0
1045,05/01/2023,IT,Paid Ads,0
1046,05/12/2023,UK,Social,1
1047,19/03/2023,IT,Paid Ads,1
1048,03/03/2023,ES,Paid Ads,0
1049,12/05/2023,NL,Organic,1
1050,30/03/2023,IT,Organic,1
1051,25/08/2023,UK,Organic,1
1052,11/02/2023,UK,Organic,0
1053,30/03/2023,UK,Paid Ads,0
1054,23/10/2023,UK,Organic,1
1055,24/11/2023,DE,Organic,1
1056,22/10/2023,ES,Referral,1
1057,14/04/2023,IT,Email,1
1058,14/01/2023,DE,Social,0
1059,15/10/2023,UK,Paid Ads,0
1060,28/06/2023,UK,Organic,1
1061,05/05/2023,UK,Referral,1
1062,19/12/2023,US,Organic,1
1063,23/01/2023,US,Referral,1
1064,04/03/2023,UK,Email,0
1065,23/05/2023,UK,Referral,1
1066,02/06/2023,UK,Social,1
1067,25/05/2023,DE,Referral,1
1068,13/08/2023,US,Referral,0
1069,05/11/2023,US,Organic,0
1070,14/04/2023,US,Social,1
1071,14/04/2023,NL,Organic,1
1072,08/02/2023,UK,Social,1
1073,17/07/2023,US,Organic,0
1074,14/05/2023,FR,Organic,0
1075,08/03/2023,DE,Email,0
1076,28/06/2023,IT,Organic,0
1077,11/02/2023,US,Email,0
1078,15/01/2023,US,Organic,1
1079,21/04/2023,UK,Email,0
1080,06/06/2023,DE,Referral,0
1081,16/10/2023,UK,Referral,0
1082,19/08/2023,UK,Organic,1
1083,06/06/2023,US,Organic,1
1084,07/02/2023,US,Email,1
1085,07/04/2023,UK,Organic,1
1086,16/10/2023,FR,Organic,0
1087,11/09/2023,DE,Paid Ads,1
1088,15/07/2023,UK,Paid Ads,0
1089,27/03/2023,US,Organic,0
1090,18/11/2023,FR,Organic,1
1091,10/01/2023,US,Organic,1
1092,05/01/2023,US,Email,0
1093,03/05/2023,UK,Organic,0
1094,26/11/2023,DE,Social,1
1095,19/12/2023,IT,Organic,1
1096,28/04/2023,FR,Organic,0
1097,21/10/2023,UK,Paid Ads,0
1098,08/06/2023,US,Organic,0
1099,30/10/2023,IT,Paid Ads,0
1100,16/08/2023,UK,Email,0
1101,31/12/2023,NL,Organic,1
1102,04/08/2023,IT,Email,0
1103,03/07/2023,UK,Organic,0
1104,15/01/2023,IT,Organic,1
1105,06/06/2023,US,Organic,0
1106,16/05/2023,ES,Social,1
1107,18/09/2023,US,Organic,1
1108,06/06/2023,US,Email,0
1109,16/02/2023,DE,Paid Ads,1
1110,20/11/2023,ES,Organic,1
1111,28/11/2023,UK,Paid Ads,0
1112,22/06/2023,DE,Email,1
1113,10/05/2023,UK,Referral,0
1114,05/04/2023,UK,Paid Ads,1
1115,25/04/2023,UK,Email,1
1116,31/08/2023,US,Organic,1
1117,19/10/2023,UK,Social,0
1118,09/10/2023,UK,Email,0
1119,26/10/2023,UK,Referral,0
1120,10/10/2023,UK,Email,0
1121,10/03/2023,US,Paid Ads,1
1122,28/05/2023,NL,Referral,0
1123,11/01/2023,UK,Paid Ads,1
1124,11/09/2023,IT,Organic,1
1125,26/11/2023,FR,Paid Ads,0
1126,26/12/2023,DE,Organic,1
1127,07/02/2023,DE,Paid Ads,0
1128,14/05/2023,ES,Organic,1
1129,19/07/2023,UK,Organic,0
1130,23/01/2023,US,Organic,1
1131,30/10/2023,FR,Email,0
1132,12/12/2023,DE,Organic,1
1133,29/10/2023,ES,Referral,0
1134,29/12/2023,UK,Organic,0
1135,06/08/2023,FR,Paid Ads,0
1136,21/05/2023,US,Organic,0
1137,14/04/2023,US,Organic,0
1138,29/07/2023,UK,Paid Ads,0
1139,21/04/2023,DE,Paid Ads,0
1140,14/04/2023,IT,Organic,1
1141,12/11/2023,US,Paid Ads,0
1142,20/06/2023,ES,Email,0
1143,22/12/2023,US,Organic,0
1144,20/11/2023,UK,Organic,1
1145,13/05/2023,UK,Referral,0
1146,20/10/2023,UK,Organic,1
1147,24/11/2023,US,Social,0
1148,07/05/2023,UK,Paid Ads,1
1149,16/04/2023,FR,Paid Ads,0
1150,02/04/2023,FR,Paid Ads,0
1151,14/10/2023,UK,Paid Ads,1
1152,20/02/2023,UK,Organic,0
1153,29/01/2023,UK,Social,1
1154,23/10/2023,US,Paid Ads,0
1155,24/10/2023,UK,Organic,0
1156,02/08/2023,UK,Paid Ads,1
1157,24/09/2023,IT,Organic,0
1158,14/09/2023,ES,Organic,0
1159,29/10/2023,UK,Paid Ads,1
1160,11/04/2023,US,Paid Ads,0
1161,12/12/2023,US,Paid Ads,0
1162,20/04/2023,ES,Organic,1
1163,01/07/2023,US,Paid Ads,1
1164,09/11/2023,UK,Organic,0
1165,01/01/2023,FR,Paid Ads,1
1166,15/11/2023,US,Paid Ads,1
1167,24/02/2023,UK,Referral,1
1168,29/05/2023,US,Email,0
1169,05/11/2023,US,Email,0
1170,17/05/2023,UK,Social,1
1171,21/07/2023,UK,Social,0
1172,09/11/2023,US,Email,0
1173,27/04/2023,UK,Social,0
1174,03/06/2023,ES,Email,0
1175,18/10/2023,UK,Referral,0
1176,04/03/2023,UK,Organic,1
1177,01/09/2023,FR,Organic,1
1178,25/01/2023,ES,Email,1
1179,31/03/2023,ES,Paid Ads,0
1180,16/03/2023,US,Email,0
1181,21/10/2023,UK,Organic,1
1182,29/07/2023,FR,Organic,0
1183,13/12/2023,FR,Referral,0
1184,17/01/2023,UK,Social,1
1185,08/05/2023,IT,Organic,0
1186,30/12/2023,UK,Email,1
1187,08/09/2023,NL,Email,0
1188,28/06/2023,IT,Organic,0
1189,01/07/2023,FR,Organic,0
1190,01/06/2023,IT,Organic,1
1191,25/01/2023,FR,Organic,0
1192,29/06/2023,UK,Paid Ads,1
1193,17/07/2023,US,Organic,1
1194,10/12/2023,UK,Organic,1
1195,10/06/2023,US,Email,1
1196,26/06/2023,FR,Paid Ads,0
1197,12/10/2023,US,Paid Ads,1
1198,04/03/2023,UK,Organic,0
1199,30/05/2023,DE,Email,1
1200,03/06/2023,IT,Email,1
1201,05/06/2023,UK,Paid Ads,0
1202,18/02/2023,US,Social,1
1203,03/12/2023,UK,Email,1
1204,25/03/2023,FR,Referral,1
1205,27/12/2023,UK,Referral,0
1206,26/06/2023,FR,Organic,0
1207,28/05/2023,UK,Organic,1
1208,28/04/2023,UK,Organic,0
1209,08/12/2023,IT,Organic,0
1210,04/03/2023,UK,Organic,0
1211,08/07/2023,US,Email,1
1212,26/12/2023,UK,Organic,0
1213,18/02/2023,US,Social,1
1214,23/11/2023,US,Paid Ads,1
1215,14/09/2023,UK,Organic,1
1216,12/08/2023,UK,Paid Ads,0
1217,21/05/2023,US,Organic,0
1218,03/08/2023,FR,Social,0
1219,30/07/2023,ES,Email,0
1220,14/11/2023,US,Organic,0
1221,01/02/2023,DE,Social,0
1222,07/06/2023,UK,Referral,1
1223,12/10/2023,UK,Organic,1
1224,01/11/2023,UK,Referral,1
1225,13/10/2023,UK,Paid Ads,1
1226,24/05/2023,UK,Organic,0
1227,19/01/2023,US,Email,0
1228,18/01/2023,DE,Organic,0
1229,14/09/2023,IT,Paid Ads,1
1230,19/03/2023,UK,Organic,0
1231,24/06/2023,DE,Social,1
1232,13/07/2023,ES,Email,0
1233,23/04/2023,DE,Organic,1
1234,24/04/2023,UK,Organic,0
1235,10/08/2023,UK,Organic,0
1236,15/06/2023,UK,Email,0
1237,15/11/2023,UK,Organic,1
1238,12/05/2023,FR,Email,1
1239,21/09/2023,UK,Social,1
1240,24/02/2023,UK,Referral,1
1241,25/12/2023,FR,Organic,0
1242,11/05/2023,ES,Organic,0
1243,15/10/2023,US,Paid Ads,1
1244,23/09/2023,FR,Paid Ads,0
1245,11/06/2023,US,Referral,0
1246,28/03/2023,UK,Paid Ads,1
1247,24/02/2023,US,Organic,0
1248,15/10/2023,DE,Email,0
1249,27/06/2023,IT,Organic,0
1250,15/12/2023,UK,Paid Ads,0
1251,08/01/2023,US,Email,1
1252,17/11/2023,UK,Organic,1
1253,09/11/2023,US,Referral,0
1254,04/09/2023,UK,Email,1
1255,19/11/2023,UK,Referral,1
1256,12/09/2023,ES,Organic,0
1257,24/11/2023,DE,Organic,0
1258,23/02/2023,US,Organic,0
1259,06/09/2023,UK,Organic,1
1260,27/08/2023,UK,Social,1
1261,17/08/2023,US,Referral,0
1262,08/03/2023,ES,Organic,0
1263,20/02/2023,NL,Social,0
1264,07/04/2023,US,Referral,0
1265,02/04/2023,US,Organic,0
1266,21/09/2023,ES,Organic,0
1267,18/10/2023,US,Organic,1
1268,06/04/2023,DE,Social,0
1269,29/03/2023,UK,Paid Ads,0
1270,19/03/2023,FR,Email,1
1271,15/10/2023,US,Organic,0
1272,30/04/2023,ES,Email,1
1273,29/10/2023,ES,Organic,0
1274,14/06/2023,UK,Social,1
1275,01/07/2023,FR,Social,0
1276,11/08/2023,ES,Organic,0
1277,07/11/2023,UK,Email,1
1278,07/01/2023,UK,Email,0
1279,26/11/2023,UK,Social,1
1280,20/09/2023,US,Organic,0
1281,10/06/2023,US,Paid Ads,0
1282,31/05/2023,DE,Email,0
1283,26/03/2023,UK,Email,0
1284,27/05/2023,IT,Organic,0
1285,22/04/2023,UK,Email,1
1286,05/02/2023,UK,Organic,1
1287,12/10/2023,US,Email,0
1288,07/07/2023,US,Organic,0
1289,23/03/2023,UK,Organic,0
1290,02/01/2023,UK,Paid Ads,1
1291,30/10/2023,UK,Paid Ads,1
1292,16/07/2023,FR,Paid Ads,0
1293,11/01/2023,ES,Paid Ads,1
1294,22/08/2023,US,Organic,0
1295,14/07/2023,FR,Organic,0
1296,29/04/2023,FR,Email,0
1297,20/01/2023,UK,Organic,1
1298,18/09/2023,NL,Paid Ads,0
1299,20/10/2023,ES,Paid Ads,1
1300,13/09/2023,UK,Social,1
1301,10/08/2023,UK,Referral,0
1302,14/08/2023,UK,Organic,1
1303,22/02/2023,UK,Email,1
1304,21/12/2023,FR,Social,1
1305,08/12/2023,US,Paid Ads,0
1306,30/12/2023,ES,Social,0
1307,07/10/2023,FR,Paid Ads,0
1308,22/03/2023,DE,Paid Ads,0
1309,21/07/2023,FR,Organic,1
1310,07/06/2023,UK,Referral,1
1311,30/04/2023,UK,Organic,1
1312,28/02/2023,DE,Organic,0
1313,03/08/2023,UK,Organic,1
1314,08/05/2023,UK,Organic,0
1315,12/08/2023,IT,Organic,1
1316,28/07/2023,FR,Paid Ads,0
1317,25/04/2023,UK,Organic,0
1318,28/07/2023,FR,Social,1
1319,14/01/2023,ES,Organic,0
1320,09/01/2023,UK,Paid Ads,1
1321,09/02/2023,UK,Organic,1
1322,25/08/2023,IT,Organic,1
1323,08/10/2023,UK,Organic,0
1324,25/12/2023,UK,Paid Ads,1
1325,20/07/2023,US,Email,1
1326,03/09/2023,ES,Organic,0
1327,05/10/2023,UK,Organic,1
1328,23/08/2023,UK,Organic,1
1329,04/01/2023,UK,Email,0
1330,03/06/2023,NL,Email,1
1331,29/01/2023,UK,Organic,1
1332,19/04/2023,DE,Organic,0
1333,08/04/2023,IT,Social,1
1334,03/08/2023,UK,Organic,1
1335,20/10/2023,NL,Paid Ads,1
1336,16/03/2023,IT,Organic,0
1337,22/11/2023,IT,Paid Ads,1
1338,26/05/2023,UK,Social,1
1339,08/05/2023,DE,Social,1
1340,07/12/2023,ES,Email,1
1341,11/02/2023,NL,Paid Ads,0
1342,22/12/2023,UK,Paid Ads,1
1343,10/02/2023,ES,Organic,0
1344,03/02/2023,UK,Social,0
1345,17/01/2023,UK,Referral,1
1346,14/06/2023,US,Paid Ads,1
1347,02/06/2023,ES,Organic,1
1348,17/03/2023,US,Paid Ads,1
1349,28/03/2023,US,Social,0
1350,27/04/2023,NL,Paid Ads,0
1351,28/12/2023,US,Organic,1
1352,08/12/2023,DE,Organic,0
1353,27/01/2023,US,Organic,0
1354,09/11/2023,US,Social,1
1355,14/10/2023,FR,Social,0
1356,14/05/2023,IT,Social,0
1357,07/08/2023,US,Referral,1
1358,17/06/2023,ES,Paid Ads,0
1359,08/04/2023,UK,Paid Ads,0
1360,25/09/2023,UK,Paid Ads,1
1361,25/08/2023,US,Referral,0
1362,05/11/2023,UK,Paid Ads,1
1363,22/06/2023,UK,Referral,1
1364,09/07/2023,US,Organic,0
1365,02/05/2023,UK,Organic,1
1366,15/02/2023,UK,Email,0
1367,05/03/2023,US,Social,1
1368,10/05/2023,DE,Paid Ads,0
1369,06/11/2023,IT,Organic,0
1370,29/12/2023,DE,Social,0
1371,12/07/2023,US,Referral,1
1372,03/11/2023,IT,Paid Ads,1
1373,30/06/2023,ES,Paid Ads,1
1374,19/10/2023,UK,Paid Ads,0
1375,09/10/2023,UK,Paid Ads,1
1376,29/01/2023,FR,Email,0
1377,29/05/2023,DE,Organic,1
1378,24/09/2023,ES,Organic,0
1379,23/10/2023,FR,Organic,0
1380,11/01/2023,DE,Organic,1
1381,13/06/2023,NL,Organic,0
1382,23/04/2023,US,Organic,1
1383,06/07/2023,UK,Organic,0
1384,22/10/2023,ES,Organic,0
1385,20/08/2023,UK,Organic,0
1386,15/08/2023,ES,Organic,0
1387,06/11/2023,NL,Paid Ads,0
1388,08/04/2023,FR,Paid Ads,0
1389,24/02/2023,DE,Organic,1
1390,21/04/2023,US,Paid Ads,0
1391,01/06/2023,US,Social,1
1392,03/09/2023,US,Social,0
1393,10/03/2023,DE,Organic,0
1394,08/11/2023,ES,Email,0
1395,16/10/2023,FR,Organic,0
1396,07/09/2023,UK,Organic,0
1397,05/02/2023,US,Organic,1
1398,27/08/2023,ES,Organic,1
1399,28/05/2023,US,Paid Ads,0
1400,15/08/2023,US,Referral,1
1401,01/09/2023,ES,Referral,0
1402,03/12/2023,FR,Organic,1
1403,31/12/2023,US,Organic,1
1404,20/07/2023,IT,Organic,0
1405,03/06/2023,UK,Organic,0
1406,14/03/2023,NL,Social,1
1407,20/07/2023,UK,Email,1
1408,23/10/2023,UK,Social,1
1409,17/01/2023,IT,Referral,1
1410,09/05/2023,UK,Paid Ads,1
1411,05/08/2023,FR,Organic,0
1412,02/03/2023,ES,Paid Ads,0
1413,14/04/2023,IT,Paid Ads,1
1414,11/02/2023,NL,Email,1
1415,25/01/2023,UK,Paid Ads,0
1416,08/02/2023,FR,Organic,0
1417,18/10/2023,UK,Email,1
1418,11/05/2023,US,Email,1
1419,17/08/2023,ES,Paid Ads,1
1420,18/04/2023,US,Referral,1
1421,21/06/2023,DE,Organic,0
1422,12/04/2023,US,Paid Ads,0
1423,20/12/2023,DE,Organic,0
1424,12/01/2023,NL,Organic,0
1425,02/10/2023,UK,Paid Ads,1
1426,11/04/2023,DE,Organic,0
1427,13/02/2023,IT,Referral,1
1428,01/11/2023,US,Email,1
1429,17/01/2023,UK,Organic,0
1430,26/11/2023,DE,Referral,1
1431,26/02/2023,UK,Paid Ads,1
1432,07/11/2023,UK,Organic,0
1433,30/10/2023,ES,Referral,1
1434,12/01/2023,US,Paid Ads,0
1435,14/11/2023,IT,Paid Ads,1
1436,21/03/2023,ES,Social,0
1437,04/08/2023,FR,Paid Ads,1
1438,05/12/2023,UK,Social,0
1439,21/09/2023,US,Paid Ads,1
1440,29/05/2023,UK,Organic,0
1441,22/03/2023,IT,Paid Ads,0
1442,03/08/2023,UK,Organic,1
1443,17/07/2023,UK,Paid Ads,1
1444,19/07/2023,US,Referral,1
1445,25/01/2023,UK,Paid Ads,0
1446,30/03/2023,UK,Organic,0
1447,25/09/2023,DE,Paid Ads,1
1448,23/05/2023,UK,Organic,0
1449,28/02/2023,UK,Referral,0
1450,31/12/2023,US,Email,1
1451,26/01/2023,FR,Social,1
1452,16/02/2023,DE,Organic,0
1453,15/10/2023,US,Paid Ads,0
1454,23/09/2023,DE,Paid Ads,1
1455,16/01/2023,US,Social,1
1456,18/07/2023,IT,Paid Ads,1
1457,09/10/2023,UK,Organic,0
1458,27/03/2023,FR,Paid Ads,0
1459,07/09/2023,IT,Referral,1
1460,27/09/2023,ES,Referral,1
1461,01/12/2023,UK,Email,1
1462,27/04/2023,UK,Organic,0
1463,07/01/2023,FR,Social,1
1464,17/05/2023,UK,Organic,0
1465,25/06/2023,ES,Social,0
1466,24/11/2023,FR,Email,0
1467,11/11/2023,FR,Referral,0
1468,03/08/2023,UK,Referral,1
1469,23/03/2023,FR,Organic,0
1470,11/08/2023,FR,Organic,0
1471,13/04/2023,ES,Organic,0
1472,30/09/2023,UK,Organic,1
1473,14/01/2023,UK,Paid Ads,1
1474,08/06/2023,US,Organic,0
1475,01/06/2023,UK,Email,0
1476,18/04/2023,DE,Paid Ads,0
1477,07/07/2023,IT,Referral,0
1478,28/10/2023,US,Referral,0
1479,08/04/2023,ES,Organic,1
1480,11/05/2023,UK,Organic,0
1481,20/10/2023,UK,Organic,0
1482,20/06/2023,UK,Email,0
1483,02/07/2023,UK,Paid Ads,0
1484,30/12/2023,IT,Organic,1
1485,08/02/2023,UK,Email,1
1486,15/01/2023,DE,Organic,0
1487,04/01/2023,US,Referral,1
1488,15/12/2023,IT,Paid Ads,0
1489,29/07/2023,UK,Referral,0
1490,10/06/2023,UK,Social,1
1491,16/01/2023,UK,Email,0
1492,18/04/2023,US,Paid Ads,1
1493,07/11/2023,UK,Organic,0
1494,15/08/2023,IT,Email,1
1495,19/06/2023,DE,Paid Ads,0
1496,03/02/2023,DE,Organic,0
1497,08/09/2023,US,Referral,0
1498,04/09/2023,UK,Organic,0
1499,26/09/2023,US,Organic,0
1500,21/05/2023,NL,Social,0
1501,01/10/2023,ES,Paid Ads,0
1502,06/04/2023,IT,Organic,1
1503,15/08/2023,ES,Referral,0
1504,08/02/2023,UK,Email,1
1505,29/10/2023,UK,Organic,0
1506,29/01/2023,UK,Referral,1
1507,14/11/2023,UK,Email,1
1508,02/09/2023,UK,Organic,1
1509,24/08/2023,US,Paid Ads,1
1510,04/07/2023,FR,Organic,0
1511,29/09/2023,IT,Referral,1
1512,24/08/2023,FR,Email,0
1513,27/08/2023,IT,Organic,1
1514,23/09/2023,UK,Email,0
1515,25/12/2023,UK,Email,0
1516,06/12/2023,FR,Organic,1
1517,06/03/2023,UK,Referral,1
1518,26/06/2023,UK,Organic,1
1519,03/01/2023,UK,Social,1
1520,22/05/2023,UK,Paid Ads,1
1521,07/06/2023,US,Paid Ads,1
1522,20/11/2023,US,Referral,1
1523,26/05/2023,US,Paid Ads,0
1524,20/10/2023,FR,Email,1
1525,02/06/2023,US,Paid Ads,0
1526,12/07/2023,UK,Social,0
1527,14/03/2023,UK,Paid Ads,1
1528,01/11/2023,UK,Organic,0
1529,10/12/2023,FR,Social,1
1530,20/05/2023,ES,Referral,1
1531,06/07/2023,FR,Referral,0
1532,20/10/2023,UK,Social,1
1533,02/03/2023,DE,Organic,1
1534,17/07/2023,DE,Paid Ads,1
1535,22/10/2023,US,Organic,0
1536,15/11/2023,US,Paid Ads,0
1537,29/10/2023,US,Email,0
1538,10/12/2023,DE,Social,0
1539,11/01/2023,FR,Paid Ads,1
1540,03/03/2023,UK,Email,1
1541,29/11/2023,FR,Social,1
1542,14/08/2023,UK,Referral,0
1543,02/06/2023,UK,Organic,0
1544,18/07/2023,NL,Paid Ads,1
1545,21/02/2023,NL,Social,1
1546,17/09/2023,UK,Social,1
1547,28/02/2023,US,Paid Ads,0
1548,13/03/2023,UK,Email,0
1549,28/05/2023,US,Organic,1
1550,15/12/2023,ES,Organic,1
1551,04/03/2023,NL,Social,1
1552,06/11/2023,DE,Organic,0
1553,31/08/2023,US,Organic,0
1554,26/11/2023,DE,Paid Ads,1
1555,17/04/2023,UK,Paid Ads,1
1556,14/08/2023,IT,Paid Ads,1
1557,09/11/2023,IT,Organic,0
1558,06/08/2023,DE,Social,0
1559,29/08/2023,UK,Social,0
1560,16/09/2023,UK,Organic,0
1561,19/09/2023,UK,Paid Ads,1
1562,05/01/2023,ES,Referral,0
1563,18/09/2023,US,Referral,1
1564,23/02/2023,UK,Organic,1
1565,16/02/2023,US,Paid Ads,0
1566,03/08/2023,ES,Organic,0
1567,26/06/2023,UK,Organic,0
1568,09/01/2023,IT,Paid Ads,0
1569,09/04/2023,IT,Referral,0
1570,20/01/2023,IT,Referral,1
1571,29/08/2023,US,Email,0
1572,02/03/2023,UK,Organic,0
1573,27/06/2023,US,Email,0
1574,04/12/2023,UK,Organic,0
1575,03/03/2023,UK,Paid Ads,0
1576,25/05/2023,DE,Email,0
1577,04/08/2023,US,Paid Ads,1
1578,03/01/2023,IT,Paid Ads,0
1579,09/06/2023,UK,Paid Ads,0
1580,15/08/2023,DE,Social,1
1581,26/09/2023,ES,Paid Ads,0
1582,30/04/2023,ES,Email,1
1583,30/03/2023,IT,Social,1
1584,25/11/2023,FR,Referral,0
1585,09/03/2023,IT,Paid Ads,0
1586,23/12/2023,UK,Organic,1
1587,08/04/2023,US,Organic,0
1588,24/09/2023,UK,Paid Ads,0
1589,15/04/2023,UK,Email,0
1590,19/11/2023,UK,Paid Ads,0
1591,03/05/2023,UK,Social,0
1592,29/01/2023,UK,Organic,0
1593,17/05/2023,UK,Referral,0
1594,14/07/2023,UK,Paid Ads,1
1595,14/08/2023,IT,Paid Ads,1
1596,28/11/2023,UK,Email,1
1597,19/06/2023,FR,Organic,0
1598,09/01/2023,UK,Organic,1
1599,09/02/2023,IT,Paid Ads,1
1600,25/01/2023,IT,Paid Ads,0
1601,18/09/2023,FR,Email,0
1602,14/08/2023,FR,Social,0
1603,04/05/2023,UK,Organic,1
1604,07/02/2023,NL,Paid Ads,1
1605,24/11/2023,IT,Referral,1
1606,08/09/2023,IT,Social,1
1607,25/06/2023,FR,Social,1
1608,31/03/2023,UK,Referral,1
1609,06/02/2023,IT,Paid Ads,1
1610,12/11/2023,UK,Organic,0
1611,25/06/2023,DE,Organic,1
1612,11/10/2023,UK,Paid Ads,1
1613,22/03/2023,IT,Referral,0
1614,24/04/2023,UK,Paid Ads,0
1615,09/02/2023,UK,Referral,0
1616,28/10/2023,DE,Paid Ads,0
1617,12/08/2023,ES,Referral,0
1618,14/11/2023,DE,Organic,0
1619,15/12/2023,UK,Organic,0
1620,25/04/2023,UK,Organic,1
1621,05/07/2023,ES,Email,1
1622,19/11/2023,NL,Organic,0
1623,25/02/2023,ES,Email,0
1624,09/02/2023,US,Organic,0
1625,20/12/2023,IT,Paid Ads,0
1626,09/02/2023,US,Social,0
1627,13/12/2023,US,Paid Ads,0
1628,25/08/2023,US,Organic,0
1629,16/10/2023,US,Organic,1
1630,19/09/2023,ES,Social,1
1631,04/08/2023,US,Paid Ads,0
1632,27/05/2023,UK,Paid Ads,0
1633,02/12/2023,UK,Paid Ads,1
1634,17/06/2023,UK,Organic,0
1635,02/04/2023,DE,Organic,0
1636,19/12/2023,UK,Referral,1
1637,28/02/2023,UK,Referral,0
1638,28/02/2023,FR,Organic,0
1639,31/10/2023,FR,Email,0
1640,18/06/2023,ES,Email,0
1641,26/09/2023,US,Social,1
1642,29/12/2023,IT,Organic,0
1643,14/02/2023,IT,Organic,0
1644,11/12/2023,ES,Email,0
1645,30/06/2023,DE,Organic,1
1646,19/06/2023,UK,Organic,0
1647,22/12/2023,NL,Email,0
1648,10/07/2023,UK,Organic,1
1649,04/06/2023,UK,Paid Ads,1
1650,07/07/2023,US,Paid Ads,1
1651,07/01/2023,UK,Email,0
1652,13/05/2023,NL,Organic,0
1653,23/08/2023,DE,Email,0
1654,14/02/2023,DE,Paid Ads,1
1655,10/11/2023,FR,Paid Ads,0
1656,06/09/2023,US,Organic,0
1657,31/01/2023,UK,Organic,1
1658,23/01/2023,DE,Paid Ads,0
1659,09/06/2023,FR,Paid Ads,0
1660,29/12/2023,US,Social,1
1661,07/06/2023,ES,Paid Ads,1
1662,08/02/2023,UK,Paid Ads,0
1663,23/03/2023,UK,Paid Ads,1
1664,22/12/2023,UK,Email,1
1665,15/09/2023,US,Paid Ads,0
1666,25/07/2023,ES,Organic,0
1667,18/03/2023,ES,Email,0
1668,12/01/2023,US,Paid Ads,1
1669,22/10/2023,DE,Paid Ads,0
1670,12/08/2023,FR,Paid Ads,0
1671,13/01/2023,UK,Referral,0
1672,15/02/2023,UK,Organic,1
1673,04/06/2023,NL,Organic,0
1674,23/04/2023,DE,Email,0
1675,21/08/2023,NL,Organic,0
1676,17/01/2023,UK,Referral,0
1677,26/12/2023,FR,Organic,1
1678,11/08/2023,UK,Organic,0
1679,20/12/2023,UK,Organic,0
1680,07/07/2023,US,Paid Ads,0
1681,10/12/2023,UK,Referral,1
1682,31/12/2023,UK,Organic,0
1683,12/06/2023,UK,Organic,0
1684,22/11/2023,UK,Social,0
1685,15/03/2023,FR,Paid Ads,0
1686,21/08/2023,US,Email,1
1687,12/08/2023,UK,Social,0
1688,15/11/2023,UK,Social,0
1689,01/03/2023,UK,Email,0
1690,01/12/2023,DE,Organic,1
1691,10/08/2023,UK,Social,1
1692,06/02/2023,ES,Email,0
1693,05/10/2023,UK,Email,1
1694,15/07/2023,UK,Organic,0
1695,18/12/2023,IT,Social,1
1696,30/08/2023,FR,Email,0
1697,20/11/2023,UK,Email,0
1698,07/08/2023,ES,Organic,1
1699,11/07/2023,US,Organic,0
1700,17/01/2023,ES,Social,1
1701,12/01/2023,DE,Paid Ads,1
1702,12/07/2023,FR,Organic,1
1703,22/01/2023,NL,Email,0
1704,30/04/2023,UK,Organic,1
1705,29/07/2023,DE,Paid Ads,1
1706,02/11/2023,US,Organic,0
1707,27/09/2023,UK,Organic,1
1708,11/07/2023,UK,Organic,1
1709,24/06/2023,UK,Organic,1
1710,12/10/2023,DE,Organic,1
1711,23/07/2023,DE,Paid Ads,1
1712,13/06/2023,DE,Social,1
1713,08/09/2023,UK,Paid Ads,1
1714,15/08/2023,US,Organic,1
1715,07/01/2023,IT,Organic,1
1716,29/01/2023,US,Email,0
1717,02/02/2023,DE,Social,0
1718,14/05/2023,ES,Organic,1
1719,20/03/2023,ES,Organic,0
1720,27/02/2023,US,Paid Ads,0
1721,26/01/2023,IT,Email,0
1722,14/08/2023,US,Paid Ads,1
1723,12/10/2023,IT,Paid Ads,0
1724,04/01/2023,UK,Referral,1
1725,09/04/2023,UK,Social,0
1726,08/02/2023,UK,Organic,1
1727,28/09/2023,ES,Social,1
1728,12/10/2023,US,Organic,0
1729,06/06/2023,UK,Referral,0
1730,16/03/2023,UK,Paid Ads,0
1731,15/10/2023,IT,Paid Ads,1
1732,10/05/2023,ES,Referral,1
1733,24/06/2023,DE,Organic,0
1734,25/03/2023,DE,Organic,0
1735,22/01/2023,US,Paid Ads,0
1736,27/01/2023,US,Paid Ads,0
1737,14/07/2023,IT,Organic,1
1738,03/12/2023,UK,Social,1
1739,24/08/2023,US,Organic,1
1740,02/04/2023,UK,Paid Ads,0
1741,21/01/2023,US,Organic,0
1742,30/10/2023,US,Paid Ads,0
1743,23/12/2023,US,Organic,1
1744,25/03/2023,UK,Paid Ads,1
1745,19/09/2023,US,Organic,1
1746,27/05/2023,UK,Organic,0
1747,14/09/2023,UK,Email,1
1748,27/02/2023,UK,Paid Ads,0
1749,15/01/2023,ES,Organic,0
1750,11/06/2023,US,Organic,1
1751,12/06/2023,DE,Email,1
1752,16/11/2023,FR,Organic,0
1753,08/10/2023,FR,Social,1
1754,07/10/2023,US,Paid Ads,0
1755,12/01/2023,US,Organic,0
1756,01/10/2023,US,Referral,1
1757,28/09/2023,DE,Email,0
1758,27/07/2023,US,Organic,0
1759,27/01/2023,ES,Paid Ads,0
1760,13/03/2023,IT,Paid Ads,0
1761,01/03/2023,UK,Social,1
1762,25/05/2023,UK,Referral,0
1763,03/04/2023,DE,Organic,0
1764,05/11/2023,UK,Organic,0
1765,08/01/2023,UK,Organic,1
1766,20/03/2023,IT,Organic,1
1767,27/01/2023,UK,Organic,1
1768,23/06/2023,IT,Referral,0
1769,19/02/2023,FR,Organic,1
1770,18/07/2023,ES,Organic,0
1771,15/12/2023,UK,Paid Ads,1
1772,30/06/2023,UK,Organic,1
1773,24/01/2023,US,Organic,1
1774,12/11/2023,UK,Organic,0
1775,15/02/2023,UK,Organic,0
1776,15/01/2023,UK,Email,1
1777,02/06/2023,UK,Referral,0
1778,10/08/2023,UK,Organic,1
1779,25/07/2023,ES,Organic,0
1780,30/09/2023,UK,Organic,0
1781,24/08/2023,UK,Paid Ads,1
1782,06/12/2023,DE,Paid Ads,1
1783,16/08/2023,NL,Paid Ads,1
1784,09/01/2023,UK,Organic,1
1785,15/06/2023,UK,Organic,0
1786,15/11/2023,DE,Referral,0
1787,02/08/2023,IT,Email,0
1788,27/04/2023,ES,Social,0
1789,10/12/2023,DE,Organic,1
1790,13/03/2023,UK,Referral,1
1791,05/03/2023,US,Referral,0
1792,24/07/2023,UK,Social,0
1793,28/07/2023,FR,Organic,0
1794,13/03/2023,FR,Referral,0
1795,04/10/2023,NL,Organic,1
1796,01/10/2023,UK,Paid Ads,1
1797,16/11/2023,UK,Organic,0
1798,04/12/2023,US,Email,0
1799,05/04/2023,FR,Email,0
1800,15/06/2023,ES,Organic,1
1801,01/02/2023,UK,Paid Ads,1
1802,11/01/2023,UK,Organic,1
1803,28/10/2023,US,Paid Ads,0
1804,05/08/2023,UK,Organic,0
1805,16/10/2023,IT,Organic,1
1806,12/04/2023,US,Email,0
1807,24/09/2023,ES,Organic,0
1808,02/08/2023,DE,Paid Ads,1
1809,28/06/2023,ES,Email,1
1810,29/03/2023,UK,Social,1
1811,10/02/2023,ES,Email,1
1812,17/03/2023,UK,Organic,0
1813,15/02/2023,US,Email,1
1814,09/06/2023,UK,Organic,1
1815,21/03/2023,US,Social,1
1816,06/11/2023,UK,Referral,1
1817,27/03/2023,UK,Email,0
1818,02/04/2023,NL,Organic,1
1819,28/05/2023,UK,Paid Ads,0
1820,10/06/2023,ES,Email,1
1821,21/07/2023,NL,Email,0
1822,30/08/2023,UK,Organic,0
1823,19/12/2023,FR,Social,1
1824,02/01/2023,UK,Organic,0
1825,13/08/2023,UK,Paid Ads,1
1826,16/10/2023,US,Referral,1
1827,21/08/2023,IT,Organic,1
1828,18/03/2023,UK,Organic,1
1829,26/04/2023,DE,Email,1
1830,03/06/2023,US,Organic,1
1831,13/04/2023,IT,Organic,1
1832,13/07/2023,UK,Email,0
1833,15/06/2023,FR,Email,1
1834,25/12/2023,FR,Paid Ads,1
1835,31/03/2023,FR,Organic,0
1836,23/06/2023,IT,Organic,1
1837,02/05/2023,ES,Referral,1
1838,23/05/2023,UK,Paid Ads,1
1839,16/04/2023,US,Referral,0
1840,01/11/2023,US,Email,1
1841,26/12/2023,UK,Paid Ads,0
1842,13/11/2023,US,Organic,1
1843,03/05/2023,US,Social,1
1844,09/01/2023,US,Paid Ads,1
1845,19/09/2023,NL,Paid Ads,0
1846,14/03/2023,UK,Social,0
1847,25/12/2023,IT,Social,1
1848,11/08/2023,US,Paid Ads,1
1849,10/02/2023,DE,Organic,0
1850,23/07/2023,ES,Social,1
1851,21/09/2023,US,Referral,0
1852,24/11/2023,US,Paid Ads,0
1853,27/06/2023,US,Paid Ads,1
1854,14/12/2023,US,Paid Ads,1
1855,14/11/2023,IT,Email,0
1856,25/03/2023,ES,Paid Ads,0
1857,14/11/2023,UK,Email,0
1858,21/04/2023,UK,Email,1
1859,08/09/2023,US,Email,0
1860,07/01/2023,UK,Referral,1
1861,25/03/2023,DE,Email,1
1862,27/07/2023,UK,Organic,0
1863,10/11/2023,US,Organic,0
1864,22/01/2023,UK,Email,1
1865,03/01/2023,UK,Paid Ads,0
1866,07/05/2023,FR,Organic,0
1867,24/10/2023,US,Organic,1
1868,07/07/2023,NL,Organic,0
1869,28/12/2023,IT,Email,0
1870,14/01/2023,US,Referral,0
1871,12/01/2023,UK,Organic,0
1872,28/03/2023,ES,Email,0
1873,12/01/2023,IT,Organic,0
1874,25/01/2023,ES,Email,1
1875,28/10/2023,UK,Paid Ads,1
1876,31/08/2023,NL,Referral,0
1877,02/05/2023,UK,Organic,0
1878,27/05/2023,FR,Organic,1
1879,24/02/2023,IT,Email,1
1880,26/08/2023,UK,Organic,0
1881,22/12/2023,IT,Social,1
1882,22/06/2023,UK,Paid Ads,1
1883,09/08/2023,NL,Paid Ads,1
1884,29/04/2023,UK,Paid Ads,0
1885,05/11/2023,NL,Organic,1
1886,02/07/2023,UK,Paid Ads,0
1887,15/10/2023,FR,Social,0
1888,03/11/2023,US,Organic,0
1889,27/10/2023,US,Referral,1
1890,23/03/2023,UK,Paid Ads,1
1891,30/07/2023,FR,Referral,1
1892,30/05/2023,UK,Organic,0
1893,06/02/2023,DE,Paid Ads,0
1894,18/12/2023,UK,Social,1
1895,08/11/2023,NL,Organic,0
1896,27/12/2023,UK,Paid Ads,0
1897,28/02/2023,UK,Paid Ads,1
1898,11/05/2023,UK,Paid Ads,1
1899,21/07/2023,US,Paid Ads,0
1900,31/08/2023,UK,Paid Ads,0
1901,04/02/2023,US,Organic,0
1902,03/04/2023,IT,Social,1
1903,26/07/2023,FR,Email,0
1904,19/12/2023,DE,Organic,1
1905,28/11/2023,UK,Paid Ads,1
1906,01/11/2023,FR,Email,0
1907,16/12/2023,UK,Social,1
1908,01/08/2023,ES,Social,0
1909,08/06/2023,UK,Email,1
1910,24/01/2023,US,Organic,0
1911,20/10/2023,US,Social,0
1912,04/01/2023,IT,Email,0
1913,08/08/2023,UK,Organic,1
1914,30/12/2023,DE,Organic,0
1915,20/01/2023,UK,Paid Ads,1
1916,01/06/2023,FR,Referral,0
1917,19/02/2023,IT,Organic,0
1918,26/06/2023,US,Organic,1
1919,06/04/2023,US,Organic,1
1920,15/04/2023,IT,Paid Ads,0
1921,07/09/2023,US,Organic,0
1922,27/04/2023,US,Email,1
1923,20/12/2023,DE,Organic,0
1924,16/08/2023,FR,Social,0
1925,07/03/2023,UK,Email,0
1926,01/12/2023,ES,Social,1
1927,19/09/2023,US,Referral,0
1928,22/10/2023,UK,Organic,0
1929,31/08/2023,ES,Paid Ads,0
1930,05/07/2023,US,Organic,0
1931,03/09/2023,UK,Social,1
1932,05/05/2023,DE,Organic,1
1933,25/09/2023,IT,Paid Ads,1
1934,11/05/2023,IT,Email,1
1935,25/08/2023,NL,Social,1
1936,18/01/2023,IT,Email,0
1937,09/02/2023,UK,Referral,0
1938,21/01/2023,US,Paid Ads,1
1939,13/08/2023,ES,Paid Ads,1
1940,21/12/2023,US,Organic,1
1941,09/10/2023,DE,Email,0
1942,08/01/2023,DE,Paid Ads,0
1943,10/04/2023,US,Organic,1
1944,28/08/2023,IT,Social,0
1945,28/03/2023,US,Paid Ads,1
1946,25/10/2023,US,Email,1
1947,14/01/2023,NL,Email,1
1948,30/11/2023,US,Email,0
1949,02/01/2023,UK,Organic,1
1950,20/10/2023,US,Organic,1
1951,21/11/2023,ES,Email,1
1952,10/02/2023,ES,Email,1
1953,14/11/2023,ES,Paid Ads,0
1954,12/11/2023,FR,Paid Ads,1
1955,21/04/2023,UK,Organic,0
1956,14/01/2023,IT,Social,1
1957,19/08/2023,IT,Organic,1
1958,25/03/2023,UK,Organic,1
1959,10/05/2023,UK,Referral,1
1960,19/08/2023,NL,Organic,1
1961,22/11/2023,IT,Social,1
1962,25/05/2023,IT,Organic,0
1963,11/12/2023,IT,Organic,0
1964,28/01/2023,US,Paid Ads,0
1965,07/03/2023,DE,Paid Ads,1
1966,12/06/2023,US,Organic,0
1967,17/08/2023,UK,Paid Ads,1
1968,18/09/2023,FR,Paid Ads,0
1969,13/06/2023,US,Email,0
1970,28/10/2023,DE,Organic,0
1971,30/10/2023,US,Social,1
1972,14/10/2023,US,Paid Ads,1
1973,10/01/2023,UK,Organic,1
1974,14/07/2023,UK,Organic,1
1975,28/04/2023,UK,Paid Ads,1
1976,27/09/2023,UK,Organic,1
1977,21/03/2023,NL,Organic,1
1978,03/04/2023,UK,Organic,1
1979,23/09/2023,UK,Referral,1
1980,28/11/2023,DE,Paid Ads,0
1981,16/12/2023,DE,Organic,1
1982,27/12/2023,UK,Paid Ads,1
1983,14/09/2023,ES,Email,0
1984,13/05/2023,ES,Organic,0
1985,03/10/2023,UK,Email,1
1986,21/09/2023,UK,Paid Ads,0
1987,20/06/2023,IT,Social,1
1988,01/01/2023,ES,Organic,1
1989,09/11/2023,FR,Social,1
1990,05/03/2023,UK,Paid Ads,1
1991,11/10/2023,US,Paid Ads,0
1992,01/05/2023,DE,Paid Ads,1
1993,17/04/2023,UK,Organic,1
1994,24/06/2023,US,Social,0
1995,23/07/2023,DE,Paid Ads,1
1996,14/06/2023,UK,Organic,0
1997,01/11/2023,ES,Organic,1
1998,30/04/2023,ES,Organic,1
1999,13/02/2023,UK,Paid Ads,1
2000,08/11/2023,ES,Paid Ads,0
2001,05/06/2023,UK,Paid Ads,0
2002,26/07/2023,ES,Organic,1
2003,18/04/2023,UK,Paid Ads,1
2004,08/09/2023,UK,Paid Ads,0
2005,30/11/2023,DE,Organic,0
2006,10/05/2023,US,Organic,0
2007,20/10/2023,IT,Organic,0
2008,20/01/2023,US,Social,0
2009,09/10/2023,UK,Referral,1
2010,12/10/2023,US,Social,0
2011,01/01/2023,US,Organic,0
2012,29/04/2023,UK,Email,0
2013,04/02/2023,FR,Paid Ads,1
2014,17/07/2023,ES,Paid Ads,0
2015,02/09/2023,IT,Organic,0
2016,28/02/2023,NL,Referral,0
2017,21/11/2023,UK,Social,0
2018,10/06/2023,FR,Organic,0
2019,28/06/2023,US,Organic,0
2020,25/07/2023,FR,Referral,1
2021,12/01/2023,US,Social,1
2022,03/10/2023,NL,Referral,0
2023,30/06/2023,FR,Organic,0
2024,30/08/2023,NL,Paid Ads,1
2025,04/08/2023,ES,Organic,0
2026,08/09/2023,IT,Email,1
2027,26/10/2023,ES,Email,1
2028,06/05/2023,US,Paid Ads,0
2029,05/08/2023,UK,Organic,0
2030,02/11/2023,US,Social,0
2031,12/10/2023,UK,Referral,0
2032,04/07/2023,US,Social,1
2033,08/02/2023,US,Paid Ads,1
2034,11/08/2023,US,Email,0
2035,03/07/2023,NL,Email,0
2036,27/06/2023,IT,Organic,1
2037,21/10/2023,UK,Social,0
2038,06/12/2023,US,Organic,0
2039,31/05/2023,US,Email,0
2040,06/05/2023,US,Social,0
2041,28/10/2023,ES,Organic,1
2042,04/11/2023,US,Paid Ads,1
2043,02/12/2023,DE,Paid Ads,0
2044,22/08/2023,IT,Email,0
2045,08/01/2023,ES,Email,1
2046,07/12/2023,UK,Paid Ads,0
2047,09/05/2023,FR,Email,0
2048,21/09/2023,US,Organic,1
2049,06/06/2023,UK,Organic,0
2050,18/12/2023,UK,Paid Ads,1
2051,24/12/2023,US,Referral,1
2052,05/01/2023,US,Organic,0
2053,27/03/2023,UK,Referral,1
2054,24/06/2023,FR,Organic,1
2055,17/10/2023,ES,Email,0
2056,12/07/2023,UK,Organic,0
2057,07/11/2023,UK,Referral,0
2058,29/04/2023,ES,Paid Ads,1
2059,06/08/2023,UK,Social,1
2060,24/04/2023,IT,Referral,0
2061,25/05/2023,DE,Email,1
2062,26/01/2023,UK,Social,0
2063,16/05/2023,UK,Referral,1
2064,30/10/2023,UK,Organic,0
2065,20/08/2023,UK,Email,1
2066,17/03/2023,UK,Referral,1
2067,24/11/2023,DE,Paid Ads,0
2068,11/12/2023,UK,Referral,0
2069,29/10/2023,US,Email,1
2070,16/10/2023,DE,Social,0
2071,01/01/2023,UK,Social,0
2072,27/05/2023,UK,Organic,1
2073,14/10/2023,UK,Paid Ads,1
2074,22/05/2023,UK,Organic,1
2075,22/02/2023,FR,Organic,0
2076,31/10/2023,UK,Email,0
2077,10/03/2023,ES,Organic,0
2078,27/12/2023,US,Paid Ads,0
2079,31/03/2023,US,Referral,0
2080,08/08/2023,US,Email,0
2081,11/07/2023,FR,Organic,0
2082,04/03/2023,UK,Organic,1
2083,14/03/2023,UK,Paid Ads,1
2084,10/06/2023,DE,Organic,0
2085,18/06/2023,UK,Social,0
2086,30/03/2023,US,Email,1
2087,25/06/2023,DE,Paid Ads,0
2088,26/09/2023,US,Email,0
2089,14/03/2023,DE,Organic,0
2090,02/09/2023,US,Email,0
2091,18/03/2023,FR,Organic,0
2092,08/06/2023,FR,Email,1
2093,20/11/2023,US,Paid Ads,1
2094,08/04/2023,FR,Organic,0
2095,12/04/2023,IT,Organic,0
2096,12/05/2023,US,Paid Ads,1
2097,12/04/2023,US,Referral,0
2098,19/01/2023,ES,Organic,1
2099,23/03/2023,DE,Referral,0
2100,06/10/2023,UK,Referral,0
2101,05/12/2023,IT,Referral,1
2102,31/12/2023,UK,Email,1
2103,27/11/2023,FR,Organic,0
2104,09/05/2023,ES,Paid Ads,1
2105,10/12/2023,NL,Social,1
2106,06/11/2023,UK,Paid Ads,0
2107,30/03/2023,DE,Paid Ads,1
2108,01/08/2023,US,Referral,0
2109,23/05/2023,UK,Organic,1
2110,06/03/2023,UK,Referral,0
2111,17/03/2023,DE,Social,1
2112,18/07/2023,US,Organic,0
2113,23/05/2023,UK,Email,0
2114,12/11/2023,DE,Organic,1
2115,03/04/2023,FR,Paid Ads,0
2116,01/11/2023,ES,Email,1
2117,12/08/2023,IT,Email,0
2118,18/10/2023,US,Email,0
2119,12/04/2023,NL,Social,0
2120,24/09/2023,IT,Paid Ads,0
2121,21/12/2023,UK,Referral,1
2122,20/04/2023,UK,Organic,1
2123,26/11/2023,US,Organic,1
2124,22/09/2023,US,Paid Ads,0
2125,03/01/2023,DE,Referral,0
2126,26/03/2023,DE,Paid Ads,1
2127,09/10/2023,FR,Email,1
2128,24/11/2023,US,Referral,1
2129,31/10/2023,UK,Organic,1
2130,27/04/2023,IT,Paid Ads,1
2131,09/08/2023,UK,Paid Ads,0
2132,03/06/2023,NL,Paid Ads,0
2133,02/06/2023,UK,Email,0
2134,12/01/2023,NL,Paid Ads,0
2135,13/05/2023,UK,Email,0
2136,31/10/2023,UK,Referral,0
2137,20/10/2023,UK,Paid Ads,0
2138,27/10/2023,FR,Email,1
2139,16/08/2023,IT,Organic,1
2140,28/09/2023,US,Organic,0
2141,12/02/2023,IT,Organic,0
2142,09/12/2023,DE,Paid Ads,0
2143,22/11/2023,DE,Organic,0
2144,29/10/2023,ES,Social,1
2145,30/12/2023,UK,Paid Ads,0
2146,21/01/2023,US,Referral,0
2147,17/04/2023,IT,Organic,0
2148,02/12/2023,IT,Organic,0
2149,30/10/2023,NL,Organic,0
2150,27/04/2023,IT,Referral,1
2151,04/05/2023,UK,Paid Ads,1
2152,08/10/2023,ES,Paid Ads,0
2153,19/10/2023,US,Paid Ads,0
2154,22/07/2023,NL,Email,1
2155,20/02/2023,US,Organic,0
2156,28/09/2023,DE,Email,0
2157,20/11/2023,US,Paid Ads,1
2158,04/10/2023,UK,Referral,1
2159,21/05/2023,UK,Organic,1
2160,02/10/2023,IT,Paid Ads,1
2161,17/10/2023,ES,Organic,1
2162,30/11/2023,UK,Social,1
2163,21/02/2023,ES,Paid Ads,1
2164,27/01/2023,DE,Social,0
2165,06/06/2023,US,Paid Ads,0
2166,27/08/2023,UK,Organic,0
2167,05/06/2023,IT,Paid Ads,0
2168,18/10/2023,FR,Organic,0
2169,16/05/2023,US,Social,0
2170,24/05/2023,DE,Email,0
2171,16/04/2023,UK,Referral,1
2172,07/06/2023,US,Paid Ads,0
2173,26/05/2023,UK,Paid Ads,0
2174,02/01/2023,UK,Social,1
2175,18/03/2023,FR,Organic,1
2176,12/05/2023,IT,Email,0
2177,31/03/2023,US,Paid Ads,1
2178,11/12/2023,UK,Social,1
2179,16/12/2023,DE,Email,0
2180,20/09/2023,IT,Social,0
2181,17/12/2023,FR,Paid Ads,0
2182,18/04/2023,IT,Organic,0
2183,15/03/2023,US,Paid Ads,0
2184,08/02/2023,ES,Referral,1
2185,08/06/2023,UK,Email,0
2186,12/03/2023,UK,Organic,1
2187,08/11/2023,US,Paid Ads,0
2188,29/08/2023,US,Organic,1
2189,25/10/2023,IT,Email,0
2190,05/02/2023,IT,Organic,1
2191,25/03/2023,UK,Referral,0
2192,20/09/2023,UK,Organic,0
2193,06/11/2023,US,Organic,1
2194,21/06/2023,UK,Social,0
2195,22/06/2023,DE,Organic,0
2196,28/12/2023,IT,Organic,0
2197,16/02/2023,NL,Organic,0
2198,21/05/2023,FR,Paid Ads,1
2199,28/04/2023,ES,Paid Ads,1
2200,04/10/2023,US,Organic,0
2201,02/08/2023,UK,Referral,1
2202,08/08/2023,US,Organic,1
2203,26/01/2023,DE,Email,1
2204,09/01/2023,FR,Email,0
2205,28/09/2023,UK,Social,0
2206,10/01/2023,US,Social,0
2207,01/05/2023,US,Organic,0
2208,05/05/2023,NL,Organic,0
2209,19/06/2023,US,Referral,1
2210,13/03/2023,ES,Organic,0
2211,01/06/2023,ES,Organic,1
2212,27/07/2023,UK,Organic,0
2213,18/02/2023,DE,Paid Ads,0
2214,03/06/2023,IT,Paid Ads,0
2215,13/12/2023,US,Organic,0
2216,20/10/2023,IT,Organic,0
2217,09/03/2023,UK,Referral,0
2218,19/02/2023,UK,Organic,1
2219,01/06/2023,IT,Social,0
2220,19/01/2023,ES,Organic,1
2221,10/04/2023,NL,Referral,0
2222,01/03/2023,FR,Paid Ads,1
2223,16/06/2023,IT,Organic,1
2224,21/07/2023,ES,Paid Ads,0
2225,11/12/2023,ES,Paid Ads,1
2226,26/05/2023,DE,Email,1
2227,13/06/2023,US,Referral,0
2228,30/08/2023,IT,Organic,0
2229,10/03/2023,US,Organic,1
2230,24/06/2023,US,Organic,0
2231,18/02/2023,US,Organic,0
2232,18/04/2023,DE,Paid Ads,0
2233,14/08/2023,US,Social,0
2234,10/06/2023,UK,Paid Ads,1
2235,29/04/2023,IT,Referral,1
2236,29/05/2023,US,Referral,1
2237,30/05/2023,DE,Email,1
2238,20/10/2023,UK,Organic,1
2239,23/05/2023,UK,Email,1
2240,09/06/2023,UK,Email,0
2241,11/01/2023,FR,Organic,0
2242,18/05/2023,UK,Organic,0
2243,19/03/2023,IT,Social,1
2244,18/03/2023,UK,Email,1
2245,11/09/2023,UK,Organic,0
2246,15/09/2023,UK,Paid Ads,1
2247,16/11/2023,UK,Paid Ads,0
2248,18/10/2023,ES,Paid Ads,0
2249,20/09/2023,IT,Organic,0
2250,26/03/2023,DE,Organic,1
2251,26/05/2023,UK,Referral,1
2252,19/11/2023,UK,Email,1
2253,11/02/2023,US,Email,1
2254,05/05/2023,NL,Organic,1
2255,16/06/2023,UK,Email,0
2256,29/08/2023,FR,Organic,1
2257,07/10/2023,US,Paid Ads,0
2258,07/07/2023,UK,Social,1
2259,29/10/2023,US,Paid Ads,1
2260,19/01/2023,UK,Organic,1
2261,09/03/2023,ES,Organic,1
2262,06/08/2023,UK,Paid Ads,1
2263,12/04/2023,FR,Email,1
2264,11/02/2023,UK,Social,1
2265,15/10/2023,NL,Email,1
2266,16/06/2023,UK,Email,0
2267,19/04/2023,IT,Referral,0
2268,05/02/2023,ES,Email,1
2269,20/08/2023,NL,Organic,1
2270,17/08/2023,US,Social,0
2271,19/12/2023,FR,Organic,0
2272,13/06/2023,US,Social,0
2273,14/03/2023,UK,Organic,1
2274,16/05/2023,US,Referral,1
2275,19/12/2023,UK,Referral,0
2276,11/03/2023,NL,Social,0
2277,15/07/2023,UK,Email,1
2278,26/09/2023,DE,Organic,0
2279,18/02/2023,DE,Paid Ads,1
2280,12/11/2023,US,Organic,1
2281,10/05/2023,FR,Organic,0
2282,05/01/2023,UK,Organic,1
2283,27/01/2023,DE,Organic,0
2284,09/06/2023,UK,Paid Ads,0
2285,29/05/2023,IT,Social,0
2286,21/09/2023,ES,Social,1
2287,18/08/2023,NL,Organic,1
2288,19/07/2023,UK,Organic,1
2289,19/02/2023,UK,Organic,0
2290,08/03/2023,UK,Organic,0
2291,27/10/2023,UK,Organic,1
2292,27/02/2023,UK,Organic,0
2293,16/09/2023,FR,Paid Ads,0
2294,08/12/2023,UK,Paid Ads,1
2295,22/11/2023,US,Paid Ads,0
2296,10/05/2023,IT,Organic,1
2297,03/08/2023,FR,Referral,0
2298,21/06/2023,US,Email,0
2299,15/09/2023,US,Organic,1
2300,12/04/2023,US,Organic,0
2301,28/07/2023,UK,Organic,0
2302,18/10/2023,DE,Organic,1
2303,20/12/2023,US,Paid Ads,0
2304,13/10/2023,IT,Organic,1
2305,26/04/2023,ES,Paid Ads,0
2306,21/09/2023,DE,Organic,0
2307,30/05/2023,US,Referral,0
2308,27/10/2023,UK,Organic,1
2309,05/02/2023,ES,Paid Ads,1
2310,29/11/2023,US,Organic,1
2311,14/10/2023,UK,Organic,0
2312,30/10/2023,UK,Email,0
2313,07/11/2023,UK,Referral,1
2314,27/07/2023,ES,Organic,0
2315,16/04/2023,UK,Referral,1
2316,07/06/2023,US,Paid Ads,0
2317,01/05/2023,US,Paid Ads,0
2318,24/02/2023,DE,Paid Ads,0
2319,12/01/2023,IT,Email,0
2320,25/05/2023,IT,Organic,1
2321,16/05/2023,US,Organic,0
2322,03/01/2023,UK,Organic,0
2323,24/05/2023,US,Email,0
2324,30/01/2023,DE,Social,0
2325,25/08/2023,DE,Email,1
2326,06/10/2023,FR,Email,0
2327,14/12/2023,UK,Social,0
2328,25/04/2023,DE,Referral,0
2329,14/04/2023,UK,Email,0
2330,28/04/2023,ES,Social,0
2331,05/01/2023,UK,Organic,1
2332,26/12/2023,FR,Paid Ads,0
2333,05/09/2023,UK,Referral,1
2334,30/12/2023,US,Social,0
2335,17/11/2023,FR,Email,1
2336,01/05/2023,UK,Email,1
2337,13/10/2023,ES,Social,1
2338,29/05/2023,DE,Paid Ads,1
2339,25/03/2023,DE,Organic,1
2340,19/08/2023,US,Organic,0
2341,15/10/2023,US,Paid Ads,1
2342,10/06/2023,DE,Paid Ads,0
2343,29/09/2023,US,Paid Ads,1
2344,07/02/2023,FR,Paid Ads,1
2345,14/08/2023,US,Social,1
2346,22/05/2023,UK,Organic,1
2347,19/10/2023,UK,Email,1
2348,31/05/2023,UK,Social,0
2349,24/04/2023,UK,Paid Ads,1
2350,25/08/2023,FR,Paid Ads,0
2351,07/03/2023,ES,Email,1
2352,27/12/2023,UK,Referral,0
2353,07/12/2023,NL,Organic,1
2354,15/09/2023,US,Organic,0
2355,06/09/2023,IT,Organic,1
2356,27/11/2023,FR,Organic,1
2357,19/11/2023,FR,Organic,0
2358,29/06/2023,UK,Organic,0
2359,09/07/2023,UK,Paid Ads,1
2360,03/06/2023,UK,Social,1
2361,15/07/2023,FR,Referral,0
2362,07/11/2023,UK,Social,1
2363,19/09/2023,ES,Email,0
2364,23/05/2023,UK,Referral,0
2365,08/12/2023,ES,Paid Ads,0
2366,12/11/2023,UK,Organic,1
2367,11/04/2023,UK,Email,0
2368,01/09/2023,UK,Social,1
2369,12/01/2023,US,Paid Ads,1
2370,27/08/2023,UK,Organic,0
2371,18/02/2023,ES,Email,0
2372,11/02/2023,UK,Organic,1
2373,15/06/2023,US,Organic,1
2374,23/03/2023,ES,Email,0
2375,18/10/2023,UK,Paid Ads,1
2376,07/06/2023,IT,Referral,0
2377,04/08/2023,NL,Social,0
2378,07/06/2023,UK,Paid Ads,0
2379,14/05/2023,UK,Paid Ads,1
2380,08/03/2023,US,Organic,0
2381,02/12/2023,ES,Organic,0
2382,07/01/2023,DE,Email,1
2383,14/01/2023,DE,Paid Ads,0
2384,14/03/2023,ES,Organic,1
2385,12/06/2023,UK,Organic,1
2386,07/03/2023,ES,Paid Ads,0
2387,13/12/2023,FR,Paid Ads,0
2388,10/05/2023,DE,Referral,1
2389,25/07/2023,IT,Paid Ads,0
2390,03/10/2023,FR,Organic,0
2391,13/09/2023,UK,Paid Ads,0
2392,23/09/2023,US,Social,1
2393,25/01/2023,US,Organic,1
2394,08/10/2023,UK,Referral,1
2395,10/09/2023,NL,Paid Ads,0
2396,06/11/2023,UK,Referral,1
2397,16/10/2023,FR,Organic,1
2398,13/06/2023,US,Social,0
2399,05/04/2023,UK,Paid Ads,0
2400,27/09/2023,IT,Email,0
2401,17/11/2023,IT,Organic,0
2402,20/04/2023,US,Referral,0
2403,02/12/2023,UK,Email,0
2404,06/11/2023,UK,Organic,0
2405,26/08/2023,US,Organic,0
2406,25/01/2023,UK,Referral,0
2407,21/05/2023,US,Organic,1
2408,27/04/2023,NL,Referral,1
2409,25/01/2023,DE,Organic,1
2410,20/03/2023,IT,Organic,0
2411,09/03/2023,FR,Referral,0
2412,22/06/2023,US,Organic,0
2413,12/01/2023,IT,Social,0
2414,15/10/2023,US,Email,1
2415,08/05/2023,IT,Paid Ads,0
2416,06/04/2023,UK,Email,1
2417,02/04/2023,UK,Email,1
2418,21/05/2023,IT,Organic,0
2419,31/01/2023,DE,Email,0
2420,30/11/2023,IT,Organic,0
2421,20/01/2023,IT,Paid Ads,1
2422,26/05/2023,UK,Paid Ads,0
2423,12/11/2023,US,Referral,1
2424,09/06/2023,US,Organic,0
2425,15/12/2023,DE,Organic,1
2426,12/02/2023,ES,Paid Ads,0
2427,11/09/2023,UK,Organic,1
2428,10/05/2023,DE,Email,1
2429,01/03/2023,FR,Referral,0
2430,31/05/2023,UK,Organic,0
2431,14/10/2023,ES,Organic,0
2432,05/01/2023,DE,Paid Ads,0
2433,23/09/2023,IT,Paid Ads,0
2434,11/12/2023,UK,Organic,0
2435,10/05/2023,UK,Organic,1
2436,24/09/2023,US,Organic,1
2437,27/06/2023,UK,Organic,0
2438,10/09/2023,NL,Paid Ads,1
2439,25/02/2023,UK,Email,1
2440,24/03/2023,ES,Paid Ads,1
2441,09/04/2023,US,Email,1
2442,29/05/2023,US,Organic,0
2443,25/11/2023,UK,Paid Ads,1
2444,05/06/2023,DE,Paid Ads,1
2445,09/07/2023,DE,Referral,0
2446,20/09/2023,UK,Referral,0
2447,21/03/2023,IT,Referral,0
2448,09/09/2023,UK,Referral,1
2449,07/04/2023,US,Organic,1
2450,17/09/2023,US,Referral,1
2451,17/09/2023,UK,Referral,1
2452,13/04/2023,IT,Social,1
2453,09/02/2023,US,Referral,0
2454,30/09/2023,UK,Referral,0
2455,11/04/2023,US,Paid Ads,0
2456,25/12/2023,DE,Email,0
2457,04/11/2023,US,Social,0
2458,09/08/2023,FR,Email,0
2459,04/11/2023,UK,Paid Ads,0
2460,04/05/2023,UK,Organic,0
2461,19/08/2023,ES,Referral,1
2462,27/06/2023,UK,Referral,1
2463,04/03/2023,IT,Email,0
2464,26/04/2023,UK,Organic,1
2465,10/07/2023,ES,Referral,0
2466,03/03/2023,US,Organic,0
2467,13/09/2023,DE,Email,0
2468,07/01/2023,UK,Organic,1
2469,04/06/2023,UK,Referral,0
2470,02/04/2023,UK,Organic,1
2471,14/01/2023,UK,Organic,0
2472,17/08/2023,UK,Paid Ads,1
2473,27/03/2023,US,Organic,0
2474,13/05/2023,DE,Referral,0
2475,02/07/2023,ES,Social,0
2476,03/03/2023,FR,Social,0
2477,07/08/2023,DE,Organic,0
2478,03/09/2023,US,Email,1
2479,18/08/2023,US,Organic,0
2480,20/03/2023,US,Social,1
2481,29/05/2023,ES,Email,0
2482,18/05/2023,UK,Organic,1
2483,10/11/2023,UK,Paid Ads,0
2484,06/03/2023,FR,Organic,0
2485,13/01/2023,UK,Email,0
2486,01/08/2023,IT,Paid Ads,0
2487,30/08/2023,IT,Referral,0
2488,01/08/2023,UK,Paid Ads,1
2489,30/06/2023,UK,Social,0
2490,04/12/2023,US,Social,0
2491,22/06/2023,DE,Paid Ads,0
2492,09/06/2023,UK,Referral,0
2493,13/06/2023,FR,Email,1
2494,07/07/2023,DE,Email,0
2495,10/07/2023,UK,Organic,0
2496,04/11/2023,UK,Organic,1
2497,13/09/2023,ES,Organic,1
2498,02/07/2023,UK,Paid Ads,0
2499,27/04/2023,ES,Organic,1
2500,09/10/2023,US,Paid Ads,0
2501,15/07/2023,DE,Referral,0
2502,03/02/2023,IT,Paid Ads,0
2503,21/02/2023,IT,Referral,0
2504,22/04/2023,US,Organic,0
2505,09/09/2023,UK,Email,1
2506,23/03/2023,ES,Social,0
2507,20/08/2023,US,Paid Ads,0
2508,15/08/2023,UK,Email,1
2509,21/08/2023,IT,Organic,0
2510,09/08/2023,UK,Email,0
2511,11/02/2023,UK,Organic,1
2512,21/01/2023,UK,Paid Ads,0
2513,11/02/2023,DE,Organic,0
2514,23/04/2023,FR,Paid Ads,1
2515,15/04/2023,UK,Organic,0
2516,11/07/2023,UK,Paid Ads,0
2517,17/01/2023,UK,Organic,0
2518,30/04/2023,FR,Email,1
2519,09/05/2023,UK,Paid Ads,1
2520,10/05/2023,IT,Organic,1
2521,01/03/2023,UK,Organic,0
2522,17/02/2023,NL,Email,0
2523,29/01/2023,UK,Organic,1
2524,07/04/2023,ES,Paid Ads,1
2525,10/01/2023,UK,Paid Ads,0
2526,30/08/2023,UK,Organic,0
2527,10/11/2023,IT,Organic,0
2528,20/08/2023,IT,Paid Ads,0
2529,04/10/2023,US,Organic,1
2530,11/10/2023,FR,Organic,1
2531,22/07/2023,DE,Organic,1
2532,04/09/2023,IT,Organic,0
2533,17/10/2023,UK,Organic,1
2534,21/09/2023,US,Social,0
2535,02/08/2023,US,Paid Ads,0
2536,19/07/2023,US,Email,0
2537,20/03/2023,IT,Organic,0
2538,09/12/2023,UK,Organic,0
2539,10/12/2023,UK,Email,0
2540,22/06/2023,DE,Paid Ads,0
2541,10/03/2023,FR,Organic,0
2542,28/03/2023,UK,Paid Ads,0
2543,11/04/2023,US,Paid Ads,0
2544,08/01/2023,IT,Email,1
2545,29/11/2023,UK,Organic,1
2546,19/07/2023,FR,Paid Ads,0
2547,28/03/2023,FR,Referral,0
2548,12/02/2023,US,Social,0
2549,19/04/2023,IT,Email,0
2550,01/06/2023,FR,Organic,0
2551,17/01/2023,US,Referral,1
2552,13/05/2023,DE,Email,0
2553,28/05/2023,FR,Referral,1
2554,04/10/2023,DE,Email,1
2555,20/08/2023,IT,Social,0
2556,10/11/2023,US,Organic,1
2557,16/08/2023,UK,Organic,1
2558,19/05/2023,UK,Email,1
2559,30/07/2023,UK,Organic,1
2560,28/01/2023,UK,Organic,0
2561,20/02/2023,IT,Paid Ads,1
2562,18/09/2023,FR,Email,0
2563,18/09/2023,FR,Organic,1
2564,16/12/2023,DE,Referral,0
2565,18/12/2023,ES,Organic,1
2566,08/01/2023,US,Organic,1
2567,16/11/2023,IT,Organic,1
2568,18/05/2023,US,Organic,1
2569,07/02/2023,IT,Email,0
2570,21/04/2023,FR,Email,0
2571,08/08/2023,UK,Email,0
2572,03/12/2023,DE,Organic,0
2573,11/08/2023,US,Paid Ads,0
2574,16/05/2023,UK,Organic,1
2575,13/09/2023,DE,Organic,0
2576,26/12/2023,UK,Paid Ads,1
2577,25/11/2023,UK,Referral,0
2578,18/02/2023,IT,Organic,1
2579,19/10/2023,DE,Organic,0
2580,20/11/2023,IT,Social,0
2581,19/03/2023,FR,Paid Ads,1
2582,15/04/2023,US,Social,0
2583,18/06/2023,US,Social,0
2584,05/08/2023,FR,Paid Ads,1
2585,29/04/2023,NL,Organic,0
2586,09/07/2023,UK,Email,1
2587,12/09/2023,IT,Organic,1
2588,23/09/2023,IT,Organic,0
2589,29/05/2023,FR,Email,1
2590,13/06/2023,IT,Paid Ads,1
2591,20/05/2023,US,Organic,0
2592,13/12/2023,NL,Referral,0
2593,15/09/2023,FR,Referral,0
2594,26/09/2023,UK,Organic,0
2595,30/06/2023,IT,Organic,1
2596,09/06/2023,US,Organic,0
2597,17/12/2023,US,Organic,1
2598,15/10/2023,DE,Email,0
2599,15/10/2023,UK,Referral,1
2600,14/08/2023,US,Referral,1
2601,11/01/2023,ES,Organic,0
2602,10/01/2023,UK,Organic,0
2603,28/09/2023,UK,Organic,0
2604,30/09/2023,UK,Organic,1
2605,02/07/2023,US,Organic,0
2606,02/06/2023,FR,Paid Ads,1
2607,11/11/2023,ES,Organic,0
2608,30/11/2023,IT,Email,1
2609,04/05/2023,DE,Email,1
2610,24/04/2023,UK,Paid Ads,0
2611,05/10/2023,IT,Organic,1
2612,01/08/2023,ES,Email,0
2613,21/06/2023,DE,Social,0
2614,15/10/2023,FR,Organic,0
2615,23/06/2023,IT,Referral,1
2616,23/04/2023,FR,Email,0
2617,02/05/2023,US,Paid Ads,1
2618,01/02/2023,FR,Organic,1
2619,10/08/2023,UK,Paid Ads,0
2620,29/04/2023,US,Paid Ads,1
2621,08/02/2023,US,Paid Ads,1
2622,25/09/2023,UK,Social,1
2623,21/08/2023,UK,Referral,0
2624,18/01/2023,UK,Organic,0
2625,29/05/2023,FR,Paid Ads,0
2626,29/05/2023,ES,Referral,1
2627,06/05/2023,NL,Organic,1
2628,29/10/2023,UK,Organic,1
2629,26/12/2023,DE,Social,1
2630,26/08/2023,IT,Paid Ads,1
2631,15/05/2023,UK,Organic,0
2632,31/05/2023,FR,Organic,0
2633,24/08/2023,ES,Paid Ads,1
2634,12/08/2023,UK,Paid Ads,0
2635,22/07/2023,IT,Organic,0
2636,13/09/2023,ES,Paid Ads,0
2637,27/03/2023,UK,Organic,1
2638,30/05/2023,UK,Organic,0
2639,23/08/2023,UK,Paid Ads,0
2640,11/12/2023,UK,Organic,1
2641,22/01/2023,US,Email,0
2642,14/12/2023,US,Organic,1
2643,12/10/2023,UK,Referral,0
2644,26/09/2023,IT,Organic,0
2645,15/09/2023,US,Organic,0
2646,29/01/2023,UK,Email,0
2647,01/08/2023,UK,Paid Ads,0
2648,10/10/2023,US,Referral,1
2649,19/02/2023,US,Paid Ads,1
2650,05/04/2023,UK,Paid Ads,1
2651,29/03/2023,UK,Email,1
2652,13/02/2023,ES,Paid Ads,1
2653,05/10/2023,NL,Paid Ads,0
2654,20/06/2023,UK,Email,1
2655,08/07/2023,US,Social,0
2656,19/12/2023,DE,Organic,0
2657,03/07/2023,FR,Paid Ads,1
2658,03/01/2023,US,Organic,0
2659,10/07/2023,IT,Organic,0
2660,28/04/2023,DE,Paid Ads,1
2661,19/01/2023,US,Email,0
2662,23/01/2023,DE,Paid Ads,0
2663,30/01/2023,NL,Referral,0
2664,22/10/2023,ES,Organic,1
2665,18/04/2023,UK,Paid Ads,0
2666,08/10/2023,UK,Social,0
2667,08/05/2023,US,Organic,0
2668,17/08/2023,UK,Organic,0
2669,21/04/2023,FR,Paid Ads,0
2670,16/05/2023,ES,Referral,1
2671,28/12/2023,FR,Paid Ads,1
2672,05/07/2023,NL,Paid Ads,1
2673,24/05/2023,UK,Referral,0
2674,13/03/2023,IT,Organic,1
2675,09/05/2023,ES,Email,1
2676,30/12/2023,US,Organic,1
2677,18/09/2023,FR,Organic,0
2678,03/01/2023,UK,Referral,0
2679,14/04/2023,ES,Email,0
2680,12/08/2023,US,Email,0
2681,16/11/2023,UK,Referral,0
2682,28/12/2023,FR,Organic,1
2683,20/12/2023,DE,Organic,1
2684,10/01/2023,UK,Organic,1
2685,29/10/2023,UK,Email,0
2686,19/08/2023,US,Email,0
2687,07/08/2023,DE,Social,1
2688,07/03/2023,IT,Organic,1
2689,22/04/2023,IT,Paid Ads,0
2690,13/01/2023,US,Paid Ads,1
2691,27/03/2023,ES,Referral,0
2692,22/08/2023,US,Paid Ads,1
2693,31/03/2023,FR,Email,0
2694,10/11/2023,UK,Organic,0
2695,23/02/2023,US,Organic,0
2696,12/01/2023,DE,Organic,1
2697,28/07/2023,UK,Organic,1
2698,14/01/2023,FR,Organic,0
2699,01/05/2023,ES,Organic,0
2700,20/01/2023,US,Organic,0
2701,16/03/2023,US,Paid Ads,0
2702,31/08/2023,IT,Email,1
2703,11/08/2023,ES,Email,0
2704,11/03/2023,UK,Organic,0
2705,08/11/2023,UK,Organic,0
2706,30/07/2023,FR,Organic,0
2707,11/04/2023,DE,Social,1
2708,05/07/2023,UK,Paid Ads,0
2709,12/05/2023,UK,Organic,0
2710,21/04/2023,IT,Email,1
2711,12/05/2023,FR,Organic,1
2712,20/01/2023,NL,Email,0
2713,24/01/2023,ES,Organic,1
2714,15/08/2023,IT,Organic,0
2715,03/06/2023,UK,Paid Ads,1
2716,20/10/2023,ES,Email,0
2717,18/08/2023,UK,Email,1
2718,06/11/2023,FR,Paid Ads,1
2719,25/12/2023,US,Organic,0
2720,21/07/2023,UK,Paid Ads,0
2721,07/02/2023,IT,Social,1
2722,17/09/2023,IT,Paid Ads,1
2723,07/07/2023,UK,Email,0
2724,26/02/2023,DE,Paid Ads,0
2725,20/01/2023,US,Paid Ads,0
2726,30/09/2023,US,Paid Ads,0
2727,29/04/2023,ES,Referral,1
2728,12/03/2023,UK,Email,0
2729,04/01/2023,IT,Paid Ads,0
2730,09/08/2023,UK,Paid Ads,0
2731,14/01/2023,FR,Organic,0
2732,03/01/2023,FR,Organic,0
2733,04/08/2023,UK,Social,0
2734,17/08/2023,UK,Organic,0
2735,02/12/2023,ES,Email,0
2736,05/07/2023,ES,Referral,0
2737,24/02/2023,UK,Email,0
2738,11/09/2023,US,Social,0
2739,24/01/2023,UK,Paid Ads,1
2740,11/06/2023,UK,Email,1
2741,07/06/2023,US,Organic,0
2742,23/03/2023,UK,Paid Ads,0
2743,08/06/2023,ES,Email,1
2744,07/07/2023,FR,Organic,1
2745,01/03/2023,IT,Referral,1
2746,01/11/2023,FR,Email,1
2747,15/11/2023,IT,Email,1
2748,30/07/2023,DE,Organic,0
2749,01/06/2023,DE,Referral,0
2750,19/04/2023,NL,Organic,0
2751,17/03/2023,DE,Referral,1
2752,30/01/2023,UK,Paid Ads,0
2753,10/11/2023,FR,Paid Ads,0
2754,27/04/2023,IT,Paid Ads,1
2755,22/12/2023,ES,Organic,1
2756,11/07/2023,DE,Organic,0
2757,19/01/2023,FR,Organic,0
2758,22/06/2023,NL,Paid Ads,0
2759,16/08/2023,UK,Email,1
2760,16/12/2023,FR,Organic,0
2761,02/07/2023,UK,Organic,1
2762,23/04/2023,DE,Paid Ads,0
2763,02/07/2023,DE,Referral,0
2764,26/05/2023,UK,Organic,1
2765,15/11/2023,UK,Organic,1
2766,26/04/2023,DE,Organic,1
2767,23/04/2023,UK,Organic,1
2768,08/09/2023,UK,Organic,1
2769,08/09/2023,ES,Organic,0
2770,30/10/2023,UK,Referral,0
2771,09/11/2023,US,Paid Ads,0
2772,28/04/2023,IT,Organic,0
2773,28/10/2023,UK,Paid Ads,0
2774,10/06/2023,US,Paid Ads,0
2775,17/07/2023,DE,Social,1
2776,17/09/2023,ES,Organic,0
2777,28/05/2023,IT,Referral,1
2778,28/08/2023,IT,Referral,1
2779,16/02/2023,ES,Organic,0
2780,17/07/2023,UK,Social,0
2781,16/02/2023,UK,Paid Ads,0
2782,19/03/2023,US,Referral,1
2783,04/05/2023,UK,Organic,1
2784,16/03/2023,FR,Organic,0
2785,25/12/2023,FR,Paid Ads,1
2786,17/05/2023,UK,Organic,1
2787,31/03/2023,ES,Paid Ads,1
2788,21/11/2023,UK,Organic,0
2789,02/03/2023,US,Paid Ads,1
2790,18/05/2023,FR,Paid Ads,0
2791,19/02/2023,US,Organic,0
2792,16/09/2023,US,Paid Ads,0
2793,17/04/2023,UK,Paid Ads,0
2794,23/04/2023,US,Organic,0
2795,16/12/2023,ES,Organic,0
2796,11/09/2023,IT,Organic,0
2797,28/04/2023,US,Organic,1
2798,17/07/2023,US,Social,1
2799,03/12/2023,FR,Paid Ads,0
2800,31/12/2023,IT,Organic,0
2801,20/02/2023,UK,Organic,0
2802,02/09/2023,US,Organic,0
2803,04/02/2023,ES,Paid Ads,0
2804,29/10/2023,DE,Organic,1
2805,10/03/2023,UK,Paid Ads,1
2806,15/12/2023,DE,Organic,0
2807,16/11/2023,UK,Email,1
2808,18/02/2023,US,Organic,1
2809,15/03/2023,US,Paid Ads,0
2810,11/07/2023,IT,Referral,1
2811,18/09/2023,US,Paid Ads,1
2812,22/12/2023,UK,Email,0
2813,11/03/2023,UK,Referral,0
2814,31/03/2023,IT,Paid Ads,1
2815,17/09/2023,UK,Paid Ads,0
2816,06/05/2023,US,Social,0
2817,19/08/2023,UK,Referral,1
2818,22/10/2023,ES,Social,1
2819,09/05/2023,US,Organic,1
2820,07/10/2023,US,Paid Ads,0
2821,09/11/2023,US,Social,0
2822,10/04/2023,IT,Organic,0
2823,22/11/2023,DE,Social,0
2824,24/10/2023,FR,Organic,1
2825,01/07/2023,IT,Social,1
2826,23/06/2023,IT,Paid Ads,1
2827,12/11/2023,UK,Organic,1
2828,30/12/2023,NL,Email,0
2829,07/07/2023,UK,Organic,0
2830,26/02/2023,US,Organic,1
2831,31/01/2023,IT,Organic,1
2832,25/03/2023,UK,Referral,1
2833,01/06/2023,UK,Social,0
2834,05/02/2023,UK,Organic,0
2835,01/08/2023,DE,Paid Ads,0
2836,30/12/2023,US,Organic,1
2837,16/04/2023,FR,Referral,1
2838,08/12/2023,IT,Organic,1
2839,08/08/2023,FR,Organic,0
2840,12/06/2023,UK,Organic,0
2841,08/08/2023,IT,Paid Ads,0
2842,27/09/2023,UK,Email,0
2843,30/04/2023,UK,Paid Ads,0
2844,02/12/2023,UK,Organic,1
2845,01/07/2023,DE,Paid Ads,1
2846,16/04/2023,UK,Email,0
2847,05/08/2023,UK,Organic,1
2848,24/07/2023,UK,Organic,1
2849,11/03/2023,UK,Organic,0
2850,13/02/2023,DE,Referral,0
2851,25/11/2023,ES,Paid Ads,0
2852,28/10/2023,ES,Paid Ads,1
2853,16/08/2023,UK,Organic,1
2854,03/07/2023,UK,Organic,0
2855,17/04/2023,NL,Social,0
2856,25/03/2023,UK,Organic,0
2857,04/12/2023,IT,Social,0
2858,07/09/2023,UK,Paid Ads,0
2859,29/12/2023,IT,Organic,1
2860,21/01/2023,UK,Paid Ads,1
2861,15/07/2023,US,Social,1
2862,27/06/2023,FR,Paid Ads,0
2863,07/01/2023,DE,Email,1
2864,11/03/2023,UK,Organic,0
2865,07/05/2023,DE,Paid Ads,0
2866,09/06/2023,FR,Email,1
2867,05/09/2023,UK,Social,0
2868,22/07/2023,UK,Paid Ads,0
2869,28/05/2023,US,Paid Ads,0
2870,23/05/2023,UK,Organic,0
2871,18/07/2023,FR,Organic,1
2872,03/06/2023,UK,Organic,1
2873,22/05/2023,US,Organic,1
2874,09/11/2023,UK,Organic,0
2875,14/06/2023,US,Organic,0
2876,10/11/2023,UK,Social,0
2877,21/01/2023,UK,Referral,1
2878,23/03/2023,UK,Paid Ads,0
2879,10/03/2023,NL,Social,0
2880,11/05/2023,UK,Organic,0
2881,28/03/2023,FR,Paid Ads,1
2882,06/08/2023,UK,Paid Ads,0
2883,01/11/2023,UK,Organic,1
2884,11/12/2023,US,Referral,1
2885,07/12/2023,US,Organic,1
2886,10/06/2023,NL,Organic,1
2887,27/06/2023,IT,Organic,0
2888,27/04/2023,ES,Social,1
2889,15/07/2023,DE,Referral,0
2890,23/11/2023,US,Referral,1
2891,27/03/2023,US,Paid Ads,1
2892,16/10/2023,IT,Organic,1
2893,22/03/2023,DE,Paid Ads,1
2894,01/06/2023,DE,Paid Ads,1
2895,02/03/2023,UK,Organic,0
2896,02/03/2023,UK,Referral,0
2897,20/12/2023,IT,Organic,1
2898,28/01/2023,UK,Organic,1
2899,12/02/2023,US,Email,1
2900,18/06/2023,UK,Referral,0
2901,27/03/2023,ES,Paid Ads,0
2902,26/06/2023,UK,Paid Ads,0
2903,17/01/2023,ES,Organic,1
2904,08/04/2023,UK,Referral,1
2905,17/07/2023,IT,Referral,1
2906,08/04/2023,FR,Paid Ads,0
2907,06/03/2023,UK,Social,1
2908,26/11/2023,DE,Social,0
2909,07/12/2023,UK,Paid Ads,0
2910,05/01/2023,UK,Email,0
2911,02/01/2023,IT,Paid Ads,1
2912,22/01/2023,US,Paid Ads,0
2913,22/04/2023,US,Organic,1
2914,26/02/2023,UK,Paid Ads,0
2915,07/03/2023,US,Social,1
2916,26/11/2023,IT,Email,1
2917,08/04/2023,US,Email,1
2918,24/05/2023,NL,Organic,0
2919,05/05/2023,IT,Organic,1
2920,16/06/2023,UK,Organic,0
2921,27/03/2023,UK,Organic,1
2922,17/03/2023,IT,Paid Ads,1
2923,10/12/2023,US,Organic,0
2924,21/10/2023,UK,Paid Ads,1
2925,28/02/2023,UK,Paid Ads,0
2926,18/05/2023,DE,Organic,0
2927,09/04/2023,ES,Organic,0
2928,11/07/2023,UK,Email,1
2929,31/08/2023,UK,Organic,0
2930,15/11/2023,IT,Organic,0
2931,18/02/2023,ES,Email,0
2932,01/02/2023,DE,Social,1
2933,04/10/2023,ES,Referral,0
2934,20/01/2023,US,Organic,0
2935,03/06/2023,ES,Organic,1
2936,09/03/2023,US,Social,0
2937,02/08/2023,UK,Email,0
2938,23/05/2023,FR,Paid Ads,1
2939,20/08/2023,US,Organic,1
2940,01/08/2023,NL,Organic,1
2941,20/03/2023,UK,Organic,1
2942,02/08/2023,IT,Paid Ads,0
2943,26/04/2023,IT,Organic,0
2944,02/04/2023,UK,Social,0
2945,27/09/2023,ES,Organic,0
2946,17/06/2023,US,Referral,1
2947,27/02/2023,IT,Organic,1
2948,11/10/2023,US,Paid Ads,0
2949,26/01/2023,FR,Organic,0
2950,07/03/2023,US,Email,0
2951,05/09/2023,UK,Paid Ads,0
2952,11/09/2023,UK,Organic,1
2953,13/02/2023,US,Email,0
2954,07/04/2023,ES,Paid Ads,0
2955,11/02/2023,DE,Social,1
2956,15/08/2023,FR,Social,1
2957,19/09/2023,UK,Social,0
2958,16/06/2023,US,Organic,1
2959,06/10/2023,UK,Organic,1
2960,30/03/2023,ES,Social,0
2961,27/06/2023,NL,Paid Ads,0
2962,16/07/2023,US,Organic,0
2963,03/11/2023,UK,Email,0
2964,24/09/2023,UK,Organic,0
2965,25/09/2023,FR,Referral,0
2966,15/03/2023,DE,Email,1
2967,08/01/2023,ES,Email,0
2968,24/10/2023,UK,Organic,1
2969,13/06/2023,ES,Paid Ads,1
2970,26/03/2023,FR,Paid Ads,0
2971,13/03/2023,UK,Paid Ads,1
2972,24/02/2023,US,Organic,0
2973,16/02/2023,UK,Paid Ads,1
2974,26/08/2023,US,Paid Ads,0
2975,14/04/2023,IT,Paid Ads,1
2976,29/07/2023,US,Email,1
2977,11/02/2023,ES,Paid Ads,0
2978,12/11/2023,DE,Organic,1
2979,25/09/2023,UK,Referral,0
2980,20/09/2023,DE,Email,0
2981,02/12/2023,US,Organic,0
2982,31/12/2023,US,Paid Ads,1
2983,16/09/2023,UK,Organic,1
2984,10/10/2023,US,Organic,1
2985,24/04/2023,UK,Social,0
2986,29/12/2023,UK,Social,0
2987,09/02/2023,US,Paid Ads,1
2988,08/08/2023,UK,Referral,0
2989,09/05/2023,IT,Email,1
2990,08/01/2023,US,Social,0
2991,11/04/2023,ES,Paid Ads,0
2992,25/06/2023,US,Paid Ads,1
2993,17/04/2023,FR,Paid Ads,0
2994,11/04/2023,UK,Organic,0
2995,17/09/2023,IT,Paid Ads,0
2996,03/09/2023,US,Email,0
2997,02/10/2023,ES,Email,0
2998,01/02/2023,US,Email,0
2999,17/05/2023,UK,Organic,1
3000,12/01/2023,FR,Paid Ads,1
3001,29/10/2023,UK,Organic,1
3002,16/01/2023,US,Organic,1
3003,09/05/2023,UK,Social,0
3004,04/03/2023,DE,Paid Ads,1
3005,19/04/2023,NL,Email,0
3006,21/01/2023,US,Organic,1
3007,07/06/2023,ES,Paid Ads,1
3008,26/09/2023,US,Referral,0
3009,11/06/2023,US,Organic,1
3010,17/09/2023,IT,Organic,0
3011,12/04/2023,IT,Organic,0
3012,11/08/2023,ES,Referral,0
3013,28/02/2023,UK,Social,0
3014,04/09/2023,US,Email,0
3015,08/05/2023,UK,Social,0
3016,10/10/2023,US,Email,1
3017,21/11/2023,US,Email,0
3018,25/01/2023,ES,Paid Ads,0
3019,11/05/2023,IT,Paid Ads,0
3020,19/12/2023,US,Paid Ads,1
3021,15/07/2023,UK,Email,0
3022,08/10/2023,IT,Organic,0
3023,03/06/2023,UK,Organic,1
3024,13/05/2023,DE,Social,0
3025,15/08/2023,UK,Organic,0
3026,08/07/2023,US,Social,0
3027,22/09/2023,NL,Referral,1
3028,14/05/2023,UK,Organic,1
3029,30/07/2023,US,Referral,0
3030,01/03/2023,UK,Email,0
3031,30/12/2023,IT,Organic,1
3032,30/12/2023,IT,Email,1
3033,01/08/2023,UK,Email,1
3034,04/08/2023,UK,Organic,0
3035,14/08/2023,DE,Organic,0
3036,11/05/2023,UK,Organic,0
3037,17/03/2023,FR,Organic,0
3038,13/10/2023,UK,Organic,0
3039,04/10/2023,UK,Referral,0
3040,05/06/2023,FR,Organic,1
3041,05/09/2023,UK,Email,0
3042,06/08/2023,IT,Organic,1
3043,09/07/2023,UK,Paid Ads,0
3044,12/06/2023,UK,Paid Ads,1
3045,29/06/2023,NL,Email,1
3046,03/02/2023,US,Paid Ads,1
3047,10/02/2023,FR,Organic,0
3048,03/11/2023,UK,Email,1
3049,04/12/2023,DE,Organic,1
3050,10/11/2023,FR,Organic,0
3051,16/03/2023,UK,Paid Ads,0
3052,06/10/2023,ES,Email,1
3053,25/06/2023,DE,Organic,1
3054,30/05/2023,US,Paid Ads,1
3055,30/09/2023,DE,Paid Ads,0
3056,21/11/2023,DE,Social,0
3057,18/04/2023,UK,Organic,1
3058,19/05/2023,US,Organic,0
3059,16/12/2023,UK,Paid Ads,1
3060,28/09/2023,US,Organic,1
3061,13/12/2023,ES,Referral,0
3062,16/10/2023,US,Paid Ads,1
3063,31/07/2023,IT,Email,0
3064,29/09/2023,UK,Email,0
3065,07/03/2023,US,Social,1
3066,05/09/2023,ES,Paid Ads,0
3067,05/06/2023,US,Social,0
3068,16/02/2023,US,Organic,0
3069,20/07/2023,UK,Referral,1
3070,28/05/2023,US,Paid Ads,1
3071,04/05/2023,UK,Email,1
3072,01/01/2023,NL,Paid Ads,0
3073,04/09/2023,UK,Email,1
3074,09/12/2023,IT,Social,1
3075,08/05/2023,FR,Referral,0
3076,10/07/2023,UK,Email,1
3077,08/03/2023,US,Organic,1
3078,04/01/2023,ES,Organic,0
3079,30/10/2023,IT,Social,0
3080,21/10/2023,UK,Referral,1
3081,23/05/2023,UK,Paid Ads,1
3082,10/07/2023,UK,Organic,1
3083,21/01/2023,UK,Organic,1
3084,15/08/2023,DE,Organic,0
3085,09/11/2023,IT,Paid Ads,0
3086,27/04/2023,US,Organic,0
3087,29/10/2023,FR,Organic,0
3088,22/05/2023,DE,Paid Ads,0
3089,08/02/2023,US,Paid Ads,0
3090,21/12/2023,UK,Organic,0
3091,09/09/2023,FR,Paid Ads,0
3092,29/11/2023,IT,Social,0
3093,26/07/2023,FR,Paid Ads,1
3094,29/07/2023,UK,Email,1
3095,25/04/2023,UK,Social,0
3096,13/08/2023,UK,Organic,1
3097,14/05/2023,DE,Organic,0
3098,08/09/2023,ES,Paid Ads,0
3099,07/08/2023,UK,Paid Ads,0
3100,01/04/2023,ES,Paid Ads,0
3101,20/12/2023,DE,Organic,1
3102,15/02/2023,FR,Paid Ads,1
3103,07/02/2023,NL,Organic,0
3104,22/05/2023,UK,Social,1
3105,10/04/2023,IT,Organic,0
3106,24/11/2023,UK,Social,1
3107,09/07/2023,US,Organic,1
3108,04/02/2023,IT,Organic,1
3109,27/05/2023,IT,Organic,0
3110,30/01/2023,US,Social,1
3111,30/11/2023,DE,Organic,1
3112,25/03/2023,FR,Paid Ads,1
3113,08/10/2023,ES,Email,1
3114,10/12/2023,UK,Referral,1
3115,27/09/2023,ES,Organic,1
3116,03/06/2023,US,Social,0
3117,12/04/2023,US,Email,1
3118,03/08/2023,US,Paid Ads,1
3119,30/05/2023,US,Paid Ads,0
3120,24/03/2023,IT,Social,1
3121,20/04/2023,US,Social,0
3122,02/10/2023,NL,Paid Ads,1
3123,20/07/2023,UK,Email,1
3124,11/10/2023,FR,Organic,1
3125,22/06/2023,ES,Organic,0
3126,23/11/2023,FR,Organic,0
3127,25/07/2023,DE,Organic,1
3128,04/03/2023,DE,Referral,0
3129,14/03/2023,IT,Paid Ads,0
3130,08/09/2023,ES,Organic,1
3131,04/05/2023,UK,Paid Ads,0
3132,01/05/2023,ES,Organic,0
3133,02/10/2023,US,Social,1
3134,30/04/2023,UK,Email,1
3135,13/11/2023,IT,Organic,0
3136,13/06/2023,US,Social,0
3137,13/10/2023,ES,Organic,1
3138,22/09/2023,UK,Referral,0
3139,16/11/2023,UK,Social,1
3140,10/06/2023,US,Organic,0
3141,04/11/2023,UK,Referral,0
3142,30/03/2023,ES,Organic,0
3143,22/05/2023,UK,Organic,0
3144,22/07/2023,US,Paid Ads,1
3145,05/11/2023,UK,Social,1
3146,15/08/2023,UK,Paid Ads,0
3147,30/11/2023,ES,Social,1
3148,10/08/2023,UK,Social,0
3149,10/02/2023,DE,Organic,0
3150,15/07/2023,IT,Paid Ads,1
3151,09/03/2023,FR,Paid Ads,0
3152,21/09/2023,ES,Paid Ads,1
3153,02/01/2023,UK,Organic,0
3154,27/12/2023,UK,Social,1
3155,05/05/2023,IT,Email,1
3156,20/04/2023,FR,Paid Ads,0
3157,27/03/2023,DE,Paid Ads,0
3158,30/04/2023,FR,Organic,0
3159,07/05/2023,US,Paid Ads,0
3160,12/09/2023,UK,Social,0
3161,02/07/2023,ES,Email,0
3162,16/01/2023,FR,Organic,1
3163,03/03/2023,US,Paid Ads,1
3164,07/06/2023,IT,Referral,1
3165,25/09/2023,UK,Organic,1
3166,04/02/2023,UK,Organic,1
3167,24/09/2023,IT,Paid Ads,1
3168,05/03/2023,ES,Paid Ads,0
3169,19/02/2023,US,Organic,1
3170,12/09/2023,UK,Organic,0
3171,29/05/2023,UK,Organic,0
3172,21/11/2023,FR,Organic,0
3173,31/10/2023,US,Paid Ads,1
3174,03/10/2023,ES,Organic,0
3175,23/12/2023,IT,Organic,0
3176,21/06/2023,ES,Email,0
3177,20/07/2023,US,Organic,1
3178,20/11/2023,ES,Paid Ads,1
3179,04/02/2023,US,Social,1
3180,04/08/2023,UK,Paid Ads,1
3181,06/03/2023,UK,Referral,0
3182,08/01/2023,US,Paid Ads,0
3183,28/10/2023,IT,Organic,1
3184,09/12/2023,UK,Paid Ads,1
3185,28/11/2023,UK,Paid Ads,1
3186,17/03/2023,NL,Organic,1
3187,23/06/2023,UK,Paid Ads,0
3188,16/02/2023,ES,Social,0
3189,15/01/2023,UK,Organic,1
3190,27/12/2023,UK,Paid Ads,1
3191,27/05/2023,IT,Paid Ads,0
3192,26/01/2023,UK,Email,1
3193,04/11/2023,DE,Email,0
3194,03/04/2023,UK,Email,0
3195,20/08/2023,UK,Organic,0
3196,21/01/2023,UK,Organic,1
3197,03/11/2023,UK,Organic,1
3198,07/02/2023,UK,Referral,0
3199,03/10/2023,ES,Referral,1
3200,06/06/2023,US,Social,1
3201,28/06/2023,UK,Paid Ads,0
3202,12/05/2023,US,Paid Ads,0
3203,07/11/2023,IT,Paid Ads,0
3204,14/12/2023,IT,Organic,1
3205,28/01/2023,FR,Paid Ads,0
3206,17/09/2023,IT,Paid Ads,1
3207,17/03/2023,UK,Social,1
3208,08/03/2023,US,Organic,0
3209,08/12/2023,DE,Social,1
3210,13/07/2023,DE,Paid Ads,1
3211,11/06/2023,US,Organic,1
3212,13/12/2023,US,Organic,0
3213,27/12/2023,NL,Organic,0
3214,14/09/2023,ES,Paid Ads,0
3215,13/03/2023,US,Organic,0
3216,28/03/2023,FR,Paid Ads,0
3217,19/09/2023,UK,Social,0
3218,02/08/2023,UK,Referral,1
3219,02/06/2023,US,Email,1
3220,29/07/2023,US,Organic,0
3221,02/03/2023,UK,Paid Ads,1
3222,25/09/2023,ES,Organic,1
3223,19/09/2023,US,Email,1
3224,06/08/2023,DE,Organic,0
3225,10/10/2023,UK,Paid Ads,0
3226,16/05/2023,UK,Paid Ads,0
3227,28/12/2023,IT,Paid Ads,0
3228,03/04/2023,DE,Email,0
3229,19/04/2023,NL,Organic,1
3230,29/08/2023,NL,Organic,0
3231,21/12/2023,US,Email,1
3232,22/05/2023,UK,Paid Ads,1
3233,18/10/2023,IT,Paid Ads,0
3234,25/08/2023,NL,Organic,1
3235,06/12/2023,DE,Email,1
3236,08/11/2023,ES,Social,0
3237,26/06/2023,ES,Paid Ads,1
3238,21/05/2023,US,Email,0
3239,08/07/2023,DE,Paid Ads,1
3240,18/02/2023,ES,Organic,1
3241,29/10/2023,FR,Organic,0
3242,09/07/2023,UK,Referral,0
3243,16/05/2023,UK,Paid Ads,1
3244,12/02/2023,UK,Email,0
3245,19/12/2023,UK,Referral,0
3246,31/03/2023,IT,Social,0
3247,22/10/2023,UK,Paid Ads,1
3248,07/12/2023,UK,Paid Ads,1
3249,02/09/2023,UK,Organic,1
3250,11/07/2023,DE,Paid Ads,1
3251,14/11/2023,US,Email,1
3252,16/04/2023,UK,Organic,1
3253,29/12/2023,UK,Social,0
3254,06/11/2023,UK,Social,0
3255,21/08/2023,US,Paid Ads,1
3256,22/09/2023,UK,Organic,0
3257,10/12/2023,IT,Organic,0
3258,06/02/2023,US,Organic,1
3259,01/11/2023,UK,Organic,0
3260,10/02/2023,FR,Paid Ads,1
3261,17/01/2023,UK,Organic,0
3262,10/12/2023,FR,Referral,1
3263,04/10/2023,UK,Organic,1
3264,03/11/2023,DE,Organic,1
3265,28/02/2023,ES,Paid Ads,0
3266,02/07/2023,IT,Social,0
3267,10/02/2023,UK,Referral,1
3268,08/02/2023,UK,Paid Ads,1
3269,11/07/2023,US,Email,0
3270,24/09/2023,IT,Referral,0
3271,27/05/2023,IT,Email,0
3272,29/11/2023,UK,Organic,0
3273,07/05/2023,UK,Email,1
3274,15/02/2023,US,Organic,1
3275,14/02/2023,UK,Social,0
3276,01/01/2023,UK,Organic,1
3277,17/06/2023,UK,Social,1
3278,18/04/2023,DE,Social,1
3279,19/01/2023,IT,Organic,1
3280,28/11/2023,NL,Social,1
3281,13/03/2023,US,Organic,0
3282,19/04/2023,DE,Organic,1
3283,25/09/2023,IT,Paid Ads,1
3284,28/08/2023,UK,Social,1
3285,28/10/2023,FR,Paid Ads,0
3286,31/03/2023,US,Paid Ads,0
3287,13/04/2023,UK,Referral,1
3288,07/09/2023,US,Social,1
3289,08/01/2023,UK,Email,0
3290,02/06/2023,FR,Organic,1
3291,13/12/2023,UK,Organic,0
3292,23/06/2023,UK,Organic,0
3293,09/12/2023,UK,Paid Ads,1
3294,07/06/2023,IT,Organic,0
3295,03/08/2023,US,Organic,1
3296,26/06/2023,DE,Email,1
3297,24/06/2023,DE,Organic,1
3298,06/12/2023,US,Paid Ads,0
3299,04/12/2023,UK,Organic,1
3300,26/05/2023,FR,Organic,1
3301,20/11/2023,UK,Organic,1
3302,10/06/2023,UK,Paid Ads,0
3303,07/05/2023,FR,Email,1
3304,23/03/2023,UK,Organic,1
3305,27/05/2023,UK,Organic,0
3306,27/08/2023,US,Email,0
3307,25/03/2023,US,Email,0
3308,23/04/2023,FR,Email,1
3309,13/08/2023,DE,Social,0
3310,28/11/2023,DE,Email,0
3311,31/08/2023,FR,Paid Ads,1
3312,23/05/2023,UK,Email,0
3313,10/02/2023,UK,Paid Ads,0
3314,15/09/2023,US,Organic,0
3315,12/10/2023,UK,Organic,0
3316,15/04/2023,NL,Organic,0
3317,21/07/2023,ES,Organic,1
3318,03/11/2023,UK,Organic,0
3319,27/11/2023,UK,Organic,1
3320,23/09/2023,UK,Email,0
3321,29/07/2023,UK,Social,1
3322,20/02/2023,UK,Paid Ads,1
3323,28/04/2023,US,Email,0
3324,20/07/2023,IT,Organic,1
3325,08/02/2023,FR,Social,0
3326,28/01/2023,UK,Paid Ads,0
3327,16/09/2023,US,Organic,1
3328,25/03/2023,US,Organic,0
3329,04/06/2023,ES,Organic,0
3330,27/04/2023,ES,Organic,0
3331,02/01/2023,IT,Organic,0
3332,03/04/2023,US,Organic,1
3333,15/06/2023,FR,Organic,1
3334,16/12/2023,UK,Organic,1
3335,23/10/2023,DE,Social,1
3336,15/09/2023,UK,Organic,0
3337,22/03/2023,US,Organic,1
3338,25/09/2023,DE,Referral,0
3339,23/08/2023,UK,Email,0
3340,17/11/2023,UK,Organic,1
3341,07/11/2023,UK,Email,1
3342,28/10/2023,UK,Organic,0
3343,23/12/2023,UK,Organic,0
3344,01/08/2023,UK,Organic,0
3345,03/03/2023,UK,Paid Ads,1
3346,18/02/2023,UK,Organic,1
3347,07/05/2023,NL,Referral,0
3348,11/08/2023,UK,Organic,1
3349,06/10/2023,UK,Referral,0
3350,21/10/2023,US,Organic,1
3351,11/10/2023,IT,Paid Ads,0
3352,04/10/2023,FR,Paid Ads,1
3353,17/04/2023,UK,Referral,0
3354,26/05/2023,DE,Organic,0
3355,09/04/2023,FR,Email,0
3356,14/03/2023,FR,Referral,1
3357,02/05/2023,FR,Organic,1
3358,30/01/2023,IT,Social,1
3359,07/07/2023,IT,Referral,0
3360,30/12/2023,DE,Paid Ads,0
3361,20/12/2023,US,Organic,0
3362,15/10/2023,DE,Paid Ads,1
3363,14/07/2023,ES,Organic,0
3364,05/06/2023,UK,Paid Ads,1
3365,21/06/2023,NL,Paid Ads,1
3366,01/12/2023,UK,Referral,0
3367,10/02/2023,US,Organic,1
3368,04/03/2023,IT,Email,0
3369,23/01/2023,UK,Organic,0
3370,26/12/2023,US,Paid Ads,0
3371,16/03/2023,UK,Email,0
3372,17/02/2023,US,Paid Ads,1
3373,09/06/2023,UK,Organic,0
3374,09/11/2023,US,Organic,1
3375,28/04/2023,US,Organic,1
3376,10/04/2023,NL,Paid Ads,0
3377,16/06/2023,NL,Organic,0
3378,17/10/2023,UK,Referral,1
3379,05/06/2023,FR,Paid Ads,1
3380,07/01/2023,UK,Organic,0
3381,15/07/2023,UK,Organic,1
3382,25/02/2023,UK,Organic,0
3383,17/11/2023,NL,Organic,1
3384,12/07/2023,IT,Paid Ads,1
3385,16/02/2023,UK,Paid Ads,0
3386,28/05/2023,UK,Email,0
3387,02/10/2023,UK,Organic,0
3388,06/06/2023,US,Social,0
3389,21/07/2023,DE,Organic,1
3390,06/05/2023,UK,Organic,0
3391,01/11/2023,ES,Referral,1
3392,21/10/2023,UK,Email,0
3393,05/03/2023,IT,Organic,0
3394,21/11/2023,FR,Referral,1
3395,25/06/2023,US,Email,1
3396,26/04/2023,ES,Email,0
3397,23/07/2023,ES,Organic,1
3398,17/11/2023,UK,Email,0
3399,31/01/2023,UK,Email,1
3400,23/04/2023,IT,Referral,1
3401,31/12/2023,UK,Email,1
3402,21/11/2023,UK,Social,1
3403,10/12/2023,US,Paid Ads,0
3404,08/03/2023,ES,Organic,0
3405,16/03/2023,ES,Paid Ads,0
3406,14/02/2023,IT,Organic,1
3407,17/09/2023,US,Organic,0
3408,03/06/2023,UK,Paid Ads,1
3409,04/06/2023,DE,Organic,0
3410,29/12/2023,ES,Referral,1
3411,22/08/2023,UK,Email,0
3412,20/02/2023,UK,Paid Ads,0
3413,02/11/2023,UK,Social,1
3414,19/09/2023,DE,Organic,1
3415,11/11/2023,IT,Email,0
3416,05/05/2023,FR,Email,1
3417,02/09/2023,NL,Organic,0
3418,30/01/2023,UK,Organic,0
3419,02/05/2023,IT,Organic,0
3420,05/05/2023,ES,Email,0
3421,06/02/2023,UK,Email,1
3422,19/06/2023,NL,Organic,1
3423,04/05/2023,UK,Paid Ads,1
3424,23/12/2023,IT,Organic,0
3425,04/02/2023,IT,Paid Ads,0
3426,28/03/2023,ES,Social,0
3427,14/05/2023,DE,Organic,0
3428,15/07/2023,UK,Social,0
3429,01/10/2023,US,Email,0
3430,20/07/2023,US,Social,1
3431,12/10/2023,ES,Organic,0
3432,18/03/2023,ES,Organic,0
3433,28/02/2023,IT,Organic,1
3434,06/05/2023,UK,Referral,1
3435,19/04/2023,ES,Paid Ads,1
3436,12/08/2023,IT,Organic,0
3437,05/10/2023,ES,Email,0
3438,09/03/2023,UK,Organic,1
3439,10/03/2023,UK,Organic,0
3440,14/06/2023,UK,Paid Ads,1
3441,01/11/2023,DE,Organic,0
3442,11/06/2023,DE,Organic,0
3443,31/12/2023,NL,Organic,0
3444,08/12/2023,US,Email,1
3445,05/11/2023,UK,Email,0
3446,09/12/2023,DE,Paid Ads,1
3447,11/02/2023,ES,Referral,1
3448,20/12/2023,IT,Paid Ads,0
3449,19/04/2023,ES,Organic,0
3450,20/02/2023,US,Referral,0
3451,07/09/2023,DE,Referral,0
3452,07/12/2023,IT,Paid Ads,0
3453,21/01/2023,US,Paid Ads,1
3454,27/10/2023,UK,Referral,1
3455,19/05/2023,UK,Organic,0
3456,25/12/2023,UK,Email,1
3457,20/11/2023,FR,Organic,0
3458,02/04/2023,UK,Email,0
3459,07/10/2023,UK,Organic,0
3460,05/05/2023,UK,Organic,0
3461,21/04/2023,DE,Paid Ads,0
3462,20/12/2023,US,Organic,1
3463,19/05/2023,FR,Email,0
3464,30/09/2023,UK,Paid Ads,0
3465,09/04/2023,UK,Referral,0
3466,09/09/2023,US,Organic,1
3467,04/12/2023,UK,Organic,0
3468,14/04/2023,UK,Organic,1
3469,02/08/2023,UK,Paid Ads,1
3470,06/09/2023,IT,Referral,0
3471,01/06/2023,FR,Paid Ads,1
3472,07/09/2023,UK,Social,0
3473,02/10/2023,UK,Referral,0
3474,14/06/2023,NL,Social,1
3475,07/12/2023,FR,Organic,0
3476,08/01/2023,US,Organic,1
3477,11/10/2023,FR,Organic,0
3478,05/01/2023,ES,Organic,1
3479,25/05/2023,ES,Paid Ads,1
3480,11/04/2023,US,Paid Ads,0
3481,13/06/2023,US,Paid Ads,0
3482,27/05/2023,UK,Referral,0
3483,05/03/2023,IT,Social,1
3484,01/04/2023,DE,Email,1
3485,27/04/2023,UK,Organic,0
3486,20/12/2023,IT,Organic,0
3487,24/09/2023,IT,Organic,1
3488,06/11/2023,NL,Organic,1
3489,22/06/2023,IT,Paid Ads,1
3490,16/02/2023,NL,Paid Ads,1
3491,20/05/2023,UK,Organic,0
3492,03/09/2023,ES,Referral,1
3493,29/05/2023,ES,Referral,1
3494,03/09/2023,UK,Organic,1
3495,05/01/2023,UK,Organic,1
3496,03/07/2023,NL,Email,1
3497,20/01/2023,UK,Paid Ads,0
3498,15/02/2023,IT,Organic,0
3499,12/01/2023,UK,Organic,1
3500,11/03/2023,UK,Organic,0
3501,17/01/2023,US,Organic,0
3502,27/05/2023,UK,Email,1
3503,03/06/2023,FR,Organic,1
3504,31/10/2023,DE,Organic,1
3505,18/04/2023,UK,Organic,0
3506,24/08/2023,UK,Email,0
3507,04/11/2023,US,Organic,1
3508,18/12/2023,UK,Organic,0
3509,11/03/2023,ES,Paid Ads,0
3510,02/07/2023,US,Paid Ads,1
3511,07/09/2023,UK,Organic,0
3512,16/08/2023,US,Organic,1
3513,12/04/2023,UK,Email,0
3514,16/03/2023,UK,Social,1
3515,04/08/2023,UK,Organic,0
3516,22/07/2023,IT,Organic,1
3517,11/07/2023,IT,Organic,0
3518,06/09/2023,ES,Email,1
3519,30/08/2023,UK,Paid Ads,0
3520,28/06/2023,UK,Email,1
3521,07/08/2023,US,Referral,1
3522,23/03/2023,FR,Social,1
3523,02/04/2023,NL,Email,1
3524,24/06/2023,UK,Email,0
3525,27/08/2023,UK,Paid Ads,0
3526,17/09/2023,FR,Organic,0
3527,31/12/2023,ES,Paid Ads,0
3528,12/06/2023,ES,Paid Ads,1
3529,17/02/2023,FR,Paid Ads,1
3530,25/11/2023,NL,Organic,0
3531,24/11/2023,US,Referral,0
3532,26/04/2023,IT,Paid Ads,0
3533,03/12/2023,NL,Paid Ads,1
3534,03/12/2023,ES,Organic,1
3535,13/08/2023,UK,Paid Ads,1
3536,18/12/2023,UK,Organic,1
3537,24/11/2023,US,Email,0
3538,27/05/2023,US,Paid Ads,1
3539,04/03/2023,IT,Organic,0
3540,21/10/2023,UK,Organic,0
3541,19/11/2023,UK,Referral,0
3542,21/11/2023,ES,Organic,0
3543,13/01/2023,UK,Social,1
3544,08/07/2023,UK,Paid Ads,0
3545,14/10/2023,US,Organic,1
3546,27/07/2023,DE,Referral,0
3547,24/04/2023,UK,Organic,1
3548,22/01/2023,IT,Email,1
3549,15/12/2023,US,Organic,1
3550,02/08/2023,IT,Social,1
3551,20/06/2023,US,Paid Ads,0
3552,19/11/2023,UK,Email,0
3553,23/02/2023,UK,Organic,0
3554,25/10/2023,UK,Organic,0
3555,16/11/2023,US,Referral,0
3556,06/05/2023,UK,Referral,1
3557,04/10/2023,US,Organic,0
3558,23/07/2023,DE,Organic,0
3559,13/07/2023,UK,Organic,0
3560,18/06/2023,UK,Paid Ads,0
3561,01/06/2023,ES,Organic,0
3562,04/02/2023,IT,Organic,1
3563,03/07/2023,UK,Organic,0
3564,13/10/2023,UK,Paid Ads,0
3565,26/02/2023,NL,Organic,0
3566,10/08/2023,UK,Social,0
3567,30/10/2023,NL,Organic,1
3568,12/06/2023,UK,Social,1
3569,19/01/2023,IT,Paid Ads,1
3570,21/09/2023,UK,Organic,0
3571,09/10/2023,IT,Organic,1
3572,23/04/2023,UK,Paid Ads,0
3573,23/11/2023,FR,Referral,0
3574,30/01/2023,UK,Paid Ads,0
3575,15/05/2023,UK,Organic,1
3576,08/03/2023,ES,Social,1
3577,06/03/2023,US,Social,0
3578,19/10/2023,IT,Paid Ads,0
3579,25/01/2023,US,Paid Ads,0
3580,06/02/2023,IT,Paid Ads,0
3581,01/01/2023,US,Organic,1
3582,06/02/2023,NL,Organic,1
3583,21/05/2023,NL,Paid Ads,0
3584,20/08/2023,UK,Email,0
3585,16/05/2023,IT,Organic,1
3586,07/07/2023,ES,Paid Ads,0
3587,08/05/2023,UK,Email,0
3588,20/07/2023,DE,Organic,1
3589,07/05/2023,UK,Organic,0
3590,14/09/2023,ES,Email,0
3591,13/06/2023,UK,Organic,0
3592,04/02/2023,UK,Organic,1
3593,13/07/2023,US,Organic,1
3594,10/07/2023,DE,Organic,1
3595,14/04/2023,IT,Email,1
3596,23/01/2023,NL,Paid Ads,1
3597,22/09/2023,US,Paid Ads,0
3598,17/10/2023,UK,Paid Ads,1
3599,17/09/2023,FR,Social,0
3600,24/12/2023,DE,Organic,0
3601,16/03/2023,US,Organic,1
3602,21/12/2023,UK,Social,0
3603,13/03/2023,US,Social,0
3604,16/09/2023,UK,Organic,0
3605,07/07/2023,ES,Organic,1
3606,22/06/2023,US,Paid Ads,0
3607,17/10/2023,IT,Organic,1
3608,14/02/2023,US,Referral,0
3609,02/03/2023,UK,Organic,0
3610,24/03/2023,IT,Organic,1
3611,03/05/2023,DE,Paid Ads,1
3612,24/12/2023,UK,Social,0
3613,16/01/2023,DE,Paid Ads,0
3614,07/03/2023,US,Organic,0
3615,25/05/2023,ES,Social,1
3616,11/06/2023,US,Paid Ads,1
3617,22/08/2023,FR,Organic,1
3618,24/05/2023,UK,Organic,0
3619,24/12/2023,US,Organic,1
3620,07/07/2023,NL,Paid Ads,1
3621,18/11/2023,ES,Paid Ads,0
3622,13/01/2023,UK,Organic,0
3623,03/07/2023,UK,Organic,0
3624,21/04/2023,UK,Organic,0
3625,17/10/2023,FR,Paid Ads,0
3626,22/10/2023,ES,Organic,1
3627,03/08/2023,FR,Organic,0
3628,30/04/2023,US,Social,0
3629,24/02/2023,ES,Paid Ads,0
3630,27/01/2023,US,Organic,1
3631,28/04/2023,UK,Referral,0
3632,09/08/2023,DE,Organic,0
3633,19/08/2023,NL,Referral,0
3634,22/02/2023,ES,Referral,0
3635,22/10/2023,DE,Referral,0
3636,17/11/2023,DE,Referral,1
3637,21/08/2023,IT,Organic,0
3638,07/06/2023,US,Referral,0
3639,26/09/2023,UK,Organic,1
3640,21/01/2023,NL,Organic,1
3641,22/02/2023,IT,Social,0
3642,02/10/2023,UK,Paid Ads,1
3643,09/11/2023,US,Social,0
3644,08/10/2023,US,Organic,1
3645,02/08/2023,UK,Paid Ads,0
3646,31/01/2023,NL,Organic,0
3647,03/12/2023,US,Paid Ads,1
3648,02/07/2023,IT,Organic,1
3649,23/01/2023,UK,Organic,1
3650,01/02/2023,US,Organic,1
3651,15/03/2023,UK,Referral,0
3652,10/01/2023,ES,Organic,1
3653,23/02/2023,DE,Email,0
3654,21/02/2023,DE,Organic,0
3655,28/05/2023,UK,Organic,1
3656,09/06/2023,UK,Organic,1
3657,14/01/2023,UK,Social,1
3658,27/06/2023,UK,Organic,0
3659,22/02/2023,DE,Organic,1
3660,01/12/2023,DE,Email,1
3661,22/01/2023,DE,Organic,1
3662,30/01/2023,US,Referral,0
3663,10/07/2023,UK,Organic,0
3664,17/09/2023,UK,Paid Ads,0
3665,24/07/2023,UK,Organic,1
3666,28/02/2023,ES,Paid Ads,1
3667,21/09/2023,DE,Email,1
3668,12/01/2023,UK,Email,0
3669,29/04/2023,UK,Paid Ads,1
3670,17/10/2023,IT,Social,0
3671,04/12/2023,FR,Organic,1
3672,05/09/2023,FR,Organic,0
3673,20/12/2023,US,Paid Ads,1
3674,07/05/2023,UK,Paid Ads,0
3675,16/03/2023,NL,Organic,0
3676,27/12/2023,ES,Paid Ads,1
3677,23/07/2023,UK,Organic,0
3678,18/02/2023,ES,Referral,0
3679,20/03/2023,ES,Email,0
3680,29/08/2023,UK,Paid Ads,1
3681,15/12/2023,US,Organic,1
3682,03/06/2023,UK,Paid Ads,0
3683,01/10/2023,UK,Referral,1
3684,06/04/2023,FR,Organic,0
3685,02/08/2023,UK,Paid Ads,0
3686,21/10/2023,ES,Social,0
3687,28/07/2023,NL,Organic,1
3688,09/12/2023,UK,Organic,0
3689,29/03/2023,US,Organic,0
3690,02/11/2023,ES,Paid Ads,0
3691,21/09/2023,ES,Social,1
3692,21/11/2023,ES,Paid Ads,0
3693,16/11/2023,UK,Organic,1
3694,06/06/2023,US,Paid Ads,1
3695,05/06/2023,DE,Paid Ads,0
3696,19/05/2023,NL,Paid Ads,0
3697,01/05/2023,UK,Organic,1
3698,06/03/2023,IT,Paid Ads,0
3699,17/04/2023,UK,Paid Ads,1
3700,27/05/2023,NL,Organic,1
3701,17/05/2023,FR,Paid Ads,0
3702,11/06/2023,US,Social,1
3703,10/04/2023,DE,Organic,0
3704,04/12/2023,UK,Social,0
3705,03/11/2023,UK,Organic,1
3706,21/05/2023,UK,Referral,0
3707,24/03/2023,UK,Organic,1
3708,26/06/2023,UK,Organic,0
3709,17/07/2023,ES,Paid Ads,0
3710,22/04/2023,DE,Paid Ads,0
3711,25/02/2023,UK,Email,1
3712,28/06/2023,IT,Paid Ads,1
3713,05/07/2023,DE,Paid Ads,1
3714,06/08/2023,NL,Social,0
3715,12/11/2023,FR,Paid Ads,0
3716,05/08/2023,UK,Organic,1
3717,30/04/2023,US,Organic,1
3718,24/06/2023,DE,Organic,0
3719,23/01/2023,UK,Referral,1
3720,01/08/2023,UK,Organic,1
3721,23/08/2023,UK,Organic,0
3722,13/01/2023,UK,Organic,1
3723,11/04/2023,US,Paid Ads,0
3724,24/01/2023,US,Organic,1
3725,30/12/2023,UK,Organic,1
3726,11/01/2023,FR,Paid Ads,0
3727,30/09/2023,DE,Email,0
3728,08/10/2023,UK,Organic,0
3729,04/04/2023,UK,Paid Ads,1
3730,20/07/2023,UK,Organic,0
3731,21/01/2023,US,Social,0
3732,06/12/2023,UK,Organic,1
3733,30/07/2023,US,Social,0
3734,20/05/2023,DE,Social,0
3735,20/10/2023,US,Email,0
3736,25/10/2023,UK,Organic,0
3737,11/04/2023,UK,Paid Ads,1
3738,31/10/2023,DE,Organic,0
3739,25/12/2023,IT,Email,0
3740,28/01/2023,ES,Email,1
3741,10/02/2023,DE,Social,0
3742,21/12/2023,US,Paid Ads,1
3743,30/10/2023,US,Paid Ads,1
3744,26/05/2023,IT,Paid Ads,1
3745,13/09/2023,UK,Organic,0
3746,15/08/2023,NL,Paid Ads,0
3747,24/08/2023,FR,Paid Ads,1
3748,27/12/2023,FR,Social,0
3749,13/01/2023,UK,Paid Ads,1
3750,29/07/2023,DE,Email,0
3751,17/08/2023,US,Email,0
3752,10/04/2023,UK,Paid Ads,0
3753,31/01/2023,UK,Organic,0
3754,16/01/2023,IT,Paid Ads,0
3755,17/05/2023,US,Paid Ads,0
3756,25/11/2023,US,Organic,0
3757,15/06/2023,UK,Organic,0
3758,06/11/2023,FR,Social,0
3759,10/04/2023,FR,Organic,0
3760,19/04/2023,DE,Referral,0
3761,09/12/2023,US,Email,0
3762,22/06/2023,US,Paid Ads,0
3763,25/08/2023,DE,Paid Ads,1
3764,11/06/2023,UK,Referral,1
3765,04/08/2023,IT,Paid Ads,0
3766,21/09/2023,DE,Organic,0
3767,20/09/2023,UK,Social,0
3768,19/10/2023,US,Paid Ads,1
3769,01/10/2023,ES,Referral,1
3770,03/01/2023,UK,Paid Ads,0
3771,28/01/2023,UK,Organic,1
3772,22/11/2023,FR,Social,1
3773,29/05/2023,UK,Email,1
3774,28/01/2023,ES,Organic,0
3775,06/11/2023,UK,Social,0
3776,06/03/2023,ES,Referral,0
3777,22/12/2023,UK,Paid Ads,1
3778,21/01/2023,UK,Paid Ads,0
3779,09/09/2023,IT,Organic,1
3780,23/08/2023,DE,Paid Ads,1
3781,15/08/2023,US,Organic,0
3782,13/01/2023,UK,Paid Ads,1
3783,09/11/2023,DE,Paid Ads,1
3784,18/02/2023,US,Email,1
3785,28/04/2023,NL,Referral,1
3786,23/02/2023,NL,Organic,0
3787,18/05/2023,DE,Email,1
3788,22/02/2023,US,Paid Ads,0
3789,13/02/2023,US,Paid Ads,0
3790,30/10/2023,FR,Organic,1
3791,22/02/2023,UK,Email,0
3792,15/03/2023,UK,Social,0
3793,15/02/2023,UK,Email,0
3794,13/01/2023,UK,Social,0
3795,14/06/2023,UK,Organic,0
3796,12/04/2023,US,Email,1
3797,07/10/2023,ES,Paid Ads,0
3798,15/09/2023,US,Organic,0
3799,03/12/2023,UK,Referral,0
3800,22/12/2023,UK,Referral,0
3801,18/05/2023,DE,Organic,0
3802,12/06/2023,UK,Organic,1
3803,21/04/2023,DE,Organic,0
3804,12/04/2023,NL,Organic,0
3805,17/01/2023,UK,Organic,1
3806,25/09/2023,UK,Organic,1
3807,01/07/2023,US,Organic,0
3808,24/01/2023,NL,Social,0
3809,29/01/2023,ES,Email,1
3810,20/06/2023,IT,Organic,1
3811,16/08/2023,UK,Social,0
3812,07/07/2023,NL,Paid Ads,1
3813,12/12/2023,UK,Paid Ads,1
3814,18/08/2023,UK,Paid Ads,0
3815,17/11/2023,IT,Paid Ads,0
3816,06/12/2023,IT,Organic,0
3817,29/04/2023,UK,Organic,0
3818,05/06/2023,UK,Paid Ads,0
3819,29/09/2023,UK,Paid Ads,0
3820,24/06/2023,UK,Email,1
3821,14/04/2023,UK,Organic,1
3822,02/04/2023,NL,Referral,1
3823,05/07/2023,FR,Paid Ads,0
3824,10/10/2023,ES,Social,0
3825,30/06/2023,ES,Organic,0
3826,19/06/2023,US,Social,0
3827,06/07/2023,ES,Email,0
3828,24/06/2023,DE,Paid Ads,0
3829,10/08/2023,UK,Referral,1
3830,21/08/2023,DE,Organic,0
3831,11/06/2023,US,Social,0
3832,14/05/2023,ES,Organic,0
3833,12/08/2023,NL,Paid Ads,1
3834,02/06/2023,US,Organic,0
3835,02/02/2023,ES,Paid Ads,1
3836,24/02/2023,UK,Paid Ads,0
3837,07/01/2023,ES,Social,0
3838,01/09/2023,US,Paid Ads,1
3839,09/11/2023,UK,Social,1
3840,06/05/2023,US,Paid Ads,0
3841,12/01/2023,DE,Organic,0
3842,16/01/2023,UK,Organic,0
3843,27/07/2023,IT,Referral,0
3844,12/02/2023,UK,Organic,0
3845,15/05/2023,IT,Paid Ads,1
3846,16/08/2023,FR,Organic,0
3847,21/04/2023,UK,Paid Ads,0
3848,03/11/2023,US,Referral,0
3849,09/06/2023,FR,Paid Ads,1
3850,27/11/2023,DE,Organic,1
3851,21/09/2023,FR,Organic,1
3852,13/08/2023,US,Organic,0
3853,05/08/2023,US,Organic,0
3854,14/02/2023,NL,Paid Ads,1
3855,02/08/2023,UK,Paid Ads,1
3856,28/02/2023,US,Organic,1
3857,12/05/2023,UK,Paid Ads,0
3858,14/04/2023,ES,Paid Ads,0
3859,14/07/2023,ES,Organic,0
3860,06/06/2023,UK,Paid Ads,1
3861,08/04/2023,UK,Organic,1
3862,14/08/2023,UK,Paid Ads,0
3863,24/07/2023,US,Email,1
3864,20/03/2023,US,Organic,0
3865,04/05/2023,NL,Paid Ads,1
3866,06/08/2023,US,Paid Ads,1
3867,04/01/2023,UK,Organic,0
3868,31/03/2023,IT,Referral,0
3869,14/04/2023,US,Paid Ads,1
3870,29/04/2023,DE,Paid Ads,0
3871,13/05/2023,UK,Referral,0
3872,08/11/2023,US,Email,1
3873,06/04/2023,IT,Social,1
3874,27/11/2023,DE,Paid Ads,0
3875,23/05/2023,UK,Email,1
3876,15/10/2023,DE,Organic,0
3877,28/01/2023,IT,Paid Ads,0
3878,05/10/2023,UK,Organic,1
3879,21/08/2023,US,Organic,1
3880,17/01/2023,NL,Paid Ads,1
3881,28/02/2023,UK,Referral,1
3882,31/03/2023,FR,Paid Ads,1
3883,18/07/2023,DE,Referral,0
3884,28/12/2023,FR,Paid Ads,0
3885,26/01/2023,US,Paid Ads,0
3886,25/01/2023,UK,Organic,0
3887,28/10/2023,FR,Organic,1
3888,05/12/2023,UK,Organic,1
3889,24/09/2023,US,Paid Ads,1
3890,30/06/2023,UK,Organic,1
3891,26/12/2023,UK,Organic,1
3892,09/03/2023,NL,Referral,0
3893,17/12/2023,US,Paid Ads,0
3894,17/11/2023,NL,Paid Ads,0
3895,18/02/2023,UK,Organic,1
3896,24/06/2023,DE,Paid Ads,0
3897,21/02/2023,UK,Email,0
3898,12/04/2023,ES,Email,1
3899,04/08/2023,ES,Referral,1
3900,07/07/2023,UK,Organic,0
3901,26/02/2023,IT,Referral,0
3902,16/02/2023,UK,Organic,0
3903,08/06/2023,DE,Organic,0
3904,23/06/2023,NL,Organic,1
3905,30/08/2023,IT,Email,1
3906,09/10/2023,NL,Paid Ads,0
3907,29/08/2023,UK,Paid Ads,1
3908,05/01/2023,UK,Referral,1
3909,25/03/2023,UK,Organic,0
3910,04/11/2023,US,Paid Ads,1
3911,27/12/2023,ES,Paid Ads,1
3912,05/09/2023,UK,Paid Ads,0
3913,23/02/2023,FR,Email,1
3914,10/06/2023,UK,Organic,1
3915,14/08/2023,UK,Email,1
3916,15/01/2023,FR,Paid Ads,0
3917,12/08/2023,US,Referral,1
3918,02/03/2023,ES,Paid Ads,1
3919,02/05/2023,UK,Social,0
3920,04/10/2023,ES,Organic,1
3921,15/02/2023,UK,Referral,1
3922,21/10/2023,UK,Paid Ads,0
3923,03/03/2023,FR,Organic,1
3924,27/03/2023,IT,Organic,1
3925,29/07/2023,UK,Email,0
3926,19/03/2023,UK,Organic,0
3927,21/07/2023,US,Organic,0
3928,29/10/2023,UK,Social,0
3929,11/08/2023,ES,Referral,0
3930,10/08/2023,ES,Organic,0
3931,03/01/2023,UK,Paid Ads,1
3932,06/01/2023,US,Paid Ads,1
3933,03/04/2023,ES,Email,0
3934,08/01/2023,UK,Referral,1
3935,23/08/2023,DE,Email,0
3936,18/04/2023,UK,Organic,1
3937,10/06/2023,DE,Paid Ads,1
3938,28/07/2023,UK,Organic,0
3939,28/08/2023,ES,Organic,1
3940,27/11/2023,US,Referral,0
3941,29/11/2023,UK,Organic,1
3942,19/02/2023,ES,Paid Ads,1
3943,11/01/2023,UK,Email,1
3944,17/12/2023,US,Organic,1
3945,05/06/2023,US,Organic,0
3946,11/03/2023,UK,Referral,0
3947,18/06/2023,IT,Social,0
3948,29/09/2023,ES,Referral,0
3949,09/03/2023,UK,Paid Ads,0
3950,21/12/2023,FR,Organic,1
3951,09/09/2023,US,Organic,1
3952,17/02/2023,IT,Referral,0
3953,03/07/2023,UK,Organic,1
3954,16/11/2023,DE,Email,1
3955,06/07/2023,US,Paid Ads,0
3956,31/03/2023,US,Paid Ads,1
3957,28/11/2023,US,Email,1
3958,19/05/2023,UK,Email,1
3959,23/12/2023,ES,Paid Ads,0
3960,30/03/2023,US,Social,1
3961,01/10/2023,NL,Social,0
3962,19/01/2023,UK,Social,1
3963,07/11/2023,FR,Email,0
3964,24/12/2023,IT,Referral,1
3965,03/06/2023,FR,Referral,0
3966,17/09/2023,IT,Organic,0
3967,18/04/2023,ES,Organic,0
3968,12/10/2023,US,Organic,0
3969,28/02/2023,DE,Organic,0
3970,05/05/2023,UK,Paid Ads,1
3971,20/12/2023,US,Organic,0
3972,30/09/2023,UK,Social,0
3973,17/04/2023,FR,Email,0
3974,26/10/2023,US,Organic,1
3975,02/09/2023,US,Organic,1
3976,02/12/2023,UK,Email,1
3977,04/09/2023,NL,Email,1
3978,08/01/2023,UK,Social,0
3979,21/05/2023,UK,Social,1
3980,28/12/2023,UK,Social,1
3981,08/01/2023,NL,Paid Ads,0
3982,18/12/2023,NL,Organic,0
3983,04/04/2023,FR,Email,0
3984,17/11/2023,IT,Organic,1
3985,08/02/2023,UK,Email,1
3986,22/03/2023,NL,Paid Ads,1
3987,06/07/2023,UK,Email,1
3988,25/03/2023,UK,Organic,1
3989,29/03/2023,UK,Paid Ads,1
3990,30/08/2023,DE,Paid Ads,0
3991,08/12/2023,ES,Social,1
3992,03/04/2023,US,Organic,1
3993,27/03/2023,NL,Social,0
3994,13/02/2023,US,Email,0
3995,17/05/2023,UK,Referral,1
3996,15/03/2023,US,Email,1
3997,05/02/2023,FR,Paid Ads,0
3998,11/04/2023,ES,Organic,1
3999,05/06/2023,US,Organic,0
4000,12/09/2023,DE,Email,0
4001,20/06/2023,UK,Referral,1
4002,04/08/2023,DE,Organic,0
4003,19/06/2023,NL,Paid Ads,0
4004,09/09/2023,UK,Paid Ads,0
4005,26/12/2023,IT,Organic,1
4006,18/11/2023,DE,Paid Ads,0
4007,24/02/2023,UK,Organic,0
4008,01/04/2023,NL,Organic,0
4009,05/10/2023,US,Paid Ads,0
4010,11/04/2023,UK,Paid Ads,1
4011,04/06/2023,UK,Organic,1
4012,15/12/2023,UK,Paid Ads,1
4013,30/12/2023,ES,Organic,1
4014,21/05/2023,DE,Organic,1
4015,22/06/2023,IT,Organic,1
4016,10/01/2023,UK,Organic,1
4017,16/08/2023,UK,Organic,0
4018,22/09/2023,UK,Email,0
4019,05/09/2023,US,Paid Ads,0
4020,04/09/2023,NL,Organic,0
4021,04/06/2023,FR,Organic,1
4022,03/02/2023,UK,Organic,0
4023,09/05/2023,IT,Email,0
4024,09/06/2023,ES,Organic,0
4025,30/03/2023,UK,Organic,1
4026,03/04/2023,ES,Paid Ads,0
4027,23/11/2023,UK,Paid Ads,0
4028,29/08/2023,UK,Organic,0
4029,19/11/2023,UK,Paid Ads,1
4030,27/04/2023,US,Organic,0
4031,04/04/2023,US,Organic,0
4032,12/06/2023,UK,Referral,0
4033,09/04/2023,UK,Referral,0
4034,23/04/2023,ES,Paid Ads,1
4035,25/12/2023,NL,Organic,1
4036,01/04/2023,ES,Paid Ads,1
4037,12/12/2023,UK,Organic,1
4038,25/07/2023,UK,Referral,1
4039,17/01/2023,UK,Paid Ads,1
4040,01/10/2023,UK,Organic,1
4041,22/06/2023,DE,Paid Ads,0
4042,26/04/2023,DE,Referral,0
4043,15/12/2023,FR,Organic,1
4044,30/06/2023,FR,Email,1
4045,01/04/2023,UK,Email,0
4046,23/03/2023,UK,Organic,0
4047,20/11/2023,FR,Social,1
4048,24/04/2023,UK,Paid Ads,0
4049,14/09/2023,UK,Referral,1
4050,27/02/2023,US,Email,0
4051,03/06/2023,UK,Paid Ads,0
4052,31/12/2023,UK,Organic,1
4053,26/04/2023,ES,Social,0
4054,09/12/2023,IT,Organic,1
4055,23/09/2023,UK,Organic,0
4056,11/11/2023,UK,Organic,0
4057,22/07/2023,FR,Email,0
4058,10/02/2023,UK,Social,1
4059,15/04/2023,US,Organic,0
4060,12/07/2023,UK,Email,0
4061,05/10/2023,UK,Organic,0
4062,20/12/2023,ES,Social,1
4063,25/08/2023,ES,Paid Ads,1
4064,09/08/2023,UK,Organic,0
4065,09/03/2023,UK,Organic,0
4066,16/07/2023,UK,Organic,1
4067,13/09/2023,UK,Organic,0
4068,19/05/2023,NL,Email,1
4069,08/11/2023,FR,Organic,1
4070,29/05/2023,US,Social,1
4071,09/04/2023,ES,Paid Ads,0
4072,17/03/2023,ES,Referral,0
4073,09/10/2023,ES,Organic,0
4074,19/04/2023,UK,Email,1
4075,07/07/2023,UK,Referral,0
4076,18/07/2023,FR,Email,1
4077,30/10/2023,US,Social,1
4078,23/11/2023,NL,Organic,1
4079,03/06/2023,FR,Organic,1
4080,09/02/2023,NL,Email,0
4081,13/05/2023,UK,Email,0
4082,12/05/2023,IT,Paid Ads,0
4083,06/10/2023,UK,Organic,1
4084,28/12/2023,NL,Referral,1
4085,25/03/2023,UK,Organic,1
4086,30/08/2023,US,Organic,1
4087,26/04/2023,ES,Paid Ads,0
4088,19/04/2023,US,Organic,1
4089,09/08/2023,US,Paid Ads,0
4090,10/02/2023,NL,Social,1
4091,27/05/2023,US,Email,1
4092,22/04/2023,DE,Social,1
4093,13/04/2023,UK,Email,0
4094,15/02/2023,ES,Organic,1
4095,20/11/2023,DE,Email,0
4096,28/09/2023,US,Social,1
4097,14/07/2023,UK,Social,1
4098,07/10/2023,DE,Referral,0
4099,10/10/2023,UK,Organic,1
4100,09/02/2023,UK,Organic,1
4101,08/07/2023,DE,Organic,0
4102,13/06/2023,UK,Social,1
4103,24/01/2023,UK,Paid Ads,0
4104,24/01/2023,FR,Email,1
4105,04/01/2023,UK,Paid Ads,1
4106,19/11/2023,UK,Referral,1
4107,17/10/2023,UK,Organic,0
4108,30/06/2023,DE,Organic,0
4109,05/09/2023,FR,Paid Ads,0
4110,26/04/2023,FR,Paid Ads,0
4111,06/10/2023,UK,Organic,1
4112,31/12/2023,UK,Email,1
4113,10/03/2023,UK,Organic,1
4114,17/12/2023,US,Email,0
4115,11/09/2023,IT,Organic,0
4116,30/06/2023,UK,Referral,1
4117,14/11/2023,UK,Organic,1
4118,18/06/2023,UK,Email,0
4119,09/11/2023,DE,Paid Ads,0
4120,06/09/2023,FR,Referral,0
4121,07/07/2023,DE,Social,1
4122,23/02/2023,IT,Organic,0
4123,22/11/2023,US,Organic,0
4124,23/12/2023,UK,Email,1
4125,09/11/2023,UK,Paid Ads,0
4126,18/05/2023,FR,Organic,1
4127,17/06/2023,DE,Paid Ads,1
4128,13/04/2023,US,Organic,0
4129,26/03/2023,FR,Organic,0
4130,13/11/2023,DE,Paid Ads,1
4131,31/07/2023,IT,Email,1
4132,03/01/2023,DE,Paid Ads,0
4133,28/06/2023,ES,Paid Ads,1
4134,08/12/2023,UK,Email,1
4135,30/10/2023,FR,Organic,1
4136,28/11/2023,IT,Referral,0
4137,07/02/2023,US,Email,1
4138,27/08/2023,ES,Organic,0
4139,18/06/2023,FR,Organic,1
4140,09/12/2023,UK,Social,0
4141,10/11/2023,DE,Social,0
4142,02/11/2023,UK,Organic,0
4143,30/01/2023,NL,Organic,0
4144,09/07/2023,ES,Organic,1
4145,23/12/2023,UK,Organic,0
4146,25/01/2023,UK,Paid Ads,0
4147,22/04/2023,DE,Paid Ads,1
4148,25/07/2023,UK,Email,0
4149,04/07/2023,UK,Organic,1
4150,16/02/2023,US,Email,1
4151,16/08/2023,US,Organic,1
4152,08/02/2023,UK,Organic,0
4153,16/01/2023,ES,Paid Ads,1
4154,22/01/2023,IT,Organic,0
4155,01/08/2023,ES,Organic,0
4156,06/11/2023,ES,Email,0
4157,29/05/2023,UK,Organic,0
4158,29/08/2023,UK,Referral,1
4159,29/09/2023,UK,Organic,0
4160,28/02/2023,ES,Organic,1
4161,14/10/2023,IT,Paid Ads,0
4162,21/07/2023,FR,Email,1
4163,01/02/2023,IT,Paid Ads,1
4164,11/06/2023,DE,Paid Ads,1
4165,12/09/2023,US,Social,1
4166,11/09/2023,US,Email,1
4167,09/01/2023,UK,Organic,0
4168,19/05/2023,UK,Referral,1
4169,10/01/2023,FR,Paid Ads,0
4170,02/08/2023,US,Referral,1
4171,30/09/2023,DE,Paid Ads,0
4172,20/11/2023,DE,Organic,0
4173,17/02/2023,UK,Paid Ads,0
4174,21/04/2023,US,Paid Ads,1
4175,02/06/2023,US,Paid Ads,1
4176,03/05/2023,US,Email,1
4177,23/12/2023,ES,Email,0
4178,12/04/2023,US,Paid Ads,0
4179,29/08/2023,DE,Paid Ads,0
4180,17/11/2023,IT,Paid Ads,1
4181,10/07/2023,IT,Paid Ads,0
4182,05/08/2023,IT,Social,0
4183,20/02/2023,UK,Paid Ads,1
4184,19/10/2023,UK,Organic,1
4185,22/03/2023,UK,Paid Ads,0
4186,29/03/2023,UK,Paid Ads,1
4187,13/07/2023,IT,Paid Ads,0
4188,14/04/2023,DE,Paid Ads,0
4189,28/09/2023,UK,Organic,0
4190,06/04/2023,UK,Organic,0
4191,17/07/2023,UK,Organic,0
4192,01/01/2023,DE,Paid Ads,1
4193,16/06/2023,FR,Organic,1
4194,06/05/2023,IT,Email,0
4195,09/11/2023,IT,Organic,0
4196,22/03/2023,UK,Social,0
4197,08/09/2023,UK,Organic,1
4198,18/06/2023,UK,Organic,1
4199,14/03/2023,US,Paid Ads,1
4200,21/05/2023,IT,Organic,1
4201,11/03/2023,DE,Social,0
4202,19/09/2023,FR,Organic,0
4203,06/12/2023,US,Paid Ads,1
4204,04/11/2023,UK,Social,0
4205,02/09/2023,UK,Organic,0
4206,03/01/2023,US,Organic,0
4207,03/12/2023,FR,Organic,0
4208,04/03/2023,UK,Paid Ads,1
4209,18/02/2023,FR,Organic,0
4210,17/03/2023,ES,Paid Ads,1
4211,24/06/2023,US,Email,0
4212,19/04/2023,FR,Email,0
4213,02/07/2023,US,Organic,0
4214,11/07/2023,FR,Organic,0
4215,06/03/2023,ES,Organic,0
4216,03/12/2023,NL,Paid Ads,1
4217,28/09/2023,UK,Organic,1
4218,10/04/2023,US,Email,1
4219,01/02/2023,UK,Referral,1
4220,18/12/2023,UK,Organic,1
4221,08/05/2023,FR,Paid Ads,0
4222,05/12/2023,IT,Organic,1
4223,12/02/2023,US,Organic,0
4224,19/03/2023,UK,Organic,0
4225,10/11/2023,UK,Organic,0
4226,16/10/2023,US,Paid Ads,0
4227,27/09/2023,UK,Paid Ads,1
4228,11/06/2023,UK,Organic,0
4229,08/07/2023,FR,Social,1
4230,04/09/2023,UK,Paid Ads,0
4231,04/08/2023,US,Organic,0
4232,11/11/2023,ES,Organic,1
4233,05/12/2023,UK,Paid Ads,1
4234,17/06/2023,DE,Social,0
4235,05/12/2023,FR,Paid Ads,0
4236,12/07/2023,FR,Social,0
4237,10/10/2023,US,Paid Ads,1
4238,02/12/2023,UK,Paid Ads,1
4239,13/01/2023,ES,Paid Ads,1
4240,28/08/2023,ES,Referral,0
4241,16/11/2023,UK,Organic,0
4242,27/05/2023,UK,Email,1
4243,23/07/2023,UK,Organic,1
4244,21/03/2023,UK,Paid Ads,0
4245,12/02/2023,DE,Paid Ads,1
4246,30/03/2023,UK,Paid Ads,0
4247,28/05/2023,UK,Organic,0
4248,05/04/2023,ES,Paid Ads,1
4249,31/05/2023,UK,Paid Ads,1
4250,02/01/2023,ES,Referral,0
4251,22/01/2023,FR,Email,1
4252,09/11/2023,UK,Referral,0
4253,24/11/2023,FR,Organic,1
4254,07/01/2023,FR,Social,1
4255,25/07/2023,US,Email,0
4256,24/04/2023,UK,Organic,0
4257,29/09/2023,US,Organic,1
4258,24/03/2023,IT,Organic,1
4259,28/06/2023,DE,Paid Ads,0
4260,29/07/2023,UK,Email,0
4261,24/11/2023,FR,Email,1
4262,04/05/2023,US,Email,0
4263,23/04/2023,DE,Organic,1
4264,12/01/2023,FR,Paid Ads,1
4265,06/05/2023,US,Organic,0
4266,22/02/2023,ES,Organic,0
4267,27/11/2023,FR,Referral,1
4268,10/10/2023,DE,Organic,1
4269,20/05/2023,UK,Referral,1
4270,07/04/2023,ES,Paid Ads,0
4271,05/01/2023,IT,Email,1
4272,26/02/2023,UK,Organic,1
4273,30/11/2023,US,Email,1
4274,10/03/2023,UK,Social,1
4275,28/04/2023,ES,Email,0
4276,28/02/2023,FR,Email,1
4277,02/02/2023,UK,Referral,0
4278,14/11/2023,IT,Paid Ads,1
4279,19/02/2023,UK,Referral,0
4280,19/01/2023,ES,Referral,1
4281,02/08/2023,US,Paid Ads,1
4282,16/07/2023,UK,Email,1
4283,16/02/2023,UK,Paid Ads,0
4284,16/06/2023,UK,Organic,0
4285,16/10/2023,FR,Paid Ads,1
4286,21/05/2023,DE,Organic,1
4287,25/03/2023,UK,Organic,1
4288,01/07/2023,UK,Organic,0
4289,20/03/2023,UK,Organic,0
4290,03/08/2023,FR,Email,0
4291,14/01/2023,FR,Paid Ads,0
4292,03/08/2023,UK,Organic,1
4293,08/05/2023,DE,Paid Ads,0
4294,06/11/2023,UK,Organic,1
4295,05/09/2023,IT,Paid Ads,0
4296,29/01/2023,IT,Paid Ads,1
4297,07/10/2023,FR,Social,1
4298,04/12/2023,IT,Organic,1
4299,15/11/2023,ES,Referral,1
4300,21/07/2023,ES,Email,0
4301,27/12/2023,DE,Social,0
4302,26/02/2023,UK,Organic,0
4303,06/08/2023,UK,Paid Ads,0
4304,03/03/2023,UK,Organic,1
4305,06/06/2023,DE,Paid Ads,0
4306,21/07/2023,UK,Organic,0
4307,17/01/2023,UK,Email,0
4308,18/11/2023,US,Organic,1
4309,06/01/2023,UK,Paid Ads,1
4310,27/02/2023,DE,Paid Ads,1
4311,21/11/2023,IT,Social,0
4312,14/11/2023,FR,Referral,0
4313,18/06/2023,FR,Organic,1
4314,23/03/2023,DE,Organic,0
4315,07/08/2023,US,Organic,1
4316,26/06/2023,UK,Email,1
4317,23/07/2023,IT,Referral,0
4318,12/03/2023,UK,Paid Ads,1
4319,23/09/2023,UK,Organic,1
4320,08/04/2023,ES,Email,0
4321,11/12/2023,UK,Paid Ads,0
4322,18/10/2023,US,Social,0
4323,27/07/2023,UK,Paid Ads,1
4324,02/01/2023,UK,Organic,1
4325,04/05/2023,UK,Organic,1
4326,07/10/2023,UK,Organic,0
4327,15/03/2023,FR,Referral,1
4328,15/06/2023,ES,Referral,1
4329,22/01/2023,US,Organic,1
4330,03/06/2023,IT,Organic,0
4331,22/10/2023,UK,Organic,1
4332,07/08/2023,UK,Social,1
4333,06/06/2023,UK,Organic,1
4334,18/08/2023,DE,Organic,1
4335,20/01/2023,US,Organic,1
4336,10/02/2023,DE,Paid Ads,1
4337,28/05/2023,ES,Referral,0
4338,18/04/2023,US,Email,1
4339,25/03/2023,DE,Organic,1
4340,18/11/2023,IT,Referral,1
4341,05/11/2023,UK,Organic,0
4342,17/10/2023,US,Social,1
4343,19/11/2023,FR,Organic,0
4344,14/05/2023,DE,Organic,0
4345,26/07/2023,UK,Paid Ads,1
4346,10/10/2023,US,Organic,1
4347,23/09/2023,US,Organic,0
4348,14/03/2023,US,Referral,0
4349,18/12/2023,UK,Referral,0
4350,17/02/2023,IT,Paid Ads,0
4351,22/11/2023,ES,Referral,1
4352,21/08/2023,US,Paid Ads,0
4353,10/04/2023,FR,Paid Ads,1
4354,28/02/2023,IT,Paid Ads,0
4355,15/09/2023,UK,Referral,0
4356,06/03/2023,UK,Organic,1
4357,24/03/2023,US,Organic,1
4358,03/06/2023,ES,Paid Ads,1
4359,23/09/2023,UK,Paid Ads,1
4360,05/11/2023,NL,Email,0
4361,20/03/2023,US,Organic,0
4362,11/11/2023,US,Organic,0
4363,30/05/2023,UK,Organic,1
4364,17/02/2023,UK,Organic,1
4365,05/09/2023,ES,Referral,1
4366,05/10/2023,NL,Paid Ads,1
4367,22/12/2023,US,Referral,0
4368,08/04/2023,NL,Paid Ads,0
4369,25/01/2023,ES,Email,1
4370,11/10/2023,US,Social,0
4371,28/10/2023,FR,Referral,1
4372,09/03/2023,US,Email,1
4373,07/01/2023,DE,Paid Ads,1
4374,01/11/2023,UK,Social,0
4375,17/05/2023,FR,Email,0
4376,13/06/2023,UK,Social,1
4377,24/03/2023,ES,Paid Ads,0
4378,18/05/2023,ES,Email,0
4379,14/03/2023,UK,Paid Ads,1
4380,25/08/2023,UK,Organic,0
4381,15/02/2023,US,Organic,0
4382,16/04/2023,DE,Email,1
4383,15/10/2023,UK,Organic,0
4384,19/09/2023,DE,Paid Ads,1
4385,25/06/2023,UK,Organic,0
4386,15/06/2023,UK,Organic,0
4387,25/05/2023,UK,Email,1
4388,26/11/2023,UK,Email,1
4389,10/10/2023,ES,Paid Ads,1
4390,23/02/2023,NL,Organic,1
4391,27/06/2023,US,Paid Ads,1
4392,01/09/2023,US,Paid Ads,0
4393,07/12/2023,UK,Organic,1
4394,07/05/2023,DE,Organic,1
4395,28/09/2023,UK,Paid Ads,0
4396,12/05/2023,DE,Organic,0
4397,03/04/2023,IT,Referral,1
4398,14/03/2023,UK,Organic,0
4399,05/09/2023,ES,Paid Ads,0
4400,14/12/2023,UK,Organic,1
4401,30/09/2023,US,Social,1
4402,12/02/2023,UK,Paid Ads,0
4403,10/02/2023,US,Organic,0
4404,19/06/2023,UK,Paid Ads,1
4405,31/07/2023,US,Email,1
4406,17/06/2023,US,Email,0
4407,08/02/2023,UK,Referral,0
4408,02/09/2023,FR,Organic,0
4409,31/05/2023,IT,Referral,0
4410,21/04/2023,US,Email,0
4411,16/02/2023,UK,Paid Ads,0
4412,04/03/2023,UK,Email,0
4413,13/08/2023,IT,Organic,0
4414,10/03/2023,DE,Organic,1
4415,26/10/2023,US,Email,0
4416,17/10/2023,UK,Paid Ads,1
4417,23/10/2023,US,Organic,1
4418,22/07/2023,UK,Organic,0
4419,02/03/2023,IT,Email,1
4420,14/11/2023,IT,Organic,1
4421,10/11/2023,UK,Organic,0
4422,10/06/2023,US,Organic,0
4423,27/11/2023,UK,Social,0
4424,16/01/2023,US,Social,0
4425,04/12/2023,IT,Paid Ads,1
4426,04/04/2023,US,Paid Ads,1
4427,31/10/2023,UK,Organic,1
4428,18/05/2023,UK,Organic,0
4429,04/12/2023,ES,Email,0
4430,07/02/2023,DE,Organic,0
4431,07/05/2023,US,Paid Ads,1
4432,02/10/2023,UK,Paid Ads,1
4433,13/06/2023,UK,Organic,1
4434,15/11/2023,NL,Paid Ads,1
4435,18/03/2023,US,Paid Ads,0
4436,23/06/2023,US,Referral,1
4437,24/12/2023,US,Organic,1
4438,17/11/2023,ES,Organic,1
4439,01/04/2023,UK,Paid Ads,0
4440,26/08/2023,UK,Social,1
4441,21/09/2023,DE,Organic,1
4442,28/06/2023,FR,Social,0
4443,28/07/2023,FR,Referral,0
4444,14/03/2023,IT,Email,0
4445,17/04/2023,US,Organic,1
4446,11/12/2023,UK,Organic,0
4447,22/10/2023,NL,Organic,1
4448,11/10/2023,US,Organic,1
4449,19/12/2023,DE,Social,0
4450,01/07/2023,FR,Organic,1
4451,06/02/2023,US,Paid Ads,0
4452,17/05/2023,UK,Organic,0
4453,04/12/2023,ES,Referral,1
4454,25/02/2023,ES,Organic,1
4455,06/07/2023,DE,Organic,1
4456,07/12/2023,US,Organic,0
4457,15/09/2023,UK,Email,0
4458,27/02/2023,UK,Organic,0
4459,29/12/2023,UK,Organic,0
4460,03/05/2023,UK,Organic,1
4461,07/07/2023,NL,Social,0
4462,18/08/2023,ES,Paid Ads,1
4463,17/06/2023,FR,Referral,0
4464,24/04/2023,US,Referral,1
4465,09/09/2023,UK,Organic,0
4466,17/04/2023,NL,Paid Ads,1
4467,06/02/2023,US,Organic,1
4468,01/12/2023,UK,Paid Ads,0
4469,02/04/2023,US,Paid Ads,0
4470,18/01/2023,IT,Paid Ads,0
4471,20/12/2023,IT,Organic,0
4472,04/03/2023,UK,Organic,1
4473,30/05/2023,IT,Email,0
4474,19/05/2023,UK,Referral,0
4475,05/07/2023,UK,Organic,1
4476,04/07/2023,ES,Organic,0
4477,24/07/2023,IT,Email,0
4478,17/09/2023,DE,Email,0
4479,02/08/2023,DE,Social,1
4480,13/09/2023,ES,Organic,0
4481,15/05/2023,ES,Paid Ads,1
4482,02/03/2023,IT,Organic,0
4483,29/12/2023,DE,Paid Ads,0
4484,06/11/2023,NL,Organic,0
4485,29/03/2023,NL,Organic,0
4486,20/11/2023,UK,Organic,1
4487,26/07/2023,ES,Referral,0
4488,09/05/2023,US,Paid Ads,1
4489,07/11/2023,US,Paid Ads,1
4490,03/01/2023,DE,Email,1
4491,30/08/2023,UK,Referral,1
4492,01/05/2023,US,Paid Ads,0
4493,12/04/2023,IT,Social,0
4494,07/02/2023,UK,Paid Ads,0
4495,07/12/2023,US,Organic,1
4496,13/05/2023,IT,Social,0
4497,21/07/2023,US,Organic,0
4498,14/12/2023,US,Paid Ads,1
4499,21/01/2023,US,Organic,0
4500,30/08/2023,US,Paid Ads,0
4501,19/04/2023,DE,Paid Ads,0
4502,30/10/2023,ES,Organic,1
4503,25/03/2023,US,Paid Ads,1
4504,24/03/2023,ES,Email,0
4505,18/10/2023,US,Organic,0
4506,10/03/2023,UK,Organic,0
4507,09/05/2023,FR,Organic,0
4508,15/07/2023,FR,Email,0
4509,20/05/2023,DE,Referral,0
4510,10/10/2023,UK,Email,1
4511,08/11/2023,UK,Organic,0
4512,22/08/2023,UK,Organic,1
4513,23/01/2023,UK,Organic,1
4514,02/06/2023,FR,Organic,0
4515,04/10/2023,UK,Paid Ads,1
4516,02/03/2023,ES,Social,1
4517,15/11/2023,UK,Organic,1
4518,21/02/2023,UK,Social,1
4519,10/12/2023,US,Organic,1
4520,02/06/2023,UK,Social,1
4521,25/08/2023,IT,Organic,0
4522,07/11/2023,UK,Social,0
4523,29/10/2023,US,Organic,0
4524,01/02/2023,ES,Social,0
4525,24/02/2023,DE,Organic,0
4526,18/12/2023,UK,Organic,1
4527,05/02/2023,US,Paid Ads,1
4528,20/04/2023,FR,Organic,0
4529,26/06/2023,NL,Referral,0
4530,28/12/2023,IT,Social,1
4531,10/11/2023,UK,Paid Ads,1
4532,22/10/2023,NL,Referral,0
4533,02/12/2023,UK,Organic,0
4534,07/04/2023,UK,Paid Ads,0
4535,01/08/2023,ES,Paid Ads,1
4536,13/11/2023,UK,Email,0
4537,17/05/2023,UK,Organic,0
4538,06/01/2023,UK,Referral,0
4539,19/04/2023,US,Organic,0
4540,04/02/2023,FR,Organic,0
4541,08/02/2023,DE,Organic,0
4542,30/05/2023,UK,Organic,0
4543,28/04/2023,US,Organic,1
4544,18/09/2023,IT,Organic,0
4545,28/03/2023,ES,Email,0
4546,17/03/2023,UK,Organic,0
4547,09/11/2023,NL,Email,0
4548,02/08/2023,FR,Organic,0
4549,12/10/2023,UK,Organic,0
4550,27/08/2023,UK,Paid Ads,1
4551,14/06/2023,UK,Paid Ads,1
4552,28/03/2023,FR,Paid Ads,0
4553,21/05/2023,UK,Paid Ads,1
4554,09/06/2023,US,Organic,0
4555,15/02/2023,UK,Referral,1
4556,22/04/2023,IT,Paid Ads,0
4557,14/02/2023,UK,Organic,0
4558,04/09/2023,IT,Email,1
4559,14/04/2023,IT,Referral,0
4560,26/03/2023,UK,Organic,0
4561,14/05/2023,US,Email,1
4562,18/04/2023,UK,Social,1
4563,18/01/2023,IT,Paid Ads,0
4564,04/04/2023,US,Organic,1
4565,30/05/2023,UK,Social,0
4566,03/09/2023,UK,Organic,1
4567,16/10/2023,US,Organic,1
4568,28/07/2023,IT,Organic,1
4569,06/05/2023,FR,Referral,1
4570,23/08/2023,IT,Social,1
4571,02/05/2023,US,Paid Ads,0
4572,18/05/2023,UK,Social,1
4573,25/04/2023,NL,Organic,1
4574,11/06/2023,UK,Organic,1
4575,20/07/2023,IT,Paid Ads,0
4576,22/08/2023,US,Social,0
4577,28/01/2023,UK,Paid Ads,0
4578,11/01/2023,FR,Organic,1
4579,25/07/2023,NL,Organic,0
4580,16/06/2023,NL,Organic,0
4581,04/09/2023,UK,Organic,0
4582,16/02/2023,UK,Organic,1
4583,03/09/2023,DE,Social,0
4584,07/05/2023,DE,Paid Ads,1
4585,27/05/2023,FR,Referral,1
4586,28/04/2023,UK,Organic,1
4587,01/06/2023,NL,Organic,1
4588,13/03/2023,DE,Paid Ads,1
4589,29/12/2023,ES,Email,0
4590,17/05/2023,US,Paid Ads,0
4591,24/06/2023,US,Email,0
4592,16/10/2023,NL,Email,1
4593,19/01/2023,DE,Organic,0
4594,14/07/2023,IT,Organic,0
4595,26/11/2023,NL,Referral,1
4596,24/06/2023,FR,Paid Ads,0
4597,20/12/2023,US,Organic,0
4598,21/05/2023,UK,Paid Ads,1
4599,03/09/2023,UK,Paid Ads,1
4600,03/04/2023,UK,Social,1
4601,27/08/2023,UK,Organic,0
4602,24/07/2023,UK,Organic,1
4603,17/02/2023,UK,Paid Ads,1
4604,02/09/2023,US,Referral,0
4605,16/11/2023,US,Paid Ads,0
4606,13/11/2023,UK,Social,1
4607,22/10/2023,UK,Email,0
4608,08/05/2023,FR,Paid Ads,0
4609,10/12/2023,US,Organic,0
4610,09/10/2023,US,Paid Ads,0
4611,17/01/2023,DE,Referral,1
4612,12/03/2023,ES,Email,0
4613,26/09/2023,US,Social,0
4614,21/11/2023,DE,Paid Ads,0
4615,09/10/2023,NL,Paid Ads,0
4616,01/11/2023,ES,Organic,0
4617,07/01/2023,US,Organic,1
4618,10/11/2023,DE,Organic,1
4619,01/11/2023,UK,Organic,1
4620,13/04/2023,DE,Paid Ads,1
4621,05/11/2023,NL,Organic,0
4622,12/07/2023,US,Paid Ads,1
4623,29/08/2023,IT,Paid Ads,1
4624,03/03/2023,US,Paid Ads,0
4625,17/01/2023,NL,Paid Ads,0
4626,20/06/2023,DE,Organic,0
4627,25/01/2023,UK,Social,0
4628,08/09/2023,DE,Organic,0
4629,10/09/2023,UK,Social,0
4630,26/07/2023,UK,Organic,0
4631,29/01/2023,ES,Paid Ads,0
4632,27/04/2023,UK,Organic,1
4633,09/10/2023,ES,Organic,0
4634,24/05/2023,UK,Paid Ads,0
4635,25/01/2023,UK,Referral,0
4636,06/11/2023,NL,Organic,0
4637,05/06/2023,US,Paid Ads,0
4638,14/03/2023,DE,Organic,0
4639,30/04/2023,DE,Organic,1
4640,08/11/2023,DE,Social,1
4641,17/11/2023,IT,Email,1
4642,03/04/2023,FR,Paid Ads,1
4643,27/03/2023,US,Organic,1
4644,02/12/2023,IT,Organic,0
4645,30/12/2023,UK,Social,0
4646,28/04/2023,US,Organic,0
4647,21/08/2023,NL,Email,0
4648,18/07/2023,DE,Organic,0
4649,25/07/2023,ES,Social,1
4650,05/12/2023,FR,Organic,0
4651,27/05/2023,ES,Organic,0
4652,28/09/2023,IT,Paid Ads,1
4653,19/05/2023,UK,Social,1
4654,30/06/2023,UK,Social,1
4655,30/01/2023,US,Referral,0
4656,26/02/2023,FR,Email,0
4657,20/08/2023,UK,Paid Ads,0
4658,26/05/2023,UK,Email,1
4659,17/02/2023,UK,Email,1
4660,13/07/2023,NL,Paid Ads,1
4661,12/08/2023,FR,Paid Ads,1
4662,16/05/2023,US,Paid Ads,1
4663,22/01/2023,UK,Paid Ads,1
4664,06/01/2023,US,Email,0
4665,23/07/2023,UK,Organic,1
4666,27/08/2023,UK,Organic,1
4667,04/07/2023,IT,Paid Ads,0
4668,26/12/2023,NL,Organic,0
4669,19/10/2023,UK,Paid Ads,0
4670,01/12/2023,UK,Social,1
4671,08/08/2023,UK,Paid Ads,0
4672,26/04/2023,US,Email,0
4673,09/11/2023,UK,Organic,1
4674,18/02/2023,UK,Social,1
4675,22/06/2023,UK,Paid Ads,0
4676,23/03/2023,ES,Organic,0
4677,18/11/2023,FR,Paid Ads,1
4678,29/11/2023,DE,Social,1
4679,14/02/2023,US,Organic,0
4680,01/12/2023,IT,Paid Ads,1
4681,20/01/2023,NL,Social,0
4682,09/08/2023,UK,Organic,1
4683,03/05/2023,UK,Paid Ads,0
4684,22/08/2023,US,Paid Ads,1
4685,09/08/2023,UK,Organic,1
4686,19/11/2023,US,Paid Ads,0
4687,05/12/2023,DE,Organic,1
4688,03/01/2023,US,Email,1
4689,01/07/2023,UK,Organic,0
4690,25/07/2023,US,Organic,1
4691,16/11/2023,NL,Paid Ads,1
4692,09/02/2023,UK,Organic,1
4693,28/02/2023,FR,Organic,0
4694,03/03/2023,UK,Email,0
4695,12/05/2023,UK,Social,0
4696,01/03/2023,DE,Email,0
4697,27/11/2023,UK,Paid Ads,1
4698,02/05/2023,UK,Email,1
4699,17/04/2023,UK,Social,0
4700,06/04/2023,DE,Paid Ads,0
4701,13/12/2023,FR,Organic,0
4702,23/08/2023,UK,Organic,0
4703,03/03/2023,FR,Paid Ads,1
4704,13/09/2023,UK,Social,0
4705,18/02/2023,DE,Paid Ads,0
4706,14/12/2023,US,Referral,1
4707,08/06/2023,FR,Organic,1
4708,04/05/2023,NL,Organic,0
4709,13/11/2023,IT,Paid Ads,0
4710,26/07/2023,UK,Social,0
4711,17/02/2023,IT,Organic,0
4712,16/05/2023,UK,Email,0
4713,20/07/2023,NL,Organic,1
4714,07/09/2023,UK,Paid Ads,0
4715,10/11/2023,US,Paid Ads,0
4716,23/12/2023,UK,Email,0
4717,14/11/2023,UK,Organic,0
4718,22/10/2023,FR,Organic,0
4719,10/11/2023,IT,Organic,1
4720,28/07/2023,DE,Social,0
4721,21/12/2023,FR,Organic,0
4722,30/07/2023,ES,Organic,0
4723,11/07/2023,UK,Paid Ads,1
4724,13/02/2023,UK,Paid Ads,1
4725,29/01/2023,UK,Email,0
4726,28/02/2023,US,Social,0
4727,12/03/2023,UK,Paid Ads,1
4728,02/04/2023,UK,Social,0
4729,22/09/2023,UK,Referral,0
4730,08/08/2023,UK,Organic,1
4731,03/08/2023,IT,Social,1
4732,04/10/2023,UK,Referral,1
4733,05/03/2023,US,Paid Ads,1
4734,12/12/2023,DE,Referral,1
4735,19/10/2023,US,Paid Ads,0
4736,02/09/2023,UK,Organic,1
4737,03/03/2023,UK,Referral,1
4738,28/11/2023,UK,Email,0
4739,19/06/2023,US,Referral,0
4740,26/09/2023,UK,Organic,1
4741,24/09/2023,DE,Social,0
4742,23/02/2023,FR,Organic,1
4743,16/01/2023,US,Organic,1
4744,08/01/2023,US,Organic,0
4745,14/04/2023,US,Organic,0
4746,28/02/2023,ES,Paid Ads,0
4747,09/11/2023,UK,Paid Ads,0
4748,09/02/2023,FR,Email,1
4749,25/08/2023,ES,Social,0
4750,04/04/2023,US,Email,0
4751,10/08/2023,UK,Paid Ads,0
4752,23/07/2023,US,Referral,1
4753,18/05/2023,UK,Email,1
4754,27/10/2023,UK,Paid Ads,0
4755,26/07/2023,UK,Email,0
4756,02/12/2023,UK,Paid Ads,1
4757,22/03/2023,US,Organic,1
4758,06/08/2023,ES,Paid Ads,1
4759,02/01/2023,UK,Referral,0
4760,27/06/2023,IT,Referral,1
4761,12/12/2023,NL,Organic,1
4762,06/10/2023,NL,Paid Ads,0
4763,26/05/2023,ES,Social,1
4764,14/11/2023,US,Social,1
4765,12/08/2023,UK,Organic,1
4766,03/03/2023,DE,Organic,1
4767,21/10/2023,DE,Referral,1
4768,27/08/2023,ES,Paid Ads,1
4769,14/07/2023,NL,Organic,1
4770,15/06/2023,US,Organic,0
4771,10/08/2023,UK,Email,1
4772,02/03/2023,UK,Email,0
4773,09/05/2023,UK,Paid Ads,1
4774,22/06/2023,US,Paid Ads,1
4775,05/06/2023,DE,Paid Ads,0
4776,20/04/2023,ES,Organic,1
4777,26/09/2023,US,Paid Ads,1
4778,22/12/2023,IT,Organic,0
4779,05/10/2023,DE,Paid Ads,0
4780,15/03/2023,ES,Organic,0
4781,26/07/2023,UK,Referral,0
4782,06/10/2023,IT,Paid Ads,1
4783,22/11/2023,FR,Organic,0
4784,06/12/2023,UK,Organic,0
4785,23/12/2023,UK,Organic,1
4786,06/12/2023,IT,Paid Ads,0
4787,23/07/2023,UK,Organic,1
4788,10/06/2023,US,Organic,0
4789,28/01/2023,UK,Paid Ads,1
4790,14/09/2023,FR,Email,0
4791,14/06/2023,ES,Organic,1
4792,04/03/2023,US,Paid Ads,0
4793,22/01/2023,US,Social,1
4794,11/03/2023,NL,Social,0
4795,06/04/2023,ES,Organic,0
4796,12/06/2023,IT,Email,0
4797,20/03/2023,US,Paid Ads,1
4798,05/01/2023,UK,Social,0
4799,12/11/2023,US,Paid Ads,1
4800,30/04/2023,FR,Email,0
4801,29/10/2023,UK,Email,0
4802,27/06/2023,UK,Paid Ads,0
4803,25/06/2023,UK,Email,0
4804,05/08/2023,US,Organic,0
4805,25/02/2023,ES,Organic,1
4806,06/07/2023,UK,Paid Ads,0
4807,20/08/2023,FR,Social,0
4808,12/09/2023,IT,Paid Ads,1
4809,14/04/2023,UK,Paid Ads,1
4810,18/03/2023,FR,Paid Ads,0
4811,18/08/2023,NL,Organic,0
4812,15/09/2023,NL,Organic,1
4813,21/09/2023,UK,Referral,0
4814,27/11/2023,UK,Social,1
4815,01/07/2023,UK,Organic,0
4816,13/09/2023,FR,Paid Ads,0
4817,07/02/2023,FR,Organic,1
4818,25/06/2023,FR,Organic,1
4819,27/01/2023,UK,Organic,0
4820,03/10/2023,UK,Paid Ads,0
4821,20/05/2023,DE,Organic,0
4822,26/10/2023,US,Organic,0
4823,14/10/2023,FR,Email,0
4824,01/04/2023,US,Social,0
4825,02/03/2023,UK,Organic,0
4826,31/12/2023,UK,Referral,0
4827,13/12/2023,UK,Organic,0
4828,12/06/2023,UK,Social,0
4829,17/12/2023,UK,Referral,1
4830,23/05/2023,UK,Email,0
4831,10/09/2023,UK,Organic,0
4832,26/09/2023,UK,Paid Ads,0
4833,18/10/2023,FR,Paid Ads,0
4834,06/07/2023,UK,Organic,0
4835,31/10/2023,FR,Organic,1
4836,18/10/2023,FR,Paid Ads,0
4837,27/03/2023,DE,Referral,1
4838,15/06/2023,NL,Organic,1
4839,24/04/2023,UK,Paid Ads,0
4840,22/12/2023,FR,Organic,1
4841,02/07/2023,NL,Organic,1
4842,26/07/2023,IT,Paid Ads,0
4843,13/09/2023,UK,Organic,1
4844,23/08/2023,UK,Paid Ads,1
4845,21/12/2023,UK,Organic,0
4846,03/01/2023,DE,Paid Ads,0
4847,27/07/2023,FR,Paid Ads,1
4848,16/07/2023,UK,Social,1
4849,07/12/2023,US,Organic,0
4850,05/05/2023,FR,Referral,1
4851,18/05/2023,US,Organic,0
4852,05/12/2023,IT,Paid Ads,0
4853,25/01/2023,ES,Paid Ads,0
4854,09/03/2023,UK,Organic,0
4855,02/03/2023,DE,Paid Ads,1
4856,29/01/2023,UK,Organic,1
4857,19/01/2023,DE,Organic,0
4858,20/06/2023,NL,Organic,0
4859,15/03/2023,IT,Referral,0
4860,02/03/2023,US,Email,0
4861,02/06/2023,UK,Organic,0
4862,03/10/2023,UK,Paid Ads,1
4863,17/02/2023,US,Organic,1
4864,30/07/2023,UK,Organic,1
4865,09/12/2023,US,Email,1
4866,19/05/2023,UK,Paid Ads,0
4867,20/04/2023,UK,Organic,0
4868,02/07/2023,UK,Organic,0
4869,28/01/2023,NL,Email,0
4870,16/07/2023,FR,Organic,1
4871,10/07/2023,UK,Organic,0
4872,11/11/2023,UK,Referral,0
4873,20/02/2023,US,Paid Ads,0
4874,29/05/2023,UK,Paid Ads,1
4875,25/09/2023,US,Email,0
4876,19/02/2023,ES,Organic,1
4877,03/09/2023,DE,Referral,0
4878,23/04/2023,DE,Organic,1
4879,19/06/2023,US,Paid Ads,1
4880,15/06/2023,IT,Email,1
4881,14/01/2023,IT,Paid Ads,0
4882,22/07/2023,US,Referral,0
4883,15/10/2023,UK,Email,0
4884,08/07/2023,US,Organic,0
4885,04/06/2023,UK,Referral,1
4886,24/02/2023,DE,Social,0
4887,01/07/2023,US,Paid Ads,0
4888,29/07/2023,UK,Organic,1
4889,16/03/2023,UK,Organic,0
4890,04/10/2023,US,Organic,1
4891,13/05/2023,IT,Organic,1
4892,09/12/2023,DE,Paid Ads,0
4893,28/02/2023,FR,Organic,0
4894,11/12/2023,UK,Organic,0
4895,01/07/2023,DE,Paid Ads,1
4896,05/12/2023,US,Paid Ads,0
4897,17/11/2023,FR,Paid Ads,0
4898,05/03/2023,UK,Referral,0
4899,23/11/2023,US,Organic,0
4900,17/09/2023,UK,Organic,0
4901,12/07/2023,UK,Organic,1
4902,23/05/2023,NL,Paid Ads,0
4903,14/04/2023,UK,Organic,0
4904,02/08/2023,UK,Referral,1
4905,30/08/2023,US,Organic,0
4906,28/07/2023,IT,Social,0
4907,03/04/2023,US,Paid Ads,0
4908,22/05/2023,FR,Paid Ads,1
4909,22/04/2023,IT,Email,1
4910,28/02/2023,UK,Referral,1
4911,12/02/2023,US,Paid Ads,0
4912,26/07/2023,US,Social,1
4913,25/09/2023,ES,Paid Ads,1
4914,23/10/2023,UK,Email,0
4915,28/04/2023,UK,Organic,1
4916,20/01/2023,FR,Email,0
4917,10/08/2023,DE,Organic,0
4918,15/06/2023,US,Organic,0
4919,11/05/2023,US,Referral,0
4920,05/06/2023,UK,Organic,0
4921,03/07/2023,US,Organic,0
4922,31/03/2023,US,Organic,0
4923,04/04/2023,IT,Referral,1
4924,13/01/2023,UK,Email,0
4925,18/11/2023,IT,Referral,0
4926,20/10/2023,DE,Email,0
4927,18/08/2023,UK,Paid Ads,0
4928,18/11/2023,FR,Organic,0
4929,19/10/2023,UK,Organic,0
4930,26/01/2023,NL,Paid Ads,1
4931,16/03/2023,IT,Organic,1
4932,30/12/2023,UK,Organic,0
4933,26/10/2023,UK,Paid Ads,1
4934,30/05/2023,US,Referral,1
4935,28/05/2023,US,Organic,0
4936,08/01/2023,US,Email,1
4937,29/01/2023,UK,Referral,0
4938,23/10/2023,DE,Referral,1
4939,28/07/2023,UK,Social,0
4940,08/05/2023,ES,Organic,0
4941,06/12/2023,ES,Paid Ads,1
4942,26/04/2023,US,Email,0
4943,24/05/2023,IT,Paid Ads,0
4944,14/11/2023,UK,Email,1
4945,23/08/2023,UK,Paid Ads,0
4946,07/01/2023,DE,Paid Ads,0
4947,14/02/2023,US,Organic,1
4948,27/08/2023,DE,Social,0
4949,04/06/2023,IT,Email,1
4950,30/06/2023,NL,Email,1
4951,03/08/2023,DE,Referral,1
4952,29/03/2023,ES,Organic,1
4953,13/09/2023,UK,Organic,1
4954,14/03/2023,UK,Email,1
4955,28/06/2023,FR,Organic,1
4956,31/07/2023,US,Organic,0
4957,20/10/2023,US,Paid Ads,0
4958,22/08/2023,UK,Paid Ads,0
4959,27/08/2023,DE,Referral,1
4960,11/08/2023,UK,Paid Ads,0
4961,29/04/2023,DE,Referral,1
4962,09/11/2023,UK,Email,1
4963,21/09/2023,UK,Organic,0
4964,26/07/2023,UK,Organic,0
4965,05/04/2023,UK,Paid Ads,1
4966,10/08/2023,IT,Social,1
4967,03/10/2023,UK,Organic,0
4968,19/08/2023,UK,Organic,0
4969,05/11/2023,US,Referral,1
4970,29/04/2023,US,Paid Ads,0
4971,25/09/2023,UK,Social,1
4972,30/09/2023,UK,Email,0
4973,05/03/2023,NL,Paid Ads,1
4974,25/10/2023,FR,Paid Ads,1
4975,16/12/2023,US,Organic,1
4976,11/01/2023,US,Referral,0
4977,08/04/2023,UK,Referral,1
4978,12/03/2023,UK,Organic,0
4979,30/12/2023,DE,Organic,0
4980,27/02/2023,IT,Social,0
4981,17/10/2023,UK,Paid Ads,1
4982,08/09/2023,ES,Referral,1
4983,03/10/2023,UK,Organic,0
4984,19/02/2023,UK,Paid Ads,1
4985,24/12/2023,UK,Email,0
4986,04/08/2023,UK,Organic,0
4987,21/02/2023,IT,Paid Ads,1
4988,28/09/2023,US,Organic,1
4989,25/03/2023,UK,Paid Ads,0
4990,20/10/2023,NL,Social,0
4991,06/05/2023,IT,Paid Ads,0
4992,23/10/2023,ES,Social,1
4993,13/03/2023,IT,Social,1
4994,23/10/2023,UK,Social,0
4995,24/08/2023,ES,Email,1
4996,25/02/2023,FR,Organic,0
4997,26/12/2023,IT,Social,1
4998,20/04/2023,ES,Organic,0
4999,11/07/2023,UK,Organic,0
5000,03/04/2023,ES,Organic,1
5001,16/12/2023,UK,Organic,1
5002,25/02/2023,UK,Paid Ads,0
5003,01/03/2023,UK,Paid Ads,1
5004,18/05/2023,IT,Organic,0
5005,08/02/2023,UK,Paid Ads,1
5006,28/01/2023,US,Paid Ads,1
5007,18/02/2023,US,Email,0
5008,05/05/2023,NL,Organic,0
5009,13/01/2023,UK,Organic,0
5010,05/02/2023,ES,Organic,0
5011,11/04/2023,IT,Organic,0
5012,09/10/2023,US,Paid Ads,0
5013,27/03/2023,US,Paid Ads,1
5014,04/01/2023,FR,Organic,1
5015,11/08/2023,IT,Organic,1
5016,04/12/2023,ES,Organic,0
5017,15/06/2023,UK,Social,0
5018,10/12/2023,IT,Organic,1
5019,05/10/2023,US,Email,0
5020,10/05/2023,DE,Referral,1
5021,31/01/2023,ES,Organic,0
5022,11/01/2023,UK,Social,1
5023,29/10/2023,ES,Email,0
5024,06/04/2023,DE,Referral,0
5025,09/07/2023,IT,Paid Ads,0
5026,11/07/2023,UK,Paid Ads,0
5027,23/09/2023,US,Organic,0
5028,08/05/2023,ES,Organic,0
5029,26/08/2023,UK,Email,1
5030,21/12/2023,UK,Email,1
5031,22/04/2023,NL,Organic,0
5032,12/11/2023,UK,Email,0
5033,09/12/2023,NL,Referral,0
5034,25/05/2023,UK,Organic,1
5035,06/03/2023,US,Paid Ads,0
5036,04/09/2023,ES,Paid Ads,1
5037,11/08/2023,FR,Email,1
5038,09/11/2023,DE,Email,0
5039,16/04/2023,US,Organic,1
5040,30/06/2023,ES,Paid Ads,1
5041,03/07/2023,UK,Email,0
5042,14/08/2023,US,Email,1
5043,22/09/2023,UK,Organic,0
5044,05/10/2023,DE,Paid Ads,0
5045,30/03/2023,UK,Email,0
5046,25/06/2023,UK,Organic,0
5047,18/01/2023,US,Paid Ads,0
5048,16/04/2023,UK,Email,0
5049,28/09/2023,UK,Organic,0
5050,15/11/2023,FR,Email,0
5051,16/06/2023,US,Organic,1
5052,13/01/2023,IT,Organic,0
5053,03/12/2023,FR,Organic,0
5054,01/02/2023,UK,Organic,0
5055,09/02/2023,DE,Organic,0
5056,28/05/2023,UK,Referral,0
5057,06/08/2023,ES,Organic,0
5058,07/08/2023,NL,Social,0
5059,23/03/2023,US,Paid Ads,1
5060,29/11/2023,FR,Paid Ads,0
5061,27/07/2023,UK,Paid Ads,1
5062,20/07/2023,US,Referral,0
5063,28/11/2023,IT,Paid Ads,0
5064,07/02/2023,UK,Organic,0
5065,30/07/2023,UK,Email,0
5066,23/11/2023,US,Paid Ads,0
5067,06/09/2023,FR,Organic,1
5068,15/08/2023,US,Paid Ads,0
5069,17/02/2023,IT,Paid Ads,1
5070,18/01/2023,UK,Organic,1
5071,22/10/2023,US,Email,0
5072,15/07/2023,FR,Referral,0
5073,06/07/2023,UK,Referral,0
5074,11/12/2023,FR,Paid Ads,0
5075,12/08/2023,UK,Social,1
5076,14/11/2023,UK,Organic,0
5077,31/12/2023,UK,Paid Ads,1
5078,03/12/2023,IT,Organic,1
5079,17/08/2023,DE,Referral,0
5080,18/03/2023,ES,Organic,1
5081,07/07/2023,UK,Organic,1
5082,12/12/2023,DE,Email,1
5083,27/09/2023,US,Paid Ads,0
5084,05/04/2023,IT,Organic,0
5085,06/11/2023,FR,Paid Ads,0
5086,12/05/2023,FR,Referral,0
5087,08/02/2023,UK,Organic,1
5088,13/03/2023,US,Organic,1
5089,08/10/2023,US,Social,1
5090,29/11/2023,IT,Paid Ads,0
5091,09/06/2023,UK,Organic,0
5092,06/07/2023,UK,Email,0
5093,10/07/2023,US,Paid Ads,1
5094,30/04/2023,UK,Organic,1
5095,08/08/2023,UK,Organic,1
5096,22/02/2023,IT,Organic,0
5097,10/08/2023,DE,Email,1
5098,11/05/2023,IT,Organic,0
5099,25/08/2023,ES,Organic,1
5100,03/09/2023,UK,Email,0
5101,14/08/2023,US,Organic,1
5102,27/07/2023,UK,Paid Ads,1
5103,06/04/2023,IT,Organic,1
5104,19/07/2023,US,Paid Ads,1
5105,04/09/2023,US,Organic,1
5106,13/03/2023,UK,Organic,0
5107,14/11/2023,US,Paid Ads,1
5108,04/07/2023,UK,Referral,1
5109,06/01/2023,US,Referral,0
5110,25/07/2023,ES,Paid Ads,0
5111,01/02/2023,ES,Paid Ads,1
5112,09/04/2023,UK,Paid Ads,0
5113,13/09/2023,US,Paid Ads,0
5114,06/07/2023,IT,Referral,1
5115,17/03/2023,UK,Referral,0
5116,26/06/2023,IT,Paid Ads,1
5117,11/11/2023,UK,Organic,1
5118,14/10/2023,FR,Organic,0
5119,15/12/2023,DE,Organic,1
5120,12/09/2023,DE,Social,1
5121,21/11/2023,IT,Email,0
5122,09/07/2023,UK,Paid Ads,0
5123,04/11/2023,UK,Organic,0
5124,11/12/2023,US,Organic,0
5125,07/05/2023,ES,Email,0
5126,14/10/2023,UK,Email,0
5127,11/09/2023,ES,Organic,1
5128,01/08/2023,US,Email,1
5129,07/09/2023,UK,Paid Ads,1
5130,25/03/2023,ES,Organic,1
5131,13/01/2023,UK,Referral,1
5132,14/02/2023,US,Paid Ads,0
5133,07/05/2023,UK,Email,1
5134,24/04/2023,US,Organic,1
5135,03/10/2023,DE,Organic,0
5136,24/07/2023,DE,Organic,0
5137,03/12/2023,US,Organic,0
5138,30/09/2023,US,Paid Ads,0
5139,27/02/2023,UK,Organic,0
5140,24/11/2023,US,Paid Ads,0
5141,07/08/2023,NL,Organic,0
5142,19/04/2023,IT,Referral,0
5143,06/10/2023,UK,Paid Ads,0
5144,23/06/2023,UK,Referral,0
5145,24/11/2023,IT,Organic,0
5146,21/09/2023,US,Organic,1
5147,11/11/2023,US,Organic,0
5148,21/04/2023,ES,Organic,0
5149,06/07/2023,UK,Organic,0
5150,26/09/2023,US,Organic,1
5151,17/08/2023,NL,Paid Ads,1
5152,05/06/2023,FR,Social,1
5153,08/07/2023,UK,Organic,0
5154,29/09/2023,UK,Email,0
5155,02/01/2023,UK,Organic,1
5156,03/09/2023,ES,Referral,0
5157,29/07/2023,UK,Paid Ads,1
5158,13/10/2023,UK,Social,1
5159,25/12/2023,IT,Organic,0
5160,13/01/2023,UK,Organic,0
5161,06/04/2023,UK,Organic,0
5162,09/08/2023,UK,Paid Ads,1
5163,26/08/2023,UK,Social,0
5164,04/04/2023,US,Email,0
5165,04/12/2023,IT,Referral,1
5166,26/09/2023,IT,Paid Ads,0
5167,20/06/2023,US,Email,0
5168,04/04/2023,US,Paid Ads,1
5169,29/05/2023,DE,Organic,0
5170,22/04/2023,UK,Email,1
5171,24/02/2023,UK,Organic,0
5172,03/12/2023,IT,Organic,0
5173,26/04/2023,UK,Organic,1
5174,23/05/2023,UK,Paid Ads,0
5175,20/07/2023,US,Paid Ads,0
5176,29/06/2023,US,Organic,0
5177,21/07/2023,UK,Referral,1
5178,30/12/2023,UK,Email,0
5179,22/02/2023,US,Social,0
5180,29/06/2023,FR,Paid Ads,1
5181,09/11/2023,UK,Email,1
5182,04/11/2023,US,Email,0
5183,17/05/2023,DE,Organic,0
5184,01/07/2023,IT,Organic,1
5185,01/01/2023,UK,Paid Ads,0
5186,13/02/2023,UK,Organic,1
5187,15/08/2023,US,Organic,0
5188,27/11/2023,FR,Paid Ads,0
5189,08/04/2023,UK,Organic,0
5190,27/07/2023,US,Organic,1
5191,22/09/2023,UK,Paid Ads,0
5192,15/10/2023,UK,Referral,0
5193,28/09/2023,US,Email,0
5194,20/05/2023,UK,Paid Ads,0
5195,25/08/2023,ES,Paid Ads,1
5196,13/03/2023,DE,Organic,0
5197,04/06/2023,US,Organic,1
5198,09/07/2023,US,Organic,0
5199,25/09/2023,US,Email,1
5200,17/11/2023,UK,Paid Ads,1
5201,17/04/2023,IT,Email,1
5202,20/08/2023,NL,Referral,0
5203,11/02/2023,UK,Organic,1
5204,09/07/2023,UK,Paid Ads,0
5205,19/05/2023,UK,Paid Ads,0
5206,13/04/2023,FR,Paid Ads,1
5207,20/06/2023,FR,Paid Ads,1
5208,17/12/2023,ES,Social,0
5209,30/09/2023,ES,Email,1
5210,09/08/2023,US,Social,1
5211,01/08/2023,DE,Organic,1
5212,07/12/2023,FR,Organic,1
5213,25/02/2023,US,Organic,1
5214,08/12/2023,US,Organic,0
5215,12/04/2023,DE,Paid Ads,0
5216,11/07/2023,DE,Paid Ads,0
5217,06/11/2023,DE,Paid Ads,1
5218,19/07/2023,DE,Social,0
5219,21/08/2023,FR,Social,1
5220,15/08/2023,DE,Organic,0
5221,19/05/2023,US,Email,0
5222,10/12/2023,FR,Paid Ads,1
5223,01/11/2023,US,Paid Ads,1
5224,29/05/2023,UK,Email,1
5225,25/04/2023,UK,Organic,1
5226,04/03/2023,DE,Email,0
5227,14/04/2023,DE,Referral,1
5228,05/12/2023,NL,Email,0
5229,25/12/2023,US,Social,1
5230,05/06/2023,US,Paid Ads,0
5231,30/09/2023,UK,Organic,1
5232,06/01/2023,UK,Organic,1
5233,27/05/2023,ES,Organic,0
5234,03/07/2023,UK,Organic,0
5235,28/01/2023,DE,Email,0
5236,07/02/2023,FR,Organic,0
5237,29/04/2023,US,Social,0
5238,20/10/2023,IT,Referral,0
5239,01/09/2023,US,Organic,1
5240,09/03/2023,UK,Paid Ads,1
5241,02/08/2023,IT,Paid Ads,0
5242,06/08/2023,IT,Paid Ads,0
5243,26/06/2023,UK,Paid Ads,0
5244,26/10/2023,UK,Organic,1
5245,13/06/2023,UK,Referral,0
5246,27/02/2023,UK,Paid Ads,0
5247,26/09/2023,NL,Email,0
5248,04/11/2023,DE,Email,1
5249,27/02/2023,US,Organic,0
5250,15/10/2023,IT,Organic,0
5251,15/04/2023,US,Referral,0
5252,16/08/2023,UK,Social,0
5253,04/09/2023,IT,Paid Ads,0
5254,07/07/2023,ES,Organic,1
5255,24/03/2023,ES,Organic,0
5256,05/07/2023,US,Organic,0
5257,09/09/2023,ES,Organic,1
5258,21/12/2023,UK,Paid Ads,1
5259,26/08/2023,DE,Referral,1
5260,26/12/2023,NL,Organic,0
5261,03/07/2023,UK,Organic,0
5262,11/10/2023,ES,Organic,1
5263,29/07/2023,US,Email,0
5264,31/10/2023,UK,Paid Ads,0
5265,23/10/2023,ES,Social,0
5266,07/04/2023,UK,Paid Ads,0
5267,27/07/2023,DE,Organic,0
5268,17/05/2023,UK,Organic,1
5269,03/07/2023,IT,Referral,0
5270,17/03/2023,UK,Paid Ads,0
5271,14/10/2023,UK,Paid Ads,1
5272,22/05/2023,UK,Email,0
5273,25/08/2023,IT,Referral,1
5274,25/01/2023,FR,Organic,0
5275,17/10/2023,FR,Email,0
5276,08/03/2023,US,Paid Ads,0
5277,07/09/2023,US,Organic,0
5278,28/04/2023,UK,Paid Ads,0
5279,14/03/2023,DE,Paid Ads,0
5280,09/10/2023,UK,Organic,0
5281,26/12/2023,NL,Paid Ads,0
5282,10/01/2023,ES,Organic,0
5283,30/07/2023,US,Organic,0
5284,19/11/2023,UK,Organic,1
5285,01/06/2023,ES,Organic,0
5286,05/01/2023,UK,Organic,1
5287,14/07/2023,UK,Organic,0
5288,10/10/2023,UK,Email,1
5289,23/04/2023,DE,Organic,0
5290,28/09/2023,ES,Paid Ads,1
5291,12/06/2023,UK,Organic,1
5292,15/04/2023,UK,Email,0
5293,30/06/2023,US,Organic,1
5294,13/02/2023,FR,Organic,1
5295,09/10/2023,UK,Organic,1
5296,24/06/2023,UK,Social,0
5297,11/06/2023,IT,Paid Ads,1
5298,17/12/2023,NL,Organic,0
5299,06/12/2023,NL,Organic,0
5300,20/05/2023,ES,Organic,1
5301,12/05/2023,UK,Organic,0
5302,28/03/2023,UK,Email,0
5303,25/06/2023,UK,Paid Ads,0
5304,02/07/2023,UK,Paid Ads,1
5305,09/05/2023,NL,Organic,0
5306,03/09/2023,ES,Paid Ads,0
5307,30/03/2023,FR,Organic,0
5308,07/03/2023,UK,Organic,0
5309,07/06/2023,IT,Referral,1
5310,29/05/2023,ES,Organic,1
5311,06/12/2023,UK,Paid Ads,1
5312,26/04/2023,IT,Email,0
5313,02/08/2023,UK,Organic,0
5314,21/10/2023,UK,Email,0
5315,10/09/2023,FR,Organic,1
5316,23/05/2023,FR,Organic,0
5317,07/09/2023,UK,Paid Ads,1
5318,29/10/2023,UK,Paid Ads,0
5319,25/01/2023,NL,Organic,0
5320,04/10/2023,FR,Email,0
5321,11/03/2023,FR,Social,1
5322,23/04/2023,UK,Organic,0
5323,29/12/2023,UK,Email,1
5324,22/04/2023,UK,Paid Ads,1
5325,30/12/2023,UK,Social,1
5326,30/10/2023,UK,Organic,0
5327,01/04/2023,UK,Email,1
5328,18/01/2023,DE,Organic,1
5329,29/05/2023,UK,Email,0
5330,15/08/2023,ES,Referral,1
5331,02/08/2023,UK,Organic,1
5332,26/12/2023,US,Organic,0
5333,31/05/2023,UK,Email,1
5334,11/07/2023,US,Paid Ads,1
5335,09/02/2023,UK,Organic,0
5336,30/08/2023,NL,Paid Ads,1
5337,18/05/2023,ES,Email,0
5338,11/12/2023,US,Organic,1
5339,29/06/2023,UK,Organic,0
5340,19/07/2023,DE,Social,1
5341,22/07/2023,ES,Organic,0
5342,02/03/2023,UK,Organic,0
5343,11/07/2023,DE,Organic,1
5344,05/01/2023,ES,Email,1
5345,25/08/2023,ES,Organic,1
5346,30/06/2023,ES,Paid Ads,1
5347,07/11/2023,IT,Email,1
5348,06/02/2023,IT,Organic,0
5349,25/02/2023,US,Email,1
5350,25/08/2023,DE,Paid Ads,1
5351,24/12/2023,ES,Referral,0
5352,15/12/2023,FR,Organic,0
5353,16/07/2023,NL,Referral,1
5354,14/03/2023,UK,Organic,0
5355,28/02/2023,US,Organic,0
5356,28/08/2023,UK,Social,1
5357,02/01/2023,UK,Organic,1
5358,26/12/2023,UK,Email,1
5359,07/07/2023,FR,Organic,1
5360,03/11/2023,UK,Organic,1
5361,30/01/2023,FR,Email,1
5362,24/09/2023,FR,Organic,0
5363,18/04/2023,UK,Email,0
5364,28/11/2023,UK,Paid Ads,0
5365,31/03/2023,DE,Organic,0
5366,24/07/2023,ES,Referral,0
5367,08/08/2023,IT,Organic,0
5368,04/04/2023,IT,Organic,0
5369,13/04/2023,NL,Referral,1
5370,11/08/2023,DE,Organic,1
5371,05/07/2023,IT,Organic,0
5372,03/07/2023,ES,Email,1
5373,11/06/2023,IT,Email,1
5374,04/09/2023,UK,Paid Ads,1
5375,31/01/2023,NL,Paid Ads,0
5376,21/02/2023,US,Referral,1
5377,11/12/2023,ES,Paid Ads,1
5378,17/03/2023,UK,Paid Ads,1
5379,05/10/2023,US,Social,0
5380,09/02/2023,UK,Organic,1
5381,11/04/2023,UK,Paid Ads,1
5382,21/04/2023,UK,Email,0
5383,17/11/2023,ES,Referral,0
5384,06/09/2023,UK,Email,0
5385,10/07/2023,UK,Organic,0
5386,01/07/2023,UK,Organic,1
5387,01/12/2023,DE,Email,0
5388,28/07/2023,UK,Organic,1
5389,22/01/2023,UK,Referral,0
5390,15/06/2023,US,Organic,1
5391,09/04/2023,FR,Email,1
5392,27/07/2023,UK,Paid Ads,1
5393,08/01/2023,UK,Organic,1
5394,09/07/2023,UK,Paid Ads,0
5395,24/06/2023,NL,Referral,0
5396,30/09/2023,US,Organic,0
5397,17/01/2023,DE,Paid Ads,1
5398,31/03/2023,UK,Paid Ads,1
5399,21/05/2023,US,Organic,0
5400,25/05/2023,UK,Email,0
5401,15/06/2023,UK,Organic,1
5402,03/12/2023,US,Organic,0
5403,19/03/2023,US,Paid Ads,0
5404,19/09/2023,UK,Referral,1
5405,12/06/2023,FR,Social,1
5406,14/01/2023,NL,Organic,1
5407,27/08/2023,US,Organic,0
5408,13/03/2023,DE,Organic,1
5409,23/05/2023,NL,Email,1
5410,06/11/2023,ES,Paid Ads,0
5411,10/10/2023,US,Referral,1
5412,26/09/2023,FR,Organic,0
5413,29/08/2023,UK,Email,1
5414,02/09/2023,US,Paid Ads,0
5415,12/06/2023,UK,Social,0
5416,01/03/2023,UK,Organic,0
5417,06/01/2023,US,Paid Ads,1
5418,16/07/2023,UK,Email,1
5419,27/02/2023,FR,Paid Ads,0
5420,01/11/2023,US,Organic,1
5421,05/08/2023,US,Social,0
5422,26/01/2023,UK,Organic,0
5423,30/10/2023,UK,Organic,0
5424,05/01/2023,DE,Paid Ads,1
5425,20/01/2023,NL,Paid Ads,0
5426,17/07/2023,UK,Email,0
5427,28/02/2023,UK,Organic,0
5428,30/08/2023,IT,Paid Ads,0
5429,26/05/2023,UK,Paid Ads,1
5430,30/09/2023,IT,Organic,0
5431,06/09/2023,US,Social,0
5432,14/01/2023,US,Email,1
5433,13/01/2023,UK,Paid Ads,1
5434,13/02/2023,UK,Organic,1
5435,19/01/2023,UK,Social,0
5436,04/03/2023,IT,Organic,0
5437,27/08/2023,FR,Organic,1
5438,03/12/2023,FR,Organic,0
5439,10/04/2023,ES,Organic,0
5440,12/06/2023,UK,Email,0
5441,02/05/2023,DE,Paid Ads,0
5442,13/02/2023,US,Social,0
5443,26/12/2023,ES,Organic,0
5444,13/11/2023,UK,Paid Ads,1
5445,25/05/2023,DE,Social,0
5446,23/11/2023,IT,Email,0
5447,29/12/2023,US,Referral,1
5448,19/02/2023,UK,Organic,1
5449,06/03/2023,US,Email,1
5450,21/12/2023,UK,Organic,1
5451,15/10/2023,FR,Paid Ads,0
5452,13/06/2023,NL,Paid Ads,0
5453,21/05/2023,US,Paid Ads,1
5454,10/11/2023,US,Referral,1
5455,08/05/2023,FR,Referral,0
5456,27/08/2023,UK,Organic,1
5457,20/11/2023,UK,Paid Ads,1
5458,23/10/2023,IT,Referral,1
5459,06/07/2023,FR,Organic,1
5460,27/07/2023,UK,Organic,1
5461,08/08/2023,UK,Organic,1
5462,09/07/2023,FR,Paid Ads,0
5463,12/12/2023,ES,Social,1
5464,11/10/2023,ES,Organic,1
5465,18/12/2023,UK,Paid Ads,0
5466,25/08/2023,IT,Referral,0
5467,13/07/2023,DE,Organic,1
5468,14/10/2023,FR,Social,1
5469,16/09/2023,DE,Organic,0
5470,03/09/2023,UK,Email,0
5471,16/05/2023,NL,Organic,1
5472,07/10/2023,UK,Organic,1
5473,28/09/2023,UK,Organic,0
5474,20/06/2023,ES,Organic,0
5475,08/06/2023,DE,Email,1
5476,20/07/2023,ES,Organic,1
5477,14/02/2023,US,Paid Ads,1
5478,21/09/2023,US,Organic,1
5479,12/03/2023,IT,Email,0
5480,30/12/2023,UK,Email,1
5481,13/04/2023,IT,Paid Ads,0
5482,05/05/2023,UK,Organic,1
5483,09/11/2023,ES,Paid Ads,1
5484,13/10/2023,UK,Organic,1
5485,18/08/2023,DE,Organic,0
5486,26/05/2023,IT,Paid Ads,0
5487,16/07/2023,US,Social,0
5488,09/08/2023,FR,Email,0
5489,01/03/2023,ES,Paid Ads,1
5490,08/04/2023,FR,Paid Ads,0
5491,20/06/2023,IT,Social,1
5492,22/06/2023,US,Paid Ads,0
5493,31/05/2023,UK,Paid Ads,1
5494,16/12/2023,UK,Social,1
5495,02/05/2023,UK,Organic,0
5496,18/04/2023,UK,Organic,1
5497,04/01/2023,DE,Paid Ads,0
5498,03/04/2023,UK,Organic,0
5499,06/01/2023,UK,Organic,1
5500,15/10/2023,UK,Paid Ads,1
5501,16/04/2023,ES,Paid Ads,0
5502,26/05/2023,DE,Social,0
5503,28/09/2023,US,Organic,1
5504,06/04/2023,IT,Organic,0
5505,17/08/2023,UK,Organic,0
5506,21/07/2023,NL,Paid Ads,0
5507,31/07/2023,DE,Referral,0
5508,06/01/2023,UK,Paid Ads,1
5509,22/04/2023,FR,Organic,0
5510,19/11/2023,ES,Paid Ads,1
5511,16/04/2023,US,Paid Ads,1
5512,19/05/2023,IT,Organic,0
5513,26/10/2023,UK,Paid Ads,1
5514,06/04/2023,UK,Paid Ads,0
5515,03/12/2023,UK,Social,0
5516,24/10/2023,UK,Email,1
5517,02/08/2023,UK,Referral,1
5518,18/10/2023,IT,Email,0
5519,22/01/2023,UK,Referral,1
5520,12/07/2023,US,Social,0
5521,30/05/2023,US,Organic,1
5522,04/09/2023,IT,Paid Ads,0
5523,24/09/2023,NL,Referral,1
5524,08/09/2023,ES,Paid Ads,1
5525,03/01/2023,NL,Organic,1
5526,12/11/2023,ES,Organic,1
5527,17/03/2023,NL,Organic,0
5528,28/03/2023,FR,Organic,0
5529,27/09/2023,UK,Organic,1
5530,13/08/2023,US,Paid Ads,1
5531,18/01/2023,DE,Email,0
5532,23/04/2023,US,Referral,0
5533,08/09/2023,UK,Email,0
5534,21/08/2023,DE,Email,1
5535,25/11/2023,IT,Paid Ads,0
5536,06/10/2023,UK,Organic,0
5537,21/07/2023,ES,Organic,1
5538,24/03/2023,FR,Social,0
5539,05/05/2023,NL,Organic,0
5540,24/06/2023,IT,Referral,0
5541,10/03/2023,ES,Organic,0
5542,16/02/2023,US,Social,0
5543,13/09/2023,UK,Paid Ads,1
5544,03/08/2023,US,Email,1
5545,30/01/2023,ES,Organic,0
5546,08/10/2023,IT,Organic,0
5547,25/08/2023,ES,Paid Ads,0
5548,05/09/2023,UK,Social,0
5549,25/01/2023,DE,Paid Ads,0
5550,15/03/2023,UK,Social,0
5551,25/07/2023,UK,Email,0
5552,10/11/2023,UK,Email,0
5553,04/04/2023,UK,Paid Ads,1
5554,07/05/2023,ES,Organic,0
5555,25/01/2023,UK,Organic,1
5556,30/11/2023,UK,Social,1
5557,21/12/2023,NL,Social,1
5558,26/04/2023,US,Referral,0
5559,17/02/2023,UK,Organic,1
5560,14/08/2023,UK,Organic,1
5561,23/09/2023,UK,Social,1
5562,09/04/2023,UK,Organic,1
5563,11/01/2023,UK,Email,1
5564,26/03/2023,DE,Organic,1
5565,02/08/2023,UK,Paid Ads,1
5566,22/06/2023,US,Email,0
5567,28/07/2023,IT,Organic,0
5568,05/03/2023,US,Organic,1
5569,15/09/2023,IT,Social,0
5570,28/11/2023,US,Referral,0
5571,01/05/2023,US,Email,0
5572,25/10/2023,ES,Email,0
5573,23/02/2023,UK,Organic,1
5574,27/11/2023,UK,Organic,0
5575,29/09/2023,FR,Paid Ads,1
5576,29/08/2023,US,Organic,1
5577,31/08/2023,ES,Paid Ads,1
5578,18/01/2023,IT,Email,0
5579,06/07/2023,US,Organic,0
5580,12/12/2023,DE,Referral,1
5581,24/05/2023,US,Organic,0
5582,19/09/2023,NL,Organic,0
5583,30/12/2023,ES,Paid Ads,1
5584,27/08/2023,IT,Email,1
5585,31/10/2023,UK,Organic,0
5586,25/10/2023,ES,Paid Ads,1
5587,17/03/2023,UK,Referral,0
5588,07/07/2023,UK,Organic,0
5589,29/11/2023,IT,Paid Ads,1
5590,03/09/2023,UK,Social,1
5591,10/05/2023,NL,Paid Ads,1
5592,11/11/2023,UK,Organic,0
5593,10/10/2023,ES,Paid Ads,1
5594,20/03/2023,UK,Paid Ads,0
5595,13/03/2023,US,Organic,1
5596,20/09/2023,UK,Organic,1
5597,10/07/2023,DE,Organic,0
5598,04/03/2023,UK,Organic,0
5599,12/01/2023,FR,Organic,0
5600,21/05/2023,UK,Paid Ads,1
5601,11/09/2023,UK,Organic,1
5602,12/02/2023,UK,Email,0
5603,17/01/2023,US,Paid Ads,0
5604,04/03/2023,ES,Email,0
5605,10/09/2023,IT,Paid Ads,1
5606,19/10/2023,UK,Organic,1
5607,08/01/2023,DE,Paid Ads,0
5608,21/11/2023,ES,Email,0
5609,31/03/2023,UK,Organic,0
5610,27/07/2023,US,Organic,0
5611,19/10/2023,US,Organic,1
5612,11/10/2023,UK,Organic,0
5613,28/04/2023,UK,Organic,0
5614,15/12/2023,UK,Organic,1
5615,24/06/2023,DE,Organic,1
5616,17/03/2023,UK,Referral,0
5617,11/04/2023,UK,Organic,1
5618,31/05/2023,UK,Paid Ads,0
5619,27/09/2023,UK,Paid Ads,0
5620,12/03/2023,UK,Paid Ads,0
5621,29/06/2023,IT,Organic,0
5622,04/05/2023,UK,Paid Ads,0
5623,20/10/2023,FR,Organic,1
5624,12/10/2023,US,Paid Ads,0
5625,14/07/2023,FR,Paid Ads,1
5626,16/08/2023,DE,Organic,1
5627,02/10/2023,UK,Organic,0
5628,16/04/2023,ES,Organic,1
5629,21/01/2023,US,Organic,1
5630,05/03/2023,ES,Organic,1
5631,14/06/2023,US,Social,0
5632,27/01/2023,NL,Organic,1
5633,07/11/2023,ES,Paid Ads,1
5634,12/10/2023,NL,Referral,0
5635,28/05/2023,US,Paid Ads,0
5636,08/10/2023,US,Social,1
5637,22/11/2023,ES,Email,0
5638,15/11/2023,IT,Email,1
5639,13/06/2023,NL,Social,1
5640,12/08/2023,UK,Organic,0
5641,29/09/2023,ES,Paid Ads,1
5642,26/05/2023,UK,Email,0
5643,22/12/2023,US,Paid Ads,0
5644,30/01/2023,UK,Social,1
5645,14/02/2023,UK,Organic,0
5646,02/10/2023,IT,Paid Ads,1
5647,03/02/2023,UK,Social,1
5648,21/05/2023,DE,Organic,0
5649,14/11/2023,DE,Referral,1
5650,09/08/2023,UK,Organic,0
5651,22/12/2023,UK,Referral,1
5652,22/01/2023,DE,Social,0
5653,29/06/2023,UK,Organic,0
5654,25/11/2023,ES,Organic,1
5655,19/08/2023,NL,Organic,0
5656,07/02/2023,UK,Email,0
5657,11/03/2023,UK,Referral,0
5658,26/04/2023,US,Organic,1
5659,27/08/2023,FR,Organic,0
5660,01/12/2023,UK,Email,0
5661,28/05/2023,UK,Email,0
5662,09/01/2023,US,Organic,0
5663,15/10/2023,NL,Organic,0
5664,19/02/2023,US,Email,0
5665,04/12/2023,US,Paid Ads,0
5666,05/01/2023,NL,Social,0
5667,09/12/2023,FR,Paid Ads,1
5668,06/05/2023,FR,Referral,1
5669,16/03/2023,DE,Paid Ads,0
5670,14/06/2023,NL,Social,0
5671,05/10/2023,FR,Organic,0
5672,20/11/2023,IT,Organic,0
5673,27/10/2023,FR,Organic,0
5674,17/10/2023,FR,Email,1
5675,18/03/2023,UK,Paid Ads,1
5676,25/10/2023,UK,Organic,1
5677,17/05/2023,ES,Paid Ads,1
5678,16/04/2023,UK,Organic,0
5679,05/04/2023,DE,Organic,0
5680,15/05/2023,UK,Organic,1
5681,09/03/2023,ES,Paid Ads,1
5682,27/05/2023,UK,Referral,1
5683,08/06/2023,ES,Email,1
5684,12/06/2023,DE,Social,0
5685,07/12/2023,UK,Paid Ads,1
5686,08/07/2023,US,Referral,1
5687,05/12/2023,UK,Organic,0
5688,05/04/2023,UK,Organic,1
5689,30/06/2023,US,Organic,0
5690,15/10/2023,UK,Paid Ads,0
5691,18/11/2023,NL,Organic,1
5692,06/07/2023,UK,Organic,0
5693,18/05/2023,FR,Paid Ads,0
5694,10/05/2023,US,Organic,1
5695,13/07/2023,DE,Paid Ads,1
5696,12/11/2023,US,Paid Ads,0
5697,30/09/2023,FR,Organic,1
5698,18/12/2023,FR,Organic,1
5699,24/05/2023,FR,Organic,1
5700,16/01/2023,UK,Organic,1
5701,29/10/2023,FR,Paid Ads,0
5702,02/09/2023,UK,Email,0
5703,17/04/2023,UK,Organic,0
5704,29/03/2023,US,Organic,1
5705,09/05/2023,US,Email,0
5706,07/12/2023,US,Organic,0
5707,04/01/2023,FR,Organic,0
5708,23/11/2023,UK,Paid Ads,1
5709,02/11/2023,UK,Paid Ads,0
5710,05/04/2023,UK,Paid Ads,0
5711,28/07/2023,FR,Referral,1
5712,13/08/2023,DE,Organic,0
5713,14/12/2023,UK,Paid Ads,0
5714,17/11/2023,FR,Organic,1
5715,16/02/2023,US,Email,0
5716,30/06/2023,US,Email,1
5717,16/04/2023,US,Organic,0
5718,18/07/2023,DE,Organic,0
5719,16/04/2023,FR,Organic,0
5720,07/10/2023,UK,Organic,0
5721,17/09/2023,UK,Organic,0
5722,18/04/2023,UK,Paid Ads,0
5723,19/01/2023,DE,Social,0
5724,23/10/2023,IT,Organic,1
5725,02/11/2023,US,Organic,1
5726,20/06/2023,UK,Organic,0
5727,27/11/2023,ES,Organic,1
5728,14/07/2023,ES,Organic,0
5729,12/01/2023,IT,Email,0
5730,14/07/2023,DE,Organic,1
5731,10/10/2023,IT,Social,1
5732,01/07/2023,UK,Paid Ads,0
5733,01/11/2023,UK,Paid Ads,0
5734,24/05/2023,UK,Organic,1
5735,12/11/2023,FR,Referral,0
5736,01/07/2023,UK,Paid Ads,0
5737,30/01/2023,US,Organic,0
5738,25/03/2023,US,Organic,0
5739,15/06/2023,UK,Social,1
5740,11/10/2023,IT,Organic,0
5741,08/10/2023,UK,Paid Ads,1
5742,06/04/2023,US,Organic,1
5743,23/09/2023,ES,Organic,1
5744,25/10/2023,UK,Organic,1
5745,23/10/2023,FR,Organic,0
5746,13/08/2023,ES,Referral,1
5747,29/11/2023,IT,Paid Ads,0
5748,27/12/2023,IT,Email,0
5749,11/02/2023,UK,Referral,0
5750,30/10/2023,DE,Organic,0
5751,03/09/2023,UK,Paid Ads,0
5752,27/07/2023,UK,Referral,1
5753,25/08/2023,UK,Paid Ads,0
5754,22/01/2023,UK,Paid Ads,1
5755,04/07/2023,IT,Referral,0
5756,30/08/2023,UK,Organic,1
5757,29/12/2023,DE,Referral,0
5758,10/10/2023,US,Organic,1
5759,10/02/2023,US,Paid Ads,1
5760,02/12/2023,NL,Organic,0
5761,11/06/2023,UK,Email,0
5762,09/06/2023,DE,Paid Ads,1
5763,30/03/2023,US,Paid Ads,0
5764,18/11/2023,UK,Email,1
5765,12/01/2023,US,Email,0
5766,14/03/2023,ES,Referral,0
5767,17/03/2023,UK,Organic,1
5768,12/12/2023,UK,Email,1
5769,20/07/2023,UK,Paid Ads,1
5770,10/01/2023,ES,Paid Ads,1
5771,18/12/2023,FR,Social,0
5772,14/08/2023,DE,Organic,0
5773,25/06/2023,US,Organic,0
5774,03/10/2023,IT,Paid Ads,1
5775,08/02/2023,ES,Email,0
5776,01/03/2023,ES,Paid Ads,1
5777,07/03/2023,ES,Paid Ads,0
5778,17/11/2023,DE,Paid Ads,1
5779,04/05/2023,US,Paid Ads,0
5780,13/06/2023,IT,Email,0
5781,08/06/2023,IT,Organic,0
5782,26/02/2023,UK,Referral,1
5783,19/03/2023,UK,Email,0
5784,13/07/2023,NL,Paid Ads,0
5785,12/10/2023,UK,Organic,0
5786,15/01/2023,IT,Organic,0
5787,12/01/2023,US,Email,1
5788,11/04/2023,UK,Organic,1
5789,05/06/2023,UK,Organic,0
5790,06/12/2023,UK,Organic,1
5791,05/05/2023,UK,Paid Ads,0
5792,25/12/2023,US,Referral,0
5793,07/10/2023,FR,Email,1
5794,20/04/2023,NL,Organic,0
5795,30/11/2023,US,Referral,0
5796,23/12/2023,US,Referral,0
5797,26/05/2023,US,Organic,0
5798,04/08/2023,US,Organic,1
5799,11/06/2023,US,Email,0
5800,08/05/2023,UK,Referral,1
5801,10/11/2023,UK,Paid Ads,0
5802,28/11/2023,UK,Organic,1
5803,30/05/2023,UK,Email,1
5804,05/02/2023,FR,Paid Ads,0
5805,22/06/2023,UK,Email,1
5806,22/01/2023,IT,Social,0
5807,25/07/2023,IT,Social,1
5808,07/05/2023,NL,Email,1
5809,02/12/2023,IT,Organic,1
5810,22/12/2023,UK,Email,1
5811,05/08/2023,US,Organic,0
5812,06/04/2023,UK,Email,0
5813,13/06/2023,ES,Organic,1
5814,28/05/2023,IT,Paid Ads,1
5815,18/01/2023,IT,Organic,1
5816,21/10/2023,US,Email,1
5817,14/07/2023,ES,Organic,0
5818,31/05/2023,UK,Paid Ads,0
5819,31/12/2023,UK,Email,0
5820,03/05/2023,ES,Referral,0
5821,06/07/2023,US,Organic,0
5822,29/05/2023,NL,Paid Ads,0
5823,14/04/2023,UK,Organic,1
5824,31/08/2023,IT,Referral,0
5825,19/08/2023,US,Social,0
5826,25/07/2023,ES,Referral,1
5827,17/07/2023,ES,Organic,0
5828,03/12/2023,IT,Organic,0
5829,28/03/2023,UK,Social,0
5830,22/05/2023,IT,Organic,1
5831,13/11/2023,UK,Paid Ads,0
5832,18/07/2023,UK,Paid Ads,0
5833,15/02/2023,US,Email,1
5834,15/10/2023,ES,Email,0
5835,15/01/2023,US,Organic,0
5836,13/02/2023,ES,Referral,1
5837,18/06/2023,FR,Paid Ads,0
5838,06/11/2023,UK,Organic,1
5839,13/02/2023,IT,Organic,0
5840,08/04/2023,UK,Paid Ads,0
5841,18/09/2023,IT,Organic,0
5842,19/04/2023,UK,Email,1
5843,10/10/2023,US,Organic,0
5844,09/12/2023,US,Organic,0
5845,14/04/2023,UK,Organic,1
5846,13/09/2023,US,Organic,0
5847,25/07/2023,UK,Paid Ads,1
5848,01/12/2023,UK,Organic,1
5849,12/02/2023,UK,Referral,0
5850,19/12/2023,US,Social,0
5851,02/09/2023,ES,Email,0
5852,14/10/2023,DE,Organic,1
5853,21/12/2023,IT,Social,1
5854,30/09/2023,DE,Organic,0
5855,24/03/2023,FR,Paid Ads,1
5856,20/04/2023,FR,Paid Ads,1
5857,09/07/2023,US,Organic,0
5858,15/10/2023,FR,Email,0
5859,08/09/2023,UK,Organic,1
5860,31/07/2023,IT,Paid Ads,1
5861,18/10/2023,ES,Organic,0
5862,13/05/2023,UK,Email,0
5863,20/07/2023,ES,Email,1
5864,12/10/2023,UK,Organic,0
5865,22/11/2023,UK,Referral,1
5866,05/04/2023,UK,Referral,0
5867,05/10/2023,ES,Paid Ads,1
5868,21/11/2023,ES,Paid Ads,0
5869,07/08/2023,ES,Paid Ads,0
5870,30/03/2023,UK,Organic,0
5871,13/03/2023,US,Referral,0
5872,04/09/2023,FR,Paid Ads,0
5873,09/05/2023,UK,Paid Ads,0
5874,31/07/2023,DE,Email,1
5875,09/12/2023,UK,Organic,1
5876,06/04/2023,UK,Organic,0
5877,16/03/2023,US,Organic,0
5878,23/02/2023,FR,Organic,0
5879,10/12/2023,UK,Organic,0
5880,23/02/2023,UK,Social,0
5881,06/08/2023,UK,Organic,0
5882,16/01/2023,UK,Referral,0
5883,09/04/2023,UK,Organic,1
5884,20/01/2023,US,Paid Ads,1
5885,15/02/2023,FR,Social,0
5886,12/07/2023,US,Organic,1
5887,27/02/2023,ES,Email,1
5888,21/04/2023,FR,Social,1
5889,09/05/2023,UK,Paid Ads,1
5890,03/12/2023,UK,Organic,0
5891,13/07/2023,IT,Referral,1
5892,06/12/2023,UK,Email,0
5893,22/11/2023,UK,Organic,1
5894,08/01/2023,UK,Paid Ads,0
5895,29/01/2023,DE,Organic,0
5896,22/04/2023,DE,Organic,0
5897,10/06/2023,NL,Email,0
5898,11/05/2023,IT,Paid Ads,1
5899,07/07/2023,US,Organic,0
5900,12/06/2023,US,Paid Ads,1
5901,16/07/2023,UK,Organic,1
5902,30/12/2023,UK,Organic,0
5903,23/07/2023,UK,Paid Ads,0
5904,31/07/2023,UK,Paid Ads,0
5905,19/04/2023,UK,Organic,0
5906,03/10/2023,UK,Organic,0
5907,14/03/2023,UK,Paid Ads,0
5908,16/06/2023,NL,Email,1
5909,17/09/2023,DE,Email,0
5910,31/08/2023,NL,Organic,0
5911,02/10/2023,US,Paid Ads,1
5912,12/04/2023,US,Email,0
5913,22/06/2023,UK,Paid Ads,1
5914,20/06/2023,UK,Social,0
5915,21/05/2023,UK,Social,0
5916,07/07/2023,IT,Organic,1
5917,27/03/2023,NL,Organic,1
5918,21/02/2023,UK,Organic,0
5919,21/04/2023,UK,Organic,0
5920,31/12/2023,US,Social,1
5921,08/12/2023,UK,Social,0
5922,12/02/2023,US,Organic,1
5923,30/07/2023,UK,Paid Ads,1
5924,19/07/2023,US,Paid Ads,0
5925,25/10/2023,UK,Organic,0
5926,12/12/2023,US,Paid Ads,1
5927,28/08/2023,UK,Social,0
5928,25/04/2023,US,Organic,1
5929,26/01/2023,NL,Organic,0
5930,26/10/2023,UK,Organic,1
5931,18/03/2023,IT,Organic,1
5932,17/05/2023,ES,Organic,1
5933,20/01/2023,NL,Paid Ads,1
5934,30/07/2023,ES,Paid Ads,1
5935,28/08/2023,FR,Email,1
5936,08/02/2023,IT,Organic,0
5937,25/09/2023,UK,Organic,1
5938,26/07/2023,US,Email,1
5939,24/09/2023,NL,Email,0
5940,03/06/2023,ES,Organic,1
5941,11/02/2023,NL,Organic,0
5942,11/01/2023,ES,Email,1
5943,21/10/2023,IT,Organic,1
5944,08/04/2023,FR,Organic,0
5945,02/10/2023,ES,Paid Ads,1
5946,18/08/2023,US,Organic,0
5947,08/08/2023,IT,Organic,1
5948,06/03/2023,ES,Paid Ads,0
5949,21/12/2023,ES,Email,0
5950,20/08/2023,FR,Email,1
5951,24/11/2023,UK,Social,0
5952,21/02/2023,UK,Organic,0
5953,20/09/2023,IT,Organic,0
5954,24/09/2023,DE,Email,0
5955,25/12/2023,UK,Paid Ads,1
5956,13/11/2023,UK,Organic,0
5957,20/11/2023,ES,Organic,1
5958,03/06/2023,ES,Organic,1
5959,24/12/2023,ES,Paid Ads,1
5960,20/05/2023,DE,Organic,0
5961,20/02/2023,US,Social,1
5962,27/04/2023,UK,Organic,1
5963,15/02/2023,UK,Social,1
5964,05/11/2023,ES,Email,1
5965,29/03/2023,UK,Paid Ads,1
5966,27/07/2023,DE,Referral,1
5967,26/09/2023,US,Referral,1
5968,30/03/2023,US,Organic,1
5969,28/04/2023,IT,Organic,0
5970,23/02/2023,UK,Paid Ads,0
5971,26/04/2023,ES,Paid Ads,1
5972,28/04/2023,UK,Paid Ads,0
5973,17/09/2023,UK,Paid Ads,1
5974,16/03/2023,US,Paid Ads,0
5975,01/11/2023,UK,Paid Ads,1
5976,07/01/2023,ES,Paid Ads,0
5977,02/05/2023,US,Paid Ads,0
5978,11/01/2023,UK,Email,0
5979,14/12/2023,UK,Paid Ads,0
5980,03/08/2023,DE,Referral,0
5981,06/10/2023,ES,Paid Ads,1
5982,28/01/2023,US,Paid Ads,0
5983,23/08/2023,DE,Paid Ads,1
5984,09/11/2023,ES,Organic,1
5985,26/01/2023,DE,Social,0
5986,23/02/2023,UK,Organic,0
5987,29/01/2023,DE,Organic,1
5988,19/12/2023,DE,Organic,0
5989,13/06/2023,FR,Organic,0
5990,27/09/2023,DE,Email,1
5991,30/11/2023,NL,Paid Ads,1
5992,04/02/2023,UK,Email,0
5993,13/10/2023,NL,Organic,0
5994,14/12/2023,US,Organic,1
5995,30/09/2023,FR,Organic,1
5996,27/07/2023,UK,Paid Ads,1
5997,26/08/2023,US,Email,1
5998,03/04/2023,ES,Paid Ads,1
5999,22/06/2023,FR,Organic,0
6000,20/03/2023,UK,Social,0
6001,20/04/2023,US,Organic,0
6002,05/08/2023,UK,Paid Ads,1
6003,24/12/2023,NL,Paid Ads,1
6004,16/04/2023,IT,Organic,0
6005,16/02/2023,UK,Organic,0
6006,30/06/2023,IT,Organic,1
6007,05/03/2023,IT,Email,0
6008,03/09/2023,US,Paid Ads,0
6009,01/09/2023,FR,Email,0
6010,16/11/2023,US,Paid Ads,0
6011,28/03/2023,FR,Paid Ads,0
6012,05/08/2023,UK,Referral,1
6013,07/01/2023,UK,Social,0
6014,05/10/2023,US,Organic,1
6015,03/12/2023,UK,Organic,1
6016,29/07/2023,ES,Referral,1
6017,18/06/2023,UK,Social,1
6018,26/11/2023,US,Social,0
6019,18/05/2023,IT,Paid Ads,1
6020,02/11/2023,US,Organic,0
6021,18/08/2023,US,Organic,1
6022,04/11/2023,NL,Social,1
6023,10/06/2023,IT,Paid Ads,0
6024,01/01/2023,UK,Organic,1
6025,24/08/2023,US,Social,0
6026,07/07/2023,NL,Organic,1
6027,04/01/2023,US,Referral,0
6028,12/05/2023,US,Paid Ads,1
6029,06/08/2023,UK,Organic,0
6030,17/09/2023,UK,Organic,1
6031,01/01/2023,FR,Organic,0
6032,12/03/2023,ES,Paid Ads,0
6033,27/06/2023,NL,Paid Ads,1
6034,08/07/2023,ES,Organic,1
6035,18/10/2023,UK,Social,0
6036,08/01/2023,UK,Organic,0
6037,10/09/2023,NL,Organic,1
6038,19/10/2023,UK,Organic,0
6039,01/09/2023,UK,Organic,0
6040,03/05/2023,IT,Social,0
6041,26/10/2023,DE,Organic,0
6042,10/10/2023,UK,Paid Ads,0
6043,01/02/2023,IT,Email,0
6044,30/11/2023,NL,Paid Ads,0
6045,26/05/2023,UK,Organic,1
6046,05/06/2023,IT,Email,0
6047,16/01/2023,US,Referral,0
6048,21/12/2023,US,Organic,0
6049,16/02/2023,IT,Paid Ads,1
6050,08/09/2023,NL,Social,1
6051,06/07/2023,UK,Paid Ads,0
6052,31/01/2023,UK,Referral,0
6053,17/09/2023,UK,Social,1
6054,17/01/2023,DE,Referral,1
6055,08/02/2023,UK,Organic,0
6056,31/10/2023,US,Organic,0
6057,08/02/2023,UK,Paid Ads,0
6058,12/05/2023,US,Organic,0
6059,30/01/2023,UK,Social,1
6060,07/06/2023,ES,Paid Ads,0
6061,05/10/2023,UK,Paid Ads,0
6062,22/07/2023,UK,Referral,0
6063,07/03/2023,IT,Paid Ads,1
6064,18/04/2023,FR,Organic,1
6065,25/09/2023,UK,Organic,0
6066,10/08/2023,UK,Paid Ads,0
6067,19/10/2023,FR,Email,0
6068,18/01/2023,US,Referral,0
6069,31/03/2023,ES,Organic,1
6070,30/06/2023,US,Organic,0
6071,12/09/2023,UK,Email,0
6072,10/09/2023,US,Social,0
6073,14/09/2023,FR,Organic,0
6074,12/12/2023,IT,Referral,1
6075,28/03/2023,UK,Paid Ads,0
6076,31/03/2023,US,Paid Ads,0
6077,25/08/2023,UK,Email,0
6078,11/03/2023,US,Organic,0
6079,13/02/2023,IT,Paid Ads,0
6080,19/07/2023,US,Organic,0
6081,01/06/2023,IT,Organic,1
6082,27/03/2023,DE,Paid Ads,1
6083,19/01/2023,IT,Organic,0
6084,11/04/2023,ES,Paid Ads,1
6085,05/04/2023,UK,Organic,1
6086,11/09/2023,UK,Referral,0
6087,23/12/2023,US,Organic,0
6088,30/01/2023,UK,Referral,1
6089,06/09/2023,US,Paid Ads,1
6090,02/02/2023,US,Social,1
6091,17/08/2023,NL,Social,0
6092,12/01/2023,US,Organic,1
6093,28/04/2023,ES,Organic,0
6094,16/12/2023,IT,Referral,0
6095,04/06/2023,IT,Paid Ads,1
6096,03/09/2023,UK,Organic,1
6097,28/11/2023,US,Organic,0
6098,04/09/2023,UK,Paid Ads,1
6099,29/01/2023,US,Social,0
6100,10/06/2023,US,Social,0
6101,23/08/2023,ES,Organic,1
6102,09/07/2023,US,Organic,1
6103,27/04/2023,US,Organic,0
6104,28/09/2023,NL,Paid Ads,1
6105,15/09/2023,UK,Email,1
6106,29/06/2023,US,Email,1
6107,21/06/2023,ES,Paid Ads,0
6108,01/10/2023,UK,Organic,0
6109,16/09/2023,DE,Organic,1
6110,15/05/2023,UK,Social,0
6111,20/06/2023,IT,Organic,1
6112,29/07/2023,UK,Organic,0
6113,24/08/2023,UK,Referral,1
6114,05/07/2023,DE,Referral,1
6115,30/12/2023,UK,Social,0
6116,05/04/2023,UK,Organic,1
6117,11/01/2023,US,Paid Ads,1
6118,09/03/2023,US,Paid Ads,0
6119,29/07/2023,US,Social,0
6120,15/07/2023,DE,Email,0
6121,08/04/2023,DE,Email,0
6122,03/04/2023,FR,Organic,0
6123,22/01/2023,UK,Email,1
6124,21/06/2023,UK,Paid Ads,1
6125,14/05/2023,ES,Organic,1
6126,25/01/2023,IT,Organic,1
6127,04/07/2023,UK,Referral,0
6128,26/03/2023,US,Organic,1
6129,24/02/2023,US,Email,1
6130,08/09/2023,US,Referral,1
6131,24/05/2023,FR,Organic,1
6132,17/12/2023,UK,Referral,0
6133,16/06/2023,FR,Organic,1
6134,12/08/2023,UK,Paid Ads,1
6135,08/08/2023,US,Paid Ads,0
6136,28/06/2023,ES,Email,0
6137,29/04/2023,US,Paid Ads,0
6138,22/09/2023,UK,Email,0
6139,30/05/2023,NL,Email,0
6140,03/08/2023,IT,Paid Ads,1
6141,16/07/2023,ES,Paid Ads,1
6142,11/02/2023,US,Referral,0
6143,22/02/2023,UK,Organic,1
6144,26/11/2023,IT,Email,1
6145,08/09/2023,US,Email,1
6146,22/10/2023,IT,Organic,1
6147,28/09/2023,UK,Social,0
6148,03/05/2023,UK,Organic,1
6149,05/12/2023,NL,Social,1
6150,23/09/2023,US,Organic,0
6151,14/12/2023,UK,Email,0
6152,29/01/2023,UK,Paid Ads,0
6153,04/02/2023,US,Referral,1
6154,06/01/2023,UK,Organic,0
6155,21/04/2023,US,Organic,0
6156,21/10/2023,US,Organic,1
6157,18/03/2023,ES,Email,1
6158,15/12/2023,US,Organic,0
6159,27/05/2023,NL,Referral,1
6160,08/03/2023,UK,Email,1
6161,08/01/2023,DE,Social,1
6162,02/05/2023,UK,Organic,1
6163,06/12/2023,FR,Email,1
6164,24/06/2023,NL,Organic,1
6165,28/06/2023,ES,Referral,1
6166,26/03/2023,DE,Referral,1
6167,14/02/2023,US,Organic,1
6168,16/05/2023,ES,Organic,0
6169,09/12/2023,IT,Paid Ads,0
6170,16/01/2023,NL,Paid Ads,1
6171,29/11/2023,US,Social,0
6172,14/07/2023,NL,Organic,0
6173,09/01/2023,UK,Social,0
6174,12/11/2023,UK,Paid Ads,1
6175,30/11/2023,UK,Social,0
6176,29/11/2023,UK,Referral,0
6177,23/11/2023,ES,Email,1
6178,15/01/2023,IT,Organic,0
6179,23/11/2023,ES,Paid Ads,0
6180,12/04/2023,DE,Organic,1
6181,14/08/2023,US,Organic,0
6182,05/10/2023,FR,Paid Ads,1
6183,23/04/2023,US,Referral,1
6184,01/01/2023,ES,Organic,1
6185,23/09/2023,FR,Paid Ads,0
6186,27/07/2023,FR,Paid Ads,0
6187,20/04/2023,US,Organic,0
6188,19/07/2023,IT,Paid Ads,0
6189,02/11/2023,UK,Referral,1
6190,12/01/2023,US,Organic,1
6191,11/12/2023,ES,Email,0
6192,07/07/2023,US,Paid Ads,0
6193,03/06/2023,IT,Email,0
6194,30/11/2023,UK,Organic,1
6195,06/10/2023,US,Email,0
6196,20/06/2023,IT,Organic,1
6197,14/05/2023,US,Paid Ads,1
6198,25/01/2023,US,Organic,0
6199,18/01/2023,UK,Email,0
6200,09/07/2023,UK,Referral,1
6201,21/05/2023,FR,Organic,0
6202,12/02/2023,UK,Organic,1
6203,30/11/2023,IT,Organic,1
6204,11/10/2023,ES,Organic,0
6205,26/05/2023,UK,Paid Ads,1
6206,11/11/2023,FR,Referral,0
6207,15/11/2023,DE,Social,0
6208,02/04/2023,UK,Social,1
6209,28/06/2023,UK,Referral,0
6210,25/02/2023,US,Organic,1
6211,04/06/2023,FR,Organic,1
6212,09/06/2023,DE,Paid Ads,0
6213,21/04/2023,US,Paid Ads,1
6214,17/05/2023,ES,Paid Ads,1
6215,20/08/2023,ES,Social,0
6216,08/08/2023,DE,Email,0
6217,09/03/2023,ES,Organic,0
6218,29/10/2023,UK,Organic,0
6219,06/09/2023,IT,Email,0
6220,19/11/2023,DE,Email,0
6221,06/01/2023,ES,Organic,1
6222,07/10/2023,US,Referral,0
6223,04/04/2023,UK,Referral,1
6224,26/09/2023,US,Paid Ads,0
6225,16/07/2023,US,Organic,1
6226,25/01/2023,FR,Email,0
6227,28/05/2023,US,Referral,0
6228,28/04/2023,ES,Organic,0
6229,04/12/2023,FR,Referral,0
6230,04/12/2023,FR,Referral,1
6231,07/03/2023,UK,Email,0
6232,28/10/2023,NL,Organic,1
6233,24/06/2023,ES,Social,0
6234,15/11/2023,ES,Organic,0
6235,17/03/2023,UK,Paid Ads,0
6236,24/04/2023,US,Referral,1
6237,21/04/2023,UK,Paid Ads,1
6238,06/09/2023,US,Paid Ads,0
6239,22/07/2023,UK,Email,1
6240,27/05/2023,DE,Paid Ads,0
6241,04/02/2023,DE,Paid Ads,0
6242,05/11/2023,US,Organic,1
6243,26/01/2023,US,Organic,0
6244,26/08/2023,IT,Organic,0
6245,14/01/2023,UK,Social,0
6246,14/02/2023,ES,Email,0
6247,04/08/2023,UK,Social,1
6248,21/08/2023,UK,Organic,1
6249,12/07/2023,UK,Referral,0
6250,20/02/2023,ES,Organic,1
6251,02/08/2023,US,Email,0
6252,31/05/2023,IT,Organic,0
6253,02/10/2023,US,Organic,0
6254,04/12/2023,UK,Paid Ads,0
6255,17/03/2023,FR,Organic,0
6256,08/08/2023,UK,Referral,1
6257,14/12/2023,ES,Referral,0
6258,06/07/2023,UK,Referral,1
6259,16/10/2023,UK,Social,1
6260,28/01/2023,ES,Organic,0
6261,29/06/2023,NL,Paid Ads,0
6262,10/09/2023,US,Email,1
6263,06/05/2023,ES,Paid Ads,1
6264,26/06/2023,UK,Organic,0
6265,06/02/2023,ES,Email,0
6266,09/04/2023,FR,Organic,1
6267,08/04/2023,UK,Organic,1
6268,07/05/2023,UK,Organic,0
6269,17/06/2023,UK,Organic,1
6270,21/03/2023,US,Organic,0
6271,21/10/2023,UK,Organic,0
6272,29/11/2023,DE,Paid Ads,1
6273,06/05/2023,NL,Organic,0
6274,09/12/2023,UK,Organic,0
6275,06/11/2023,US,Referral,1
6276,30/05/2023,DE,Organic,1
6277,16/01/2023,IT,Organic,0
6278,28/01/2023,US,Paid Ads,1
6279,22/06/2023,US,Organic,0
6280,15/02/2023,US,Organic,0
6281,24/11/2023,UK,Paid Ads,0
6282,24/08/2023,UK,Referral,1
6283,02/08/2023,US,Paid Ads,1
6284,26/03/2023,UK,Social,1
6285,09/10/2023,DE,Paid Ads,0
6286,20/08/2023,UK,Paid Ads,1
6287,26/03/2023,US,Organic,1
6288,06/03/2023,UK,Email,0
6289,14/05/2023,IT,Organic,0
6290,31/05/2023,IT,Paid Ads,1
6291,25/04/2023,UK,Paid Ads,1
6292,05/03/2023,UK,Referral,0
6293,09/12/2023,DE,Social,0
6294,29/12/2023,UK,Social,0
6295,18/12/2023,US,Organic,1
6296,07/06/2023,UK,Organic,1
6297,18/03/2023,IT,Email,0
6298,26/05/2023,IT,Paid Ads,0
6299,09/12/2023,DE,Paid Ads,1
6300,13/08/2023,US,Referral,1
6301,09/11/2023,IT,Paid Ads,0
6302,13/04/2023,IT,Social,0
6303,13/12/2023,NL,Paid Ads,1
6304,28/10/2023,UK,Paid Ads,0
6305,29/03/2023,UK,Paid Ads,0
6306,30/10/2023,FR,Email,0
6307,17/06/2023,US,Paid Ads,1
6308,19/06/2023,UK,Paid Ads,0
6309,15/05/2023,UK,Social,1
6310,19/02/2023,IT,Paid Ads,1
6311,06/12/2023,IT,Organic,0
6312,13/12/2023,US,Referral,0
6313,14/05/2023,IT,Referral,0
6314,13/12/2023,DE,Organic,1
6315,17/05/2023,ES,Paid Ads,1
6316,02/09/2023,US,Referral,0
6317,19/04/2023,UK,Paid Ads,1
6318,09/11/2023,US,Email,1
6319,14/10/2023,US,Paid Ads,0
6320,21/01/2023,DE,Social,0
6321,31/03/2023,UK,Organic,0
6322,23/10/2023,NL,Organic,1
6323,22/04/2023,UK,Paid Ads,0
6324,28/10/2023,UK,Paid Ads,0
6325,18/03/2023,US,Organic,0
6326,26/06/2023,US,Organic,1
6327,09/12/2023,US,Referral,0
6328,28/05/2023,ES,Organic,0
6329,11/04/2023,US,Paid Ads,0
6330,03/09/2023,DE,Email,0
6331,27/04/2023,FR,Email,1
6332,02/04/2023,UK,Organic,0
6333,28/01/2023,DE,Paid Ads,0
6334,25/01/2023,IT,Paid Ads,1
6335,27/02/2023,UK,Email,1
6336,24/10/2023,US,Email,1
6337,14/05/2023,IT,Organic,0
6338,27/11/2023,US,Organic,0
6339,06/09/2023,US,Organic,0
6340,07/02/2023,NL,Organic,0
6341,16/03/2023,UK,Paid Ads,0
6342,22/05/2023,UK,Referral,0
6343,18/11/2023,IT,Organic,1
6344,17/06/2023,IT,Referral,0
6345,16/09/2023,US,Social,0
6346,21/12/2023,US,Referral,1
6347,13/08/2023,ES,Organic,1
6348,01/06/2023,FR,Paid Ads,1
6349,19/01/2023,UK,Paid Ads,0
6350,26/05/2023,UK,Email,0
6351,29/08/2023,US,Organic,0
6352,10/12/2023,IT,Paid Ads,1
6353,25/08/2023,IT,Paid Ads,1
6354,04/02/2023,NL,Paid Ads,0
6355,09/07/2023,IT,Referral,1
6356,01/01/2023,DE,Organic,0
6357,02/06/2023,US,Paid Ads,1
6358,06/05/2023,ES,Organic,1
6359,11/12/2023,FR,Organic,0
6360,14/08/2023,US,Referral,0
6361,09/08/2023,UK,Organic,1
6362,30/07/2023,IT,Organic,1
6363,25/01/2023,US,Referral,1
6364,16/01/2023,US,Referral,1
6365,01/07/2023,DE,Organic,0
6366,25/11/2023,FR,Paid Ads,0
6367,09/05/2023,UK,Organic,0
6368,11/02/2023,ES,Organic,0
6369,02/12/2023,UK,Paid Ads,1
6370,24/08/2023,UK,Organic,0
6371,26/12/2023,US,Social,0
6372,03/02/2023,FR,Organic,0
6373,11/12/2023,NL,Email,0
6374,14/02/2023,ES,Email,0
6375,14/05/2023,IT,Social,0
6376,21/01/2023,UK,Paid Ads,0
6377,02/05/2023,UK,Email,0
6378,11/03/2023,DE,Social,0
6379,18/12/2023,UK,Organic,1
6380,27/12/2023,ES,Paid Ads,0
6381,17/02/2023,FR,Organic,1
6382,08/02/2023,NL,Paid Ads,0
6383,14/10/2023,UK,Paid Ads,0
6384,10/01/2023,US,Organic,0
6385,30/01/2023,US,Email,0
6386,01/09/2023,UK,Organic,0
6387,01/10/2023,DE,Email,1
6388,29/03/2023,US,Organic,0
6389,01/09/2023,US,Referral,0
6390,25/11/2023,US,Organic,0
6391,15/01/2023,UK,Organic,1
6392,04/01/2023,US,Referral,0
6393,10/07/2023,UK,Organic,0
6394,17/06/2023,UK,Paid Ads,1
6395,09/01/2023,UK,Social,0
6396,19/04/2023,UK,Organic,1
6397,17/05/2023,US,Email,0
6398,03/06/2023,UK,Organic,0
6399,28/07/2023,US,Organic,0
6400,29/09/2023,FR,Organic,0
6401,23/05/2023,DE,Social,1
6402,09/04/2023,ES,Organic,0
6403,04/11/2023,US,Email,1
6404,10/03/2023,US,Social,0
6405,04/09/2023,ES,Organic,1
6406,18/09/2023,US,Paid Ads,0
6407,03/10/2023,FR,Email,0
6408,20/03/2023,US,Organic,0
6409,26/05/2023,US,Organic,0
6410,21/04/2023,ES,Paid Ads,1
6411,15/09/2023,UK,Email,0
6412,03/04/2023,UK,Email,0
6413,13/01/2023,UK,Organic,1
6414,17/09/2023,US,Organic,1
6415,19/04/2023,UK,Social,0
6416,26/11/2023,DE,Organic,1
6417,08/07/2023,ES,Referral,1
6418,05/04/2023,ES,Organic,1
6419,15/04/2023,US,Email,1
6420,08/01/2023,NL,Social,1
6421,08/03/2023,DE,Organic,0
6422,10/07/2023,US,Organic,1
6423,13/09/2023,ES,Paid Ads,1
6424,09/01/2023,FR,Organic,1
6425,27/04/2023,FR,Paid Ads,0
6426,24/09/2023,UK,Referral,0
6427,09/04/2023,US,Organic,0
6428,25/10/2023,IT,Organic,0
6429,13/06/2023,US,Email,0
6430,21/05/2023,FR,Paid Ads,1
6431,25/09/2023,DE,Organic,1
6432,06/02/2023,ES,Referral,1
6433,15/03/2023,UK,Email,1
6434,14/03/2023,DE,Paid Ads,1
6435,04/11/2023,UK,Organic,0
6436,18/07/2023,FR,Organic,1
6437,10/05/2023,FR,Email,0
6438,03/09/2023,UK,Email,0
6439,08/11/2023,FR,Referral,0
6440,01/03/2023,US,Organic,1
6441,06/10/2023,UK,Paid Ads,0
6442,13/04/2023,US,Email,0
6443,23/10/2023,UK,Organic,0
6444,16/11/2023,US,Organic,0
6445,07/12/2023,US,Paid Ads,0
6446,31/05/2023,FR,Email,1
6447,06/06/2023,ES,Organic,1
6448,25/07/2023,DE,Paid Ads,1
6449,28/06/2023,UK,Paid Ads,0
6450,16/07/2023,IT,Paid Ads,1
6451,11/08/2023,FR,Referral,1
6452,30/03/2023,UK,Paid Ads,0
6453,14/10/2023,ES,Organic,1
6454,03/10/2023,UK,Organic,0
6455,24/08/2023,DE,Paid Ads,0
6456,02/07/2023,US,Organic,1
6457,28/07/2023,US,Paid Ads,1
6458,10/05/2023,IT,Referral,0
6459,02/06/2023,US,Organic,0
6460,13/01/2023,UK,Paid Ads,0
6461,02/05/2023,IT,Paid Ads,1
6462,25/12/2023,IT,Organic,1
6463,08/08/2023,FR,Paid Ads,1
6464,16/04/2023,US,Social,0
6465,11/03/2023,UK,Paid Ads,1
6466,14/07/2023,ES,Paid Ads,1
6467,05/07/2023,UK,Organic,0
6468,09/04/2023,UK,Organic,0
6469,23/03/2023,US,Organic,1
6470,16/03/2023,UK,Email,0
6471,06/12/2023,UK,Organic,0
6472,11/07/2023,US,Organic,0
6473,21/11/2023,UK,Referral,0
6474,02/08/2023,UK,Organic,0
6475,11/11/2023,UK,Organic,0
6476,14/11/2023,UK,Paid Ads,0
6477,24/05/2023,FR,Organic,0
6478,04/08/2023,ES,Paid Ads,0
6479,27/12/2023,US,Organic,0
6480,20/11/2023,US,Organic,0
6481,15/01/2023,UK,Email,1
6482,05/08/2023,UK,Email,1
6483,04/02/2023,UK,Email,0
6484,02/07/2023,US,Email,1
6485,27/09/2023,FR,Paid Ads,1
6486,24/12/2023,DE,Paid Ads,0
6487,10/04/2023,US,Paid Ads,1
6488,07/01/2023,UK,Email,0
6489,30/01/2023,ES,Paid Ads,0
6490,01/11/2023,US,Organic,1
6491,24/05/2023,FR,Email,1
6492,21/04/2023,US,Email,1
6493,20/08/2023,FR,Email,1
6494,28/06/2023,IT,Organic,1
6495,13/03/2023,IT,Organic,1
6496,29/07/2023,US,Organic,0
6497,08/08/2023,US,Paid Ads,0
6498,21/03/2023,UK,Organic,0
6499,24/03/2023,IT,Organic,0
6500,11/02/2023,US,Organic,1
6501,30/09/2023,UK,Organic,1
6502,10/07/2023,US,Referral,1
6503,22/06/2023,UK,Email,0
6504,07/01/2023,US,Organic,0
6505,04/06/2023,DE,Paid Ads,1
6506,10/01/2023,UK,Organic,0
6507,03/02/2023,UK,Organic,0
6508,05/02/2023,IT,Referral,0
6509,06/01/2023,ES,Referral,0
6510,03/08/2023,ES,Email,1
6511,14/05/2023,US,Paid Ads,1
6512,12/10/2023,ES,Email,0
6513,06/05/2023,US,Organic,0
6514,03/12/2023,UK,Organic,0
6515,23/06/2023,UK,Organic,1
6516,01/06/2023,UK,Email,0
6517,27/11/2023,UK,Organic,0
6518,26/01/2023,NL,Organic,1
6519,25/04/2023,UK,Paid Ads,1
6520,11/10/2023,US,Organic,0
6521,16/03/2023,US,Organic,1
6522,15/06/2023,UK,Organic,1
6523,08/07/2023,DE,Organic,1
6524,19/03/2023,UK,Referral,0
6525,31/03/2023,ES,Paid Ads,0
6526,25/06/2023,UK,Organic,1
6527,21/01/2023,DE,Organic,0
6528,23/02/2023,FR,Email,0
6529,03/07/2023,IT,Paid Ads,1
6530,25/12/2023,ES,Referral,0
6531,10/08/2023,DE,Paid Ads,0
6532,11/11/2023,US,Organic,0
6533,24/11/2023,US,Social,0
6534,28/06/2023,ES,Paid Ads,0
6535,03/10/2023,IT,Organic,1
6536,22/04/2023,UK,Paid Ads,1
6537,12/08/2023,US,Organic,0
6538,02/08/2023,ES,Organic,0
6539,28/02/2023,US,Social,0
6540,23/11/2023,UK,Email,1
6541,19/04/2023,US,Organic,1
6542,06/06/2023,DE,Organic,0
6543,10/07/2023,NL,Email,1
6544,19/07/2023,US,Organic,1
6545,08/11/2023,UK,Paid Ads,0
6546,15/07/2023,UK,Referral,0
6547,04/02/2023,UK,Referral,0
6548,03/09/2023,DE,Referral,1
6549,25/08/2023,US,Referral,1
6550,14/04/2023,UK,Social,0
6551,07/01/2023,FR,Organic,0
6552,10/10/2023,FR,Email,0
6553,01/01/2023,UK,Organic,0
6554,07/08/2023,UK,Organic,0
6555,18/08/2023,NL,Organic,1
6556,21/06/2023,US,Referral,1
6557,28/03/2023,ES,Organic,1
6558,10/02/2023,US,Email,0
6559,03/05/2023,ES,Paid Ads,1
6560,27/11/2023,ES,Organic,1
6561,25/10/2023,FR,Referral,0
6562,27/06/2023,IT,Email,1
6563,04/03/2023,IT,Referral,1
6564,14/06/2023,DE,Organic,0
6565,06/07/2023,UK,Email,0
6566,28/07/2023,US,Referral,0
6567,15/08/2023,ES,Organic,0
6568,17/02/2023,FR,Organic,1
6569,12/08/2023,UK,Paid Ads,0
6570,03/01/2023,UK,Email,0
6571,24/06/2023,FR,Organic,1
6572,09/04/2023,UK,Organic,0
6573,26/04/2023,US,Email,1
6574,27/09/2023,FR,Organic,1
6575,10/09/2023,DE,Social,0
6576,13/11/2023,UK,Organic,1
6577,05/04/2023,UK,Paid Ads,1
6578,30/09/2023,UK,Organic,1
6579,24/01/2023,UK,Social,1
6580,26/04/2023,DE,Referral,0
6581,31/05/2023,US,Social,0
6582,04/12/2023,UK,Referral,0
6583,19/02/2023,UK,Organic,1
6584,25/07/2023,UK,Organic,0
6585,01/12/2023,NL,Paid Ads,1
6586,20/03/2023,US,Paid Ads,1
6587,11/03/2023,IT,Social,1
6588,27/01/2023,ES,Organic,1
6589,28/09/2023,US,Referral,0
6590,19/02/2023,FR,Social,0
6591,19/10/2023,UK,Organic,0
6592,04/09/2023,FR,Email,0
6593,21/09/2023,UK,Paid Ads,1
6594,20/03/2023,ES,Referral,0
6595,09/07/2023,UK,Organic,0
6596,16/02/2023,ES,Organic,0
6597,27/12/2023,UK,Organic,1
6598,20/12/2023,IT,Social,0
6599,18/12/2023,UK,Email,0
6600,08/07/2023,FR,Organic,1
6601,13/09/2023,US,Social,0
6602,10/08/2023,US,Paid Ads,1
6603,29/08/2023,DE,Email,1
6604,26/09/2023,IT,Organic,0
6605,01/01/2023,UK,Organic,1
6606,03/02/2023,IT,Referral,0
6607,20/03/2023,DE,Organic,1
6608,24/08/2023,ES,Paid Ads,1
6609,30/11/2023,US,Paid Ads,0
6610,15/12/2023,US,Organic,1
6611,08/04/2023,IT,Organic,0
6612,23/03/2023,US,Social,0
6613,11/07/2023,US,Organic,0
6614,10/09/2023,UK,Organic,0
6615,07/02/2023,UK,Paid Ads,0
6616,14/01/2023,DE,Referral,0
6617,13/12/2023,FR,Referral,0
6618,06/11/2023,DE,Email,0
6619,28/07/2023,UK,Organic,1
6620,23/12/2023,US,Organic,1
6621,30/03/2023,US,Email,0
6622,25/02/2023,US,Social,0
6623,04/04/2023,IT,Paid Ads,0
6624,03/04/2023,ES,Organic,1
6625,06/12/2023,UK,Organic,0
6626,26/03/2023,IT,Organic,0
6627,02/09/2023,US,Referral,1
6628,22/01/2023,FR,Organic,0
6629,18/10/2023,UK,Organic,0
6630,29/09/2023,FR,Paid Ads,0
6631,02/11/2023,UK,Paid Ads,1
6632,02/05/2023,US,Paid Ads,0
6633,08/05/2023,UK,Paid Ads,1
6634,23/04/2023,UK,Referral,0
6635,30/09/2023,UK,Organic,1
6636,02/12/2023,UK,Paid Ads,0
6637,10/05/2023,UK,Organic,1
6638,12/05/2023,FR,Organic,0
6639,26/03/2023,UK,Paid Ads,0
6640,16/12/2023,DE,Paid Ads,0
6641,22/03/2023,UK,Referral,1
6642,21/11/2023,IT,Paid Ads,1
6643,10/03/2023,IT,Email,1
6644,28/05/2023,UK,Paid Ads,1
6645,16/01/2023,DE,Paid Ads,1
6646,03/11/2023,UK,Referral,0
6647,15/04/2023,IT,Organic,0
6648,14/06/2023,US,Organic,1
6649,20/07/2023,UK,Paid Ads,1
6650,16/07/2023,UK,Organic,0
6651,04/07/2023,UK,Paid Ads,1
6652,18/11/2023,US,Paid Ads,0
6653,22/09/2023,FR,Social,1
6654,29/12/2023,US,Email,1
6655,10/04/2023,US,Organic,1
6656,08/12/2023,UK,Paid Ads,1
6657,16/11/2023,UK,Organic,0
6658,02/08/2023,UK,Organic,1
6659,05/10/2023,ES,Email,0
6660,11/06/2023,UK,Organic,1
6661,06/06/2023,DE,Organic,0
6662,08/09/2023,UK,Social,0
6663,07/04/2023,UK,Email,0
6664,18/01/2023,DE,Email,1
6665,23/11/2023,US,Email,0
6666,07/04/2023,US,Referral,0
6667,01/01/2023,DE,Organic,1
6668,04/08/2023,US,Paid Ads,0
6669,12/05/2023,UK,Paid Ads,0
6670,17/09/2023,DE,Organic,1
6671,05/05/2023,FR,Email,0
6672,23/03/2023,UK,Paid Ads,1
6673,10/10/2023,US,Organic,1
6674,20/06/2023,UK,Organic,0
6675,28/02/2023,UK,Organic,0
6676,01/02/2023,DE,Email,1
6677,10/06/2023,IT,Paid Ads,0
6678,11/10/2023,IT,Paid Ads,0
6679,16/04/2023,UK,Paid Ads,0
6680,15/04/2023,US,Referral,1
6681,16/08/2023,DE,Email,1
6682,07/07/2023,UK,Paid Ads,0
6683,11/03/2023,ES,Social,0
6684,14/11/2023,FR,Social,0
6685,17/10/2023,IT,Social,0
6686,28/03/2023,UK,Referral,1
6687,28/12/2023,UK,Social,0
6688,25/02/2023,ES,Paid Ads,1
6689,23/04/2023,FR,Email,1
6690,13/01/2023,IT,Social,1
6691,18/01/2023,UK,Social,0
6692,01/07/2023,DE,Email,1
6693,23/04/2023,DE,Paid Ads,1
6694,17/08/2023,UK,Organic,1
6695,20/06/2023,US,Organic,1
6696,22/10/2023,DE,Email,0
6697,08/07/2023,UK,Organic,0
6698,20/03/2023,UK,Paid Ads,1
6699,26/05/2023,DE,Paid Ads,1
6700,01/07/2023,US,Paid Ads,0
6701,13/10/2023,IT,Social,0
6702,07/09/2023,UK,Referral,0
6703,20/12/2023,UK,Email,1
6704,10/11/2023,NL,Paid Ads,0
6705,15/07/2023,IT,Email,0
6706,19/11/2023,UK,Organic,0
6707,12/03/2023,ES,Organic,1
6708,05/09/2023,UK,Social,1
6709,26/05/2023,UK,Referral,0
6710,16/04/2023,UK,Referral,1
6711,20/09/2023,UK,Paid Ads,1
6712,23/10/2023,ES,Organic,0
6713,11/03/2023,FR,Paid Ads,0
6714,12/07/2023,NL,Organic,0
6715,09/03/2023,FR,Paid Ads,0
6716,01/11/2023,US,Paid Ads,0
6717,21/02/2023,FR,Paid Ads,0
6718,29/12/2023,NL,Paid Ads,0
6719,12/10/2023,FR,Social,0
6720,30/11/2023,ES,Referral,0
6721,09/01/2023,IT,Email,1
6722,08/09/2023,UK,Paid Ads,0
6723,28/11/2023,FR,Paid Ads,1
6724,25/10/2023,IT,Organic,0
6725,03/07/2023,NL,Organic,1
6726,28/06/2023,UK,Paid Ads,0
6727,17/07/2023,US,Organic,1
6728,08/05/2023,FR,Email,0
6729,20/01/2023,UK,Paid Ads,1
6730,24/11/2023,DE,Email,1
6731,06/03/2023,UK,Social,0
6732,01/07/2023,UK,Organic,1
6733,29/08/2023,US,Organic,1
6734,24/01/2023,US,Referral,0
6735,24/03/2023,US,Organic,0
6736,15/11/2023,US,Organic,1
6737,04/07/2023,UK,Email,1
6738,12/11/2023,UK,Social,0
6739,09/04/2023,UK,Email,1
6740,03/03/2023,UK,Paid Ads,1
6741,13/10/2023,DE,Paid Ads,0
6742,22/01/2023,ES,Paid Ads,1
6743,31/07/2023,UK,Paid Ads,0
6744,06/05/2023,UK,Paid Ads,0
6745,11/02/2023,FR,Organic,0
6746,08/04/2023,UK,Social,0
6747,31/01/2023,NL,Email,0
6748,07/06/2023,FR,Referral,0
6749,22/04/2023,UK,Social,0
6750,04/09/2023,UK,Organic,1
6751,02/05/2023,US,Organic,1
6752,30/09/2023,UK,Email,0
6753,21/10/2023,UK,Social,1
6754,26/07/2023,UK,Paid Ads,1
6755,20/04/2023,ES,Organic,0
6756,05/10/2023,US,Email,0
6757,25/02/2023,UK,Organic,1
6758,26/02/2023,FR,Paid Ads,1
6759,18/10/2023,US,Organic,1
6760,24/04/2023,US,Social,0
6761,04/11/2023,UK,Paid Ads,0
6762,07/12/2023,DE,Email,1
6763,17/07/2023,NL,Organic,0
6764,17/11/2023,UK,Organic,1
6765,28/06/2023,UK,Social,0
6766,07/08/2023,UK,Organic,1
6767,04/10/2023,UK,Paid Ads,0
6768,16/01/2023,US,Organic,1
6769,02/03/2023,ES,Email,1
6770,23/02/2023,IT,Organic,1
6771,17/06/2023,UK,Paid Ads,1
6772,26/01/2023,US,Referral,0
6773,02/12/2023,DE,Paid Ads,0
6774,06/03/2023,US,Organic,0
6775,10/04/2023,US,Referral,1
6776,15/03/2023,UK,Paid Ads,1
6777,11/07/2023,US,Organic,1
6778,20/06/2023,US,Paid Ads,1
6779,30/09/2023,ES,Social,1
6780,06/07/2023,ES,Organic,0
6781,23/01/2023,UK,Paid Ads,1
6782,30/06/2023,UK,Referral,0
6783,23/11/2023,IT,Organic,0
6784,18/04/2023,US,Organic,1
6785,01/12/2023,IT,Paid Ads,0
6786,11/06/2023,UK,Email,1
6787,29/10/2023,US,Organic,1
6788,25/07/2023,US,Email,1
6789,19/03/2023,IT,Referral,0
6790,16/01/2023,UK,Organic,1
6791,23/11/2023,UK,Paid Ads,0
6792,06/04/2023,US,Social,1
6793,27/05/2023,IT,Organic,1
6794,02/01/2023,IT,Paid Ads,1
6795,10/01/2023,NL,Paid Ads,0
6796,05/05/2023,NL,Organic,0
6797,22/03/2023,UK,Organic,0
6798,20/05/2023,UK,Organic,1
6799,22/11/2023,UK,Organic,1
6800,30/05/2023,UK,Organic,0
6801,15/10/2023,ES,Email,1
6802,27/12/2023,IT,Social,1
6803,06/12/2023,UK,Organic,1
6804,09/05/2023,DE,Paid Ads,0
6805,27/08/2023,IT,Organic,0
6806,27/02/2023,US,Organic,1
6807,17/07/2023,UK,Organic,0
6808,30/07/2023,US,Organic,0
6809,14/02/2023,US,Social,1
6810,07/04/2023,DE,Organic,1
6811,06/10/2023,US,Paid Ads,0
6812,23/01/2023,UK,Organic,0
6813,01/12/2023,NL,Organic,1
6814,13/02/2023,US,Email,0
6815,27/01/2023,US,Organic,0
6816,09/10/2023,NL,Social,0
6817,07/04/2023,UK,Organic,1
6818,05/02/2023,UK,Paid Ads,1
6819,19/04/2023,ES,Social,0
6820,24/02/2023,UK,Organic,0
6821,11/07/2023,ES,Paid Ads,1
6822,07/08/2023,UK,Email,0
6823,04/07/2023,UK,Organic,0
6824,10/03/2023,US,Referral,0
6825,13/11/2023,UK,Organic,1
6826,10/05/2023,ES,Organic,0
6827,24/02/2023,DE,Organic,0
6828,07/04/2023,IT,Social,1
6829,02/12/2023,ES,Organic,1
6830,28/03/2023,UK,Organic,1
6831,21/10/2023,ES,Paid Ads,0
6832,29/04/2023,DE,Organic,1
6833,27/07/2023,FR,Paid Ads,0
6834,30/11/2023,ES,Organic,0
6835,03/06/2023,DE,Referral,0
6836,04/02/2023,US,Paid Ads,0
6837,20/03/2023,DE,Organic,0
6838,08/03/2023,UK,Organic,1
6839,09/12/2023,UK,Paid Ads,0
6840,03/02/2023,DE,Email,1
6841,07/04/2023,UK,Organic,1
6842,18/06/2023,UK,Organic,1
6843,18/06/2023,UK,Organic,0
6844,31/05/2023,DE,Referral,1
6845,12/03/2023,US,Social,0
6846,03/01/2023,ES,Organic,0
6847,10/11/2023,US,Organic,1
6848,01/02/2023,US,Organic,0
6849,14/10/2023,US,Organic,0
6850,23/03/2023,FR,Paid Ads,1
6851,12/02/2023,US,Social,0
6852,15/04/2023,NL,Organic,0
6853,01/01/2023,IT,Email,1
6854,02/03/2023,ES,Organic,1
6855,27/09/2023,IT,Email,0
6856,29/06/2023,US,Paid Ads,0
6857,12/08/2023,US,Organic,1
6858,06/01/2023,FR,Social,1
6859,13/04/2023,FR,Organic,0
6860,10/01/2023,IT,Paid Ads,1
6861,12/03/2023,FR,Email,0
6862,31/03/2023,NL,Organic,0
6863,14/08/2023,UK,Paid Ads,0
6864,07/06/2023,ES,Email,1
6865,16/08/2023,FR,Social,0
6866,06/05/2023,FR,Referral,1
6867,28/07/2023,UK,Organic,1
6868,07/04/2023,ES,Referral,0
6869,15/03/2023,IT,Referral,0
6870,25/04/2023,UK,Referral,0
6871,10/07/2023,DE,Email,0
6872,19/06/2023,US,Organic,1
6873,03/11/2023,NL,Organic,1
6874,23/07/2023,US,Paid Ads,0
6875,25/02/2023,UK,Social,1
6876,27/07/2023,US,Paid Ads,0
6877,10/02/2023,FR,Social,0
6878,01/02/2023,UK,Social,0
6879,15/01/2023,DE,Social,0
6880,03/03/2023,IT,Social,1
6881,04/06/2023,IT,Email,1
6882,11/10/2023,UK,Email,1
6883,28/07/2023,NL,Referral,1
6884,16/11/2023,FR,Organic,1
6885,06/07/2023,UK,Organic,1
6886,10/05/2023,UK,Organic,0
6887,07/05/2023,UK,Organic,1
6888,19/10/2023,ES,Organic,0
6889,24/04/2023,UK,Social,1
6890,18/07/2023,UK,Referral,1
6891,13/01/2023,ES,Organic,1
6892,28/09/2023,DE,Email,1
6893,30/03/2023,ES,Paid Ads,0
6894,03/08/2023,FR,Organic,0
6895,05/10/2023,UK,Email,0
6896,22/07/2023,IT,Organic,0
6897,15/03/2023,UK,Referral,0
6898,25/01/2023,DE,Organic,0
6899,11/04/2023,DE,Paid Ads,0
6900,25/06/2023,UK,Email,1
6901,27/04/2023,NL,Organic,0
6902,15/06/2023,US,Social,0
6903,10/02/2023,UK,Organic,0
6904,10/12/2023,IT,Paid Ads,0
6905,30/04/2023,DE,Social,1
6906,07/04/2023,FR,Social,0
6907,25/05/2023,US,Organic,0
6908,04/08/2023,ES,Organic,0
6909,17/08/2023,UK,Referral,0
6910,09/11/2023,UK,Organic,1
6911,10/05/2023,US,Paid Ads,1
6912,18/12/2023,UK,Email,0
6913,14/11/2023,FR,Paid Ads,1
6914,17/05/2023,US,Organic,0
6915,20/11/2023,UK,Paid Ads,0
6916,03/12/2023,UK,Social,1
6917,30/09/2023,FR,Paid Ads,1
6918,27/04/2023,ES,Referral,0
6919,02/11/2023,US,Organic,1
6920,04/04/2023,DE,Organic,1
6921,17/06/2023,UK,Organic,0
6922,22/07/2023,DE,Paid Ads,0
6923,07/12/2023,UK,Organic,0
6924,29/05/2023,US,Paid Ads,0
6925,02/07/2023,DE,Referral,0
6926,01/06/2023,IT,Referral,0
6927,15/03/2023,US,Organic,0
6928,31/12/2023,ES,Email,0
6929,01/10/2023,DE,Referral,1
6930,11/02/2023,IT,Organic,1
6931,31/07/2023,US,Organic,0
6932,11/04/2023,UK,Paid Ads,1
6933,14/02/2023,IT,Organic,1
6934,23/03/2023,UK,Organic,0
6935,17/01/2023,UK,Organic,1
6936,14/03/2023,UK,Organic,1
6937,14/01/2023,ES,Social,1
6938,06/06/2023,UK,Referral,0
6939,11/08/2023,IT,Paid Ads,0
6940,12/05/2023,US,Social,0
6941,04/12/2023,UK,Paid Ads,0
6942,16/02/2023,US,Referral,0
6943,17/04/2023,UK,Organic,0
6944,18/04/2023,DE,Paid Ads,1
6945,22/09/2023,FR,Organic,0
6946,24/07/2023,US,Paid Ads,1
6947,20/03/2023,UK,Organic,1
6948,04/06/2023,FR,Organic,0
6949,28/09/2023,ES,Organic,1
6950,04/09/2023,FR,Organic,0
6951,19/01/2023,ES,Email,1
6952,12/12/2023,UK,Organic,1
6953,26/01/2023,IT,Email,1
6954,05/08/2023,UK,Referral,0
6955,03/06/2023,UK,Paid Ads,0
6956,03/06/2023,ES,Organic,0
6957,23/06/2023,IT,Social,0
6958,02/04/2023,FR,Organic,0
6959,04/12/2023,UK,Referral,1
6960,30/06/2023,UK,Paid Ads,0
6961,11/05/2023,US,Paid Ads,0
6962,25/10/2023,IT,Organic,0
6963,02/10/2023,UK,Paid Ads,1
6964,30/09/2023,ES,Email,0
6965,17/03/2023,UK,Email,1
6966,26/06/2023,ES,Social,0
6967,03/07/2023,IT,Organic,0
6968,15/11/2023,US,Organic,1
6969,11/05/2023,US,Organic,1
6970,29/12/2023,ES,Social,0
6971,18/02/2023,US,Organic,0
6972,24/02/2023,FR,Paid Ads,0
6973,03/06/2023,DE,Social,0
6974,21/12/2023,UK,Paid Ads,0
6975,19/07/2023,ES,Paid Ads,1
6976,04/11/2023,UK,Organic,0
6977,22/12/2023,IT,Paid Ads,0
6978,28/04/2023,UK,Social,1
6979,20/09/2023,FR,Paid Ads,1
6980,15/02/2023,UK,Organic,1
6981,29/10/2023,UK,Organic,1
6982,22/12/2023,UK,Organic,0
6983,08/07/2023,FR,Paid Ads,1
6984,06/11/2023,DE,Organic,0
6985,14/11/2023,IT,Paid Ads,0
6986,09/05/2023,UK,Paid Ads,1
6987,18/02/2023,FR,Email,1
6988,25/01/2023,ES,Organic,0
6989,23/09/2023,UK,Email,1
6990,28/04/2023,US,Paid Ads,1
6991,24/05/2023,US,Organic,1
6992,19/07/2023,US,Social,1
6993,06/06/2023,UK,Organic,1
6994,14/12/2023,FR,Paid Ads,1
6995,14/05/2023,UK,Organic,0
6996,28/05/2023,FR,Paid Ads,1
6997,02/12/2023,IT,Paid Ads,0
6998,12/03/2023,DE,Organic,1
6999,21/08/2023,DE,Referral,1
7000,30/11/2023,UK,Paid Ads,0
7001,26/10/2023,IT,Email,1
7002,03/06/2023,UK,Organic,1
7003,31/03/2023,DE,Organic,0
7004,30/11/2023,NL,Referral,1
7005,18/07/2023,DE,Organic,1
7006,10/06/2023,FR,Referral,1
7007,26/01/2023,US,Organic,1
7008,01/05/2023,UK,Organic,1
7009,28/10/2023,ES,Email,0
7010,31/07/2023,UK,Email,0
7011,04/03/2023,FR,Paid Ads,0
7012,09/03/2023,UK,Email,0
7013,10/09/2023,IT,Referral,0
7014,02/01/2023,UK,Paid Ads,0
7015,18/04/2023,US,Social,0
7016,13/10/2023,DE,Referral,1
7017,18/02/2023,US,Paid Ads,1
7018,20/05/2023,UK,Paid Ads,0
7019,06/08/2023,US,Social,0
7020,13/02/2023,UK,Organic,1
7021,26/09/2023,US,Organic,0
7022,19/03/2023,US,Organic,0
7023,04/08/2023,DE,Organic,1
7024,08/04/2023,UK,Organic,0
7025,24/08/2023,NL,Email,0
7026,09/10/2023,US,Referral,0
7027,29/05/2023,UK,Organic,1
7028,31/10/2023,US,Email,1
7029,07/03/2023,IT,Paid Ads,1
7030,22/08/2023,UK,Paid Ads,1
7031,28/03/2023,FR,Organic,0
7032,20/03/2023,US,Email,0
7033,24/07/2023,UK,Organic,0
7034,06/10/2023,ES,Organic,1
7035,03/12/2023,US,Organic,1
7036,11/09/2023,UK,Referral,0
7037,31/10/2023,ES,Referral,1
7038,10/05/2023,DE,Organic,0
7039,25/03/2023,IT,Organic,0
7040,03/10/2023,DE,Referral,0
7041,06/07/2023,FR,Referral,1
7042,15/02/2023,ES,Organic,0
7043,02/07/2023,UK,Email,1
7044,25/09/2023,ES,Social,0
7045,23/10/2023,DE,Organic,1
7046,18/11/2023,UK,Paid Ads,0
7047,10/04/2023,US,Organic,1
7048,19/03/2023,UK,Referral,0
7049,29/09/2023,FR,Paid Ads,1
7050,05/12/2023,US,Organic,1
7051,11/06/2023,NL,Email,0
7052,13/02/2023,UK,Email,0
7053,26/08/2023,DE,Organic,0
7054,14/05/2023,UK,Organic,0
7055,11/07/2023,DE,Organic,1
7056,22/12/2023,FR,Paid Ads,1
7057,05/10/2023,FR,Email,1
7058,18/01/2023,ES,Paid Ads,0
7059,12/01/2023,IT,Paid Ads,1
7060,29/06/2023,UK,Email,0
7061,03/05/2023,UK,Paid Ads,0
7062,03/09/2023,FR,Paid Ads,0
7063,10/08/2023,US,Paid Ads,0
7064,20/02/2023,UK,Email,1
7065,12/03/2023,DE,Organic,0
7066,17/02/2023,US,Organic,0
7067,19/01/2023,US,Organic,0
7068,19/09/2023,ES,Email,1
7069,25/03/2023,US,Paid Ads,1
7070,04/06/2023,UK,Organic,0
7071,22/02/2023,UK,Social,1
7072,17/04/2023,IT,Social,0
7073,23/12/2023,NL,Social,1
7074,31/10/2023,FR,Organic,0
7075,15/05/2023,US,Email,0
7076,10/03/2023,IT,Organic,0
7077,11/01/2023,FR,Organic,0
7078,23/05/2023,ES,Organic,0
7079,11/07/2023,ES,Paid Ads,0
7080,10/03/2023,US,Organic,0
7081,23/01/2023,US,Paid Ads,1
7082,30/06/2023,UK,Email,1
7083,20/10/2023,UK,Organic,1
7084,09/01/2023,ES,Organic,1
7085,28/09/2023,IT,Organic,0
7086,03/04/2023,FR,Social,0
7087,17/01/2023,US,Organic,0
7088,03/06/2023,UK,Paid Ads,1
7089,24/11/2023,UK,Organic,1
7090,29/05/2023,US,Email,0
7091,24/09/2023,US,Organic,0
7092,24/11/2023,DE,Paid Ads,0
7093,16/04/2023,UK,Paid Ads,0
7094,04/02/2023,NL,Email,0
7095,29/04/2023,US,Organic,0
7096,14/01/2023,ES,Paid Ads,0
7097,14/01/2023,US,Organic,0
7098,23/09/2023,UK,Social,1
7099,20/05/2023,ES,Paid Ads,0
7100,21/10/2023,FR,Paid Ads,0
7101,30/12/2023,US,Paid Ads,1
7102,29/04/2023,US,Organic,1
7103,26/08/2023,UK,Organic,0
7104,03/02/2023,FR,Paid Ads,0
7105,18/06/2023,IT,Social,0
7106,10/01/2023,UK,Organic,1
7107,02/05/2023,UK,Email,1
7108,25/05/2023,IT,Organic,1
7109,11/08/2023,UK,Social,0
7110,14/09/2023,FR,Organic,0
7111,25/09/2023,US,Organic,0
7112,25/12/2023,DE,Paid Ads,1
7113,04/01/2023,US,Referral,1
7114,20/12/2023,UK,Referral,1
7115,16/04/2023,UK,Paid Ads,0
7116,26/03/2023,FR,Paid Ads,1
7117,02/08/2023,FR,Organic,1
7118,01/05/2023,FR,Organic,0
7119,12/05/2023,DE,Organic,0
7120,04/12/2023,UK,Paid Ads,1
7121,16/07/2023,UK,Paid Ads,1
7122,19/01/2023,ES,Referral,0
7123,10/05/2023,US,Referral,0
7124,12/01/2023,UK,Organic,0
7125,22/03/2023,UK,Email,1
7126,26/11/2023,UK,Organic,0
7127,20/12/2023,UK,Referral,0
7128,19/09/2023,ES,Organic,0
7129,05/05/2023,IT,Referral,1
7130,03/11/2023,IT,Paid Ads,1
7131,24/09/2023,IT,Paid Ads,0
7132,20/05/2023,IT,Referral,0
7133,25/11/2023,US,Organic,0
7134,02/01/2023,UK,Organic,1
7135,08/01/2023,ES,Paid Ads,0
7136,07/09/2023,UK,Email,1
7137,19/05/2023,UK,Organic,1
7138,04/05/2023,UK,Organic,0
7139,05/11/2023,US,Paid Ads,1
7140,16/08/2023,UK,Paid Ads,1
7141,10/01/2023,UK,Paid Ads,0
7142,31/07/2023,US,Email,1
7143,22/04/2023,IT,Paid Ads,0
7144,08/01/2023,DE,Organic,0
7145,19/10/2023,IT,Organic,0
7146,28/12/2023,UK,Paid Ads,0
7147,10/09/2023,UK,Referral,0
7148,14/01/2023,DE,Organic,1
7149,28/08/2023,US,Social,0
7150,30/08/2023,FR,Organic,0
7151,08/12/2023,ES,Paid Ads,1
7152,29/05/2023,ES,Organic,0
7153,24/08/2023,IT,Email,1
7154,02/11/2023,US,Email,1
7155,16/06/2023,UK,Organic,1
7156,20/01/2023,DE,Social,1
7157,04/08/2023,UK,Organic,0
7158,09/12/2023,UK,Referral,0
7159,15/05/2023,UK,Email,0
7160,09/05/2023,US,Referral,0
7161,21/10/2023,UK,Social,0
7162,03/09/2023,UK,Email,0
7163,08/07/2023,FR,Social,0
7164,13/02/2023,DE,Organic,1
7165,27/03/2023,FR,Organic,0
7166,13/02/2023,FR,Paid Ads,0
7167,26/11/2023,UK,Referral,0
7168,25/05/2023,UK,Paid Ads,0
7169,20/02/2023,UK,Organic,0
7170,30/08/2023,ES,Email,0
7171,21/10/2023,FR,Social,0
7172,20/02/2023,UK,Paid Ads,0
7173,23/09/2023,UK,Organic,1
7174,30/04/2023,NL,Organic,1
7175,19/07/2023,DE,Organic,0
7176,05/09/2023,ES,Referral,1
7177,11/03/2023,UK,Social,1
7178,07/12/2023,UK,Organic,0
7179,26/02/2023,ES,Paid Ads,1
7180,08/02/2023,FR,Referral,0
7181,16/10/2023,FR,Organic,0
7182,18/01/2023,DE,Paid Ads,0
7183,08/08/2023,DE,Referral,0
7184,09/11/2023,FR,Email,0
7185,01/09/2023,UK,Paid Ads,0
7186,18/12/2023,US,Referral,1
7187,31/10/2023,IT,Organic,0
7188,25/10/2023,UK,Organic,0
7189,10/10/2023,US,Organic,1
7190,15/03/2023,FR,Organic,0
7191,20/04/2023,NL,Organic,0
7192,29/06/2023,US,Organic,1
7193,01/02/2023,US,Referral,0
7194,22/08/2023,ES,Paid Ads,1
7195,09/10/2023,ES,Organic,1
7196,25/01/2023,FR,Organic,0
7197,27/11/2023,US,Paid Ads,0
7198,06/10/2023,UK,Organic,1
7199,14/08/2023,DE,Paid Ads,0
7200,26/02/2023,IT,Referral,1
7201,29/06/2023,IT,Organic,1
7202,20/08/2023,UK,Organic,1
7203,09/12/2023,US,Organic,1
7204,14/10/2023,US,Organic,1
7205,05/03/2023,NL,Social,0
7206,20/08/2023,FR,Organic,1
7207,16/10/2023,US,Paid Ads,1
7208,01/08/2023,UK,Referral,0
7209,15/09/2023,DE,Organic,1
7210,18/01/2023,UK,Organic,0
7211,24/06/2023,ES,Email,1
7212,17/08/2023,ES,Email,1
7213,14/08/2023,US,Organic,0
7214,25/03/2023,US,Organic,1
7215,18/10/2023,IT,Email,1
7216,03/09/2023,UK,Organic,1
7217,20/04/2023,UK,Organic,0
7218,11/09/2023,IT,Organic,0
7219,29/03/2023,ES,Organic,0
7220,13/03/2023,ES,Organic,0
7221,30/01/2023,UK,Paid Ads,0
7222,21/06/2023,UK,Referral,1
7223,05/11/2023,UK,Paid Ads,0
7224,09/12/2023,UK,Organic,0
7225,26/06/2023,ES,Paid Ads,0
7226,19/05/2023,UK,Referral,1
7227,13/07/2023,FR,Organic,0
7228,05/07/2023,UK,Organic,1
7229,06/08/2023,US,Organic,0
7230,13/06/2023,NL,Organic,1
7231,10/06/2023,UK,Social,0
7232,13/01/2023,US,Paid Ads,1
7233,23/10/2023,UK,Organic,0
7234,30/03/2023,UK,Referral,1
7235,20/11/2023,US,Organic,0
7236,11/02/2023,US,Organic,0
7237,29/07/2023,FR,Organic,1
7238,17/08/2023,ES,Paid Ads,0
7239,16/12/2023,US,Organic,1
7240,02/10/2023,UK,Organic,0
7241,06/10/2023,DE,Organic,0
7242,08/09/2023,UK,Organic,1
7243,06/11/2023,DE,Referral,0
7244,27/07/2023,FR,Email,1
7245,17/11/2023,UK,Referral,1
7246,20/05/2023,ES,Paid Ads,1
7247,07/10/2023,IT,Social,1
7248,03/02/2023,ES,Organic,0
7249,05/11/2023,UK,Organic,1
7250,18/01/2023,DE,Paid Ads,0
7251,26/02/2023,IT,Organic,1
7252,22/04/2023,UK,Paid Ads,0
7253,05/01/2023,ES,Organic,1
7254,01/07/2023,UK,Organic,1
7255,13/01/2023,UK,Paid Ads,0
7256,05/12/2023,ES,Social,0
7257,12/10/2023,ES,Organic,0
7258,16/09/2023,ES,Organic,0
7259,31/03/2023,IT,Referral,1
7260,14/04/2023,UK,Organic,1
7261,05/07/2023,UK,Organic,0
7262,07/09/2023,IT,Organic,0
7263,12/09/2023,UK,Referral,1
7264,17/03/2023,FR,Email,0
7265,18/04/2023,US,Paid Ads,0
7266,05/06/2023,UK,Organic,0
7267,23/03/2023,UK,Organic,1
7268,18/03/2023,US,Organic,0
7269,15/09/2023,IT,Social,1
7270,07/05/2023,FR,Paid Ads,1
7271,09/10/2023,DE,Organic,0
7272,29/03/2023,US,Referral,0
7273,23/07/2023,UK,Paid Ads,0
7274,16/01/2023,UK,Social,1
7275,31/05/2023,US,Email,0
7276,11/09/2023,UK,Organic,1
7277,07/07/2023,UK,Referral,0
7278,25/11/2023,US,Paid Ads,1
7279,01/02/2023,US,Organic,1
7280,28/09/2023,UK,Referral,1
7281,05/01/2023,DE,Paid Ads,1
7282,26/11/2023,US,Organic,0
7283,04/11/2023,UK,Paid Ads,0
7284,29/11/2023,IT,Paid Ads,1
7285,18/06/2023,UK,Organic,0
7286,30/06/2023,IT,Organic,0
7287,27/06/2023,UK,Paid Ads,0
7288,23/05/2023,IT,Organic,1
7289,28/12/2023,UK,Email,0
7290,05/09/2023,ES,Organic,1
7291,07/05/2023,US,Organic,0
7292,20/09/2023,FR,Organic,0
7293,09/02/2023,US,Paid Ads,1
7294,21/12/2023,UK,Paid Ads,0
7295,12/09/2023,ES,Paid Ads,1
7296,23/05/2023,UK,Organic,1
7297,28/08/2023,IT,Email,1
7298,16/08/2023,UK,Organic,0
7299,07/12/2023,US,Organic,0
7300,17/07/2023,FR,Organic,1
7301,06/03/2023,US,Organic,1
7302,11/01/2023,UK,Organic,1
7303,18/04/2023,ES,Organic,0
7304,26/01/2023,ES,Organic,0
7305,31/05/2023,IT,Email,0
7306,09/08/2023,US,Organic,0
7307,07/12/2023,US,Email,0
7308,25/08/2023,US,Referral,1
7309,25/08/2023,UK,Organic,1
7310,07/08/2023,ES,Paid Ads,0
7311,31/05/2023,UK,Paid Ads,0
7312,03/05/2023,US,Organic,0
7313,24/05/2023,US,Social,1
7314,08/07/2023,FR,Paid Ads,1
7315,12/09/2023,IT,Email,1
7316,09/03/2023,FR,Email,0
7317,14/04/2023,US,Organic,0
7318,02/12/2023,ES,Organic,1
7319,08/06/2023,DE,Organic,0
7320,05/11/2023,UK,Email,0
7321,28/12/2023,UK,Email,1
7322,27/10/2023,UK,Paid Ads,1
7323,31/03/2023,US,Organic,0
7324,23/12/2023,ES,Organic,0
7325,13/09/2023,UK,Email,0
7326,19/12/2023,US,Social,0
7327,08/08/2023,IT,Organic,1
7328,09/01/2023,ES,Organic,1
7329,12/01/2023,FR,Organic,0
7330,21/11/2023,UK,Organic,0
7331,01/09/2023,UK,Email,1
7332,01/07/2023,UK,Paid Ads,1
7333,11/10/2023,UK,Paid Ads,1
7334,08/11/2023,UK,Paid Ads,1
7335,09/04/2023,DE,Organic,1
7336,16/07/2023,UK,Organic,0
7337,14/08/2023,UK,Email,0
7338,29/11/2023,UK,Referral,1
7339,13/04/2023,DE,Organic,0
7340,16/04/2023,DE,Organic,0
7341,31/12/2023,DE,Organic,1
7342,27/02/2023,UK,Organic,0
7343,19/03/2023,US,Paid Ads,1
7344,16/03/2023,UK,Paid Ads,0
7345,11/02/2023,UK,Paid Ads,1
7346,20/11/2023,IT,Email,1
7347,30/06/2023,NL,Paid Ads,0
7348,02/02/2023,DE,Organic,1
7349,12/03/2023,IT,Organic,1
7350,25/02/2023,DE,Email,1
7351,15/04/2023,UK,Paid Ads,0
7352,19/07/2023,NL,Organic,0
7353,11/04/2023,UK,Paid Ads,1
7354,13/09/2023,FR,Paid Ads,1
7355,03/11/2023,UK,Email,0
7356,15/03/2023,US,Social,1
7357,20/06/2023,DE,Paid Ads,0
7358,23/05/2023,US,Referral,1
7359,15/06/2023,UK,Organic,0
7360,18/09/2023,UK,Paid Ads,0
7361,09/08/2023,UK,Email,1
7362,24/03/2023,NL,Paid Ads,0
7363,01/07/2023,ES,Paid Ads,0
7364,03/11/2023,US,Email,1
7365,10/01/2023,UK,Organic,1
7366,04/01/2023,ES,Organic,1
7367,17/12/2023,UK,Referral,1
7368,02/12/2023,UK,Email,1
7369,19/10/2023,US,Email,0
7370,08/10/2023,IT,Paid Ads,0
7371,03/08/2023,UK,Email,0
7372,08/04/2023,UK,Referral,0
7373,11/04/2023,US,Organic,0
7374,09/01/2023,UK,Email,0
7375,02/03/2023,DE,Organic,0
7376,05/11/2023,US,Organic,1
7377,26/05/2023,US,Organic,1
7378,04/03/2023,UK,Organic,1
7379,01/05/2023,UK,Organic,0
7380,14/08/2023,ES,Organic,1
7381,15/04/2023,IT,Organic,1
7382,17/09/2023,UK,Organic,0
7383,15/12/2023,UK,Paid Ads,0
7384,12/09/2023,UK,Email,0
7385,26/07/2023,DE,Email,0
7386,28/01/2023,FR,Email,1
7387,19/06/2023,US,Paid Ads,0
7388,02/12/2023,FR,Referral,0
7389,17/03/2023,FR,Organic,0
7390,26/04/2023,IT,Organic,0
7391,10/03/2023,UK,Referral,1
7392,20/12/2023,UK,Paid Ads,1
7393,22/08/2023,UK,Email,0
7394,01/01/2023,IT,Paid Ads,1
7395,16/06/2023,ES,Organic,1
7396,18/12/2023,DE,Email,0
7397,06/08/2023,UK,Paid Ads,1
7398,30/09/2023,UK,Email,0
7399,08/09/2023,UK,Email,1
7400,13/12/2023,DE,Organic,1
7401,10/12/2023,UK,Organic,0
7402,23/06/2023,UK,Organic,1
7403,19/06/2023,FR,Organic,0
7404,03/09/2023,UK,Organic,0
7405,31/03/2023,US,Paid Ads,0
7406,18/02/2023,UK,Social,1
7407,21/10/2023,ES,Email,0
7408,30/05/2023,DE,Referral,1
7409,12/05/2023,IT,Organic,0
7410,28/02/2023,US,Organic,1
7411,20/11/2023,IT,Referral,1
7412,18/07/2023,IT,Organic,0
7413,03/08/2023,DE,Email,0
7414,18/02/2023,IT,Social,0
7415,20/08/2023,UK,Organic,0
7416,04/09/2023,US,Referral,1
7417,27/08/2023,UK,Organic,1
7418,17/06/2023,DE,Referral,0
7419,17/02/2023,FR,Organic,1
7420,20/02/2023,ES,Organic,1
7421,26/10/2023,UK,Referral,0
7422,08/04/2023,US,Referral,1
7423,04/08/2023,UK,Paid Ads,0
7424,26/06/2023,FR,Paid Ads,0
7425,21/03/2023,UK,Referral,0
7426,04/07/2023,IT,Email,1
7427,27/01/2023,UK,Social,1
7428,14/07/2023,UK,Email,0
7429,02/08/2023,IT,Email,1
7430,08/12/2023,US,Referral,1
7431,24/04/2023,UK,Paid Ads,0
7432,30/08/2023,US,Organic,0
7433,04/05/2023,UK,Organic,1
7434,01/11/2023,NL,Email,1
7435,17/03/2023,DE,Email,0
7436,07/11/2023,UK,Paid Ads,1
7437,08/11/2023,DE,Paid Ads,0
7438,15/07/2023,UK,Organic,1
7439,17/12/2023,ES,Organic,0
7440,13/02/2023,IT,Paid Ads,1
7441,05/07/2023,IT,Paid Ads,1
7442,09/12/2023,UK,Social,1
7443,03/09/2023,UK,Organic,1
7444,25/03/2023,UK,Paid Ads,1
7445,26/07/2023,FR,Organic,1
7446,31/05/2023,US,Social,0
7447,05/06/2023,US,Email,1
7448,16/01/2023,IT,Paid Ads,0
7449,14/06/2023,UK,Social,1
7450,25/05/2023,UK,Paid Ads,0
7451,06/02/2023,UK,Organic,0
7452,29/11/2023,UK,Paid Ads,0
7453,14/02/2023,UK,Organic,1
7454,25/07/2023,US,Paid Ads,0
7455,03/03/2023,UK,Social,1
7456,22/12/2023,UK,Email,1
7457,04/11/2023,ES,Organic,0
7458,19/01/2023,UK,Organic,1
7459,31/12/2023,FR,Organic,1
7460,27/10/2023,UK,Organic,1
7461,07/01/2023,US,Organic,1
7462,06/09/2023,IT,Paid Ads,1
7463,27/04/2023,UK,Referral,0
7464,09/03/2023,US,Email,1
7465,03/02/2023,IT,Organic,0
7466,13/07/2023,DE,Organic,0
7467,21/11/2023,UK,Organic,0
7468,24/02/2023,US,Organic,0
7469,23/09/2023,FR,Organic,0
7470,11/02/2023,IT,Organic,0
7471,24/10/2023,UK,Paid Ads,1
7472,19/08/2023,UK,Email,0
7473,10/01/2023,UK,Paid Ads,0
7474,24/12/2023,UK,Referral,0
7475,08/05/2023,UK,Organic,1
7476,28/06/2023,UK,Email,1
7477,12/07/2023,UK,Organic,0
7478,02/04/2023,UK,Organic,0
7479,19/08/2023,IT,Organic,0
7480,19/03/2023,UK,Organic,0
7481,26/03/2023,UK,Paid Ads,0
7482,30/01/2023,UK,Social,1
7483,01/08/2023,IT,Email,0
7484,18/02/2023,ES,Organic,1
7485,22/09/2023,ES,Paid Ads,0
7486,25/05/2023,UK,Paid Ads,1
7487,10/03/2023,ES,Email,1
7488,27/02/2023,US,Referral,1
7489,04/07/2023,UK,Paid Ads,0
7490,03/03/2023,DE,Referral,0
7491,04/11/2023,ES,Referral,1
7492,23/10/2023,ES,Organic,0
7493,15/06/2023,IT,Organic,0
7494,20/06/2023,IT,Referral,0
7495,04/03/2023,UK,Email,0
7496,27/05/2023,US,Paid Ads,1
7497,02/11/2023,UK,Social,1
7498,10/06/2023,IT,Organic,1
7499,21/05/2023,UK,Paid Ads,0
7500,30/11/2023,IT,Organic,1
7501,07/04/2023,UK,Social,0
7502,09/08/2023,US,Organic,1
7503,12/02/2023,UK,Paid Ads,1
7504,19/10/2023,UK,Organic,0
7505,18/04/2023,IT,Paid Ads,0
7506,23/09/2023,UK,Email,1
7507,05/04/2023,US,Organic,0
7508,19/09/2023,UK,Email,0
7509,09/11/2023,US,Social,0
7510,12/03/2023,UK,Organic,1
7511,07/08/2023,UK,Email,1
7512,21/01/2023,IT,Organic,0
7513,02/04/2023,US,Organic,0
7514,07/05/2023,UK,Paid Ads,0
7515,21/03/2023,DE,Referral,0
7516,08/11/2023,UK,Organic,0
7517,26/08/2023,UK,Organic,1
7518,01/07/2023,US,Social,1
7519,25/01/2023,UK,Referral,1
7520,05/06/2023,FR,Organic,0
7521,05/01/2023,US,Paid Ads,0
7522,30/04/2023,ES,Organic,0
7523,04/10/2023,IT,Organic,0
7524,18/01/2023,UK,Paid Ads,0
7525,17/07/2023,UK,Paid Ads,1
7526,26/02/2023,UK,Organic,1
7527,03/04/2023,UK,Email,1
7528,19/01/2023,ES,Organic,0
7529,19/12/2023,ES,Paid Ads,0
7530,12/07/2023,US,Organic,1
7531,25/08/2023,US,Paid Ads,0
7532,04/10/2023,UK,Organic,0
7533,15/08/2023,DE,Paid Ads,1
7534,21/08/2023,ES,Paid Ads,0
7535,09/02/2023,DE,Organic,1
7536,19/11/2023,UK,Organic,0
7537,02/06/2023,FR,Paid Ads,0
7538,07/05/2023,US,Organic,1
7539,25/08/2023,US,Paid Ads,0
7540,24/02/2023,US,Paid Ads,1
7541,21/06/2023,US,Referral,1
7542,19/04/2023,FR,Social,0
7543,20/12/2023,IT,Paid Ads,0
7544,03/07/2023,UK,Email,1
7545,17/07/2023,IT,Email,1
7546,28/03/2023,US,Social,0
7547,20/07/2023,FR,Organic,1
7548,03/12/2023,IT,Email,1
7549,18/11/2023,US,Social,1
7550,02/10/2023,ES,Organic,0
7551,30/07/2023,UK,Organic,0
7552,28/04/2023,UK,Social,1
7553,10/07/2023,FR,Paid Ads,0
7554,11/02/2023,IT,Organic,1
7555,11/02/2023,IT,Email,0
7556,11/11/2023,DE,Organic,1
7557,03/10/2023,US,Organic,1
7558,25/11/2023,UK,Paid Ads,0
7559,17/01/2023,NL,Paid Ads,1
7560,10/10/2023,UK,Email,1
7561,15/09/2023,FR,Paid Ads,0
7562,04/03/2023,US,Email,0
7563,03/03/2023,DE,Organic,1
7564,10/04/2023,US,Paid Ads,0
7565,19/01/2023,NL,Organic,0
7566,17/01/2023,DE,Organic,0
7567,21/11/2023,IT,Email,0
7568,03/09/2023,UK,Organic,0
7569,08/09/2023,DE,Email,0
7570,22/03/2023,FR,Organic,1
7571,08/02/2023,FR,Organic,1
7572,05/02/2023,IT,Organic,0
7573,16/07/2023,UK,Referral,1
7574,07/06/2023,UK,Organic,1
7575,23/07/2023,US,Referral,1
7576,15/07/2023,UK,Referral,1
7577,04/08/2023,NL,Organic,1
7578,12/10/2023,UK,Paid Ads,1
7579,15/07/2023,US,Paid Ads,1
7580,03/11/2023,UK,Social,0
7581,01/06/2023,US,Organic,0
7582,14/01/2023,US,Organic,1
7583,21/11/2023,UK,Organic,0
7584,26/05/2023,UK,Referral,0
7585,26/02/2023,US,Referral,0
7586,30/07/2023,NL,Social,0
7587,25/09/2023,UK,Email,1
7588,29/07/2023,US,Organic,1
7589,17/01/2023,NL,Paid Ads,1
7590,13/10/2023,ES,Referral,1
7591,10/12/2023,NL,Social,1
7592,22/07/2023,NL,Organic,0
7593,09/04/2023,US,Paid Ads,1
7594,06/10/2023,FR,Email,0
7595,28/07/2023,UK,Organic,0
7596,09/05/2023,US,Paid Ads,0
7597,01/12/2023,ES,Social,1
7598,15/10/2023,US,Email,0
7599,09/09/2023,FR,Organic,1
7600,22/09/2023,FR,Organic,1
7601,28/09/2023,UK,Organic,0
7602,07/07/2023,IT,Social,1
7603,02/08/2023,US,Social,0
7604,10/10/2023,UK,Email,0
7605,30/07/2023,IT,Paid Ads,1
7606,31/12/2023,US,Organic,0
7607,17/03/2023,ES,Referral,0
7608,28/05/2023,US,Organic,1
7609,17/11/2023,US,Paid Ads,0
7610,01/08/2023,ES,Paid Ads,0
7611,19/04/2023,DE,Paid Ads,0
7612,09/05/2023,US,Social,0
7613,10/01/2023,UK,Organic,0
7614,16/02/2023,IT,Referral,0
7615,11/11/2023,UK,Paid Ads,0
7616,06/04/2023,IT,Referral,1
7617,13/04/2023,US,Referral,1
7618,08/12/2023,DE,Organic,0
7619,26/05/2023,IT,Organic,1
7620,27/01/2023,UK,Organic,0
7621,08/08/2023,DE,Organic,0
7622,18/01/2023,ES,Referral,1
7623,16/06/2023,ES,Organic,0
7624,23/03/2023,US,Paid Ads,1
7625,13/03/2023,DE,Organic,0
7626,06/11/2023,ES,Paid Ads,1
7627,11/09/2023,ES,Referral,1
7628,11/06/2023,ES,Organic,0
7629,23/11/2023,US,Paid Ads,0
7630,07/02/2023,NL,Email,1
7631,20/07/2023,US,Organic,1
7632,19/07/2023,UK,Referral,1
7633,12/09/2023,US,Organic,1
7634,28/06/2023,UK,Organic,0
7635,04/02/2023,UK,Paid Ads,1
7636,23/03/2023,UK,Organic,0
7637,08/08/2023,UK,Email,0
7638,07/06/2023,FR,Organic,0
7639,04/01/2023,UK,Organic,0
7640,16/06/2023,UK,Paid Ads,1
7641,23/07/2023,UK,Paid Ads,1
7642,13/07/2023,UK,Referral,0
7643,23/08/2023,UK,Organic,0
7644,25/07/2023,DE,Email,0
7645,30/05/2023,NL,Social,0
7646,08/06/2023,IT,Paid Ads,0
7647,06/10/2023,IT,Email,0
7648,31/10/2023,UK,Paid Ads,0
7649,15/06/2023,UK,Organic,0
7650,07/11/2023,UK,Organic,0
7651,09/03/2023,ES,Organic,1
7652,29/03/2023,UK,Social,0
7653,05/08/2023,DE,Organic,1
7654,01/01/2023,UK,Paid Ads,1
7655,15/05/2023,UK,Organic,0
7656,04/07/2023,NL,Referral,0
7657,17/12/2023,ES,Organic,0
7658,20/05/2023,ES,Email,1
7659,16/04/2023,DE,Organic,1
7660,13/05/2023,IT,Email,1
7661,18/04/2023,DE,Email,0
7662,27/06/2023,IT,Referral,0
7663,25/10/2023,UK,Organic,1
7664,24/12/2023,DE,Organic,0
7665,25/12/2023,FR,Email,1
7666,26/05/2023,US,Organic,0
7667,15/03/2023,IT,Organic,1
7668,18/04/2023,NL,Paid Ads,0
7669,02/05/2023,US,Organic,1
7670,17/01/2023,US,Organic,1
7671,15/07/2023,US,Paid Ads,0
7672,23/11/2023,IT,Organic,0
7673,14/11/2023,DE,Organic,0
7674,24/10/2023,UK,Paid Ads,0
7675,09/09/2023,US,Organic,0
7676,29/04/2023,UK,Referral,0
7677,11/06/2023,ES,Organic,0
7678,17/07/2023,UK,Paid Ads,0
7679,14/02/2023,US,Paid Ads,1
7680,10/11/2023,ES,Paid Ads,1
7681,28/06/2023,UK,Organic,0
7682,13/02/2023,UK,Organic,0
7683,28/09/2023,US,Email,1
7684,19/03/2023,UK,Organic,1
7685,22/11/2023,UK,Referral,1
7686,27/06/2023,NL,Social,0
7687,23/12/2023,ES,Paid Ads,1
7688,03/01/2023,IT,Organic,0
7689,02/08/2023,IT,Organic,0
7690,08/12/2023,UK,Social,0
7691,15/03/2023,UK,Referral,1
7692,20/02/2023,UK,Referral,0
7693,08/03/2023,ES,Paid Ads,0
7694,28/11/2023,FR,Email,1
7695,03/04/2023,UK,Referral,1
7696,25/06/2023,US,Organic,0
7697,25/05/2023,US,Paid Ads,0
7698,07/01/2023,US,Paid Ads,1
7699,26/09/2023,IT,Organic,1
7700,18/11/2023,US,Email,0
7701,04/01/2023,IT,Organic,0
7702,18/05/2023,US,Paid Ads,0
7703,19/08/2023,FR,Organic,1
7704,29/03/2023,IT,Organic,1
7705,17/01/2023,IT,Paid Ads,0
7706,21/02/2023,UK,Social,0
7707,14/05/2023,UK,Paid Ads,0
7708,30/07/2023,US,Organic,0
7709,21/11/2023,US,Paid Ads,1
7710,07/08/2023,DE,Organic,0
7711,24/07/2023,IT,Organic,1
7712,30/07/2023,UK,Organic,0
7713,04/10/2023,US,Organic,0
7714,24/01/2023,UK,Paid Ads,0
7715,04/01/2023,IT,Paid Ads,0
7716,01/06/2023,NL,Organic,1
7717,16/09/2023,US,Email,1
7718,20/11/2023,UK,Organic,0
7719,23/12/2023,ES,Social,0
7720,17/06/2023,FR,Paid Ads,0
7721,25/06/2023,US,Organic,0
7722,06/11/2023,IT,Social,0
7723,18/10/2023,NL,Organic,1
7724,25/02/2023,DE,Paid Ads,1
7725,18/04/2023,DE,Organic,1
7726,23/10/2023,UK,Referral,0
7727,20/11/2023,DE,Paid Ads,0
7728,29/10/2023,US,Organic,1
7729,30/11/2023,UK,Organic,0
7730,21/05/2023,UK,Referral,1
7731,04/06/2023,UK,Organic,1
7732,19/09/2023,UK,Organic,0
7733,30/09/2023,US,Paid Ads,1
7734,20/08/2023,DE,Email,0
7735,29/08/2023,DE,Organic,0
7736,21/12/2023,US,Organic,1
7737,03/12/2023,US,Email,0
7738,15/09/2023,ES,Organic,0
7739,06/09/2023,US,Paid Ads,0
7740,18/03/2023,NL,Social,1
7741,29/06/2023,US,Email,1
7742,07/03/2023,DE,Organic,1
7743,04/11/2023,UK,Organic,1
7744,14/12/2023,FR,Organic,0
7745,20/06/2023,IT,Social,1
7746,22/01/2023,IT,Social,0
7747,17/04/2023,NL,Organic,0
7748,19/11/2023,UK,Referral,0
7749,15/08/2023,DE,Email,1
7750,04/08/2023,US,Organic,1
7751,10/03/2023,DE,Organic,1
7752,25/03/2023,UK,Organic,1
7753,13/04/2023,IT,Paid Ads,1
7754,08/02/2023,IT,Email,0
7755,13/01/2023,US,Social,1
7756,24/10/2023,UK,Organic,1
7757,09/11/2023,UK,Organic,1
7758,30/06/2023,FR,Paid Ads,0
7759,25/09/2023,UK,Email,0
7760,13/01/2023,IT,Paid Ads,0
7761,30/04/2023,FR,Paid Ads,1
7762,19/12/2023,DE,Paid Ads,0
7763,26/02/2023,DE,Organic,1
7764,09/02/2023,UK,Paid Ads,1
7765,02/12/2023,IT,Social,0
7766,08/05/2023,DE,Organic,0
7767,22/06/2023,NL,Paid Ads,0
7768,04/02/2023,US,Organic,0
7769,16/09/2023,FR,Paid Ads,1
7770,05/01/2023,UK,Paid Ads,1
7771,06/08/2023,DE,Paid Ads,0
7772,11/01/2023,ES,Email,1
7773,23/11/2023,ES,Organic,0
7774,27/04/2023,ES,Paid Ads,0
7775,03/07/2023,UK,Organic,0
7776,28/12/2023,NL,Email,0
7777,26/04/2023,NL,Organic,0
7778,11/06/2023,UK,Email,1
7779,08/03/2023,IT,Organic,1
7780,19/07/2023,UK,Organic,0
7781,31/01/2023,FR,Organic,0
7782,16/03/2023,UK,Social,1
7783,25/08/2023,NL,Organic,0
7784,23/11/2023,UK,Organic,0
7785,07/03/2023,US,Organic,0
7786,11/03/2023,US,Organic,1
7787,24/10/2023,UK,Organic,0
7788,20/01/2023,DE,Paid Ads,1
7789,14/08/2023,UK,Organic,0
7790,18/07/2023,FR,Paid Ads,1
7791,08/02/2023,NL,Organic,0
7792,25/05/2023,ES,Paid Ads,0
7793,14/02/2023,IT,Paid Ads,1
7794,22/11/2023,US,Organic,0
7795,01/04/2023,UK,Organic,0
7796,26/08/2023,US,Organic,0
7797,11/03/2023,UK,Organic,1
7798,15/06/2023,IT,Paid Ads,1
7799,10/05/2023,UK,Paid Ads,0
7800,02/08/2023,IT,Paid Ads,1
7801,06/12/2023,UK,Organic,0
7802,30/03/2023,ES,Organic,1
7803,01/12/2023,UK,Organic,1
7804,09/09/2023,UK,Paid Ads,1
7805,15/12/2023,FR,Paid Ads,1
7806,13/03/2023,UK,Organic,0
7807,14/06/2023,FR,Email,0
7808,18/02/2023,DE,Organic,0
7809,21/02/2023,UK,Social,1
7810,16/10/2023,IT,Organic,0
7811,05/10/2023,US,Email,0
7812,24/04/2023,FR,Organic,0
7813,27/08/2023,US,Email,0
7814,13/05/2023,DE,Organic,1
7815,01/10/2023,UK,Organic,1
7816,15/06/2023,UK,Organic,0
7817,20/10/2023,US,Social,0
7818,31/08/2023,US,Social,1
7819,16/11/2023,US,Organic,1
7820,18/05/2023,FR,Paid Ads,0
7821,20/03/2023,FR,Paid Ads,0
7822,19/06/2023,UK,Organic,0
7823,03/05/2023,UK,Organic,0
7824,25/06/2023,US,Social,1
7825,27/10/2023,UK,Paid Ads,1
7826,23/03/2023,UK,Organic,0
7827,28/03/2023,UK,Organic,0
7828,13/08/2023,NL,Organic,1
7829,16/01/2023,FR,Paid Ads,1
7830,06/11/2023,UK,Organic,0
7831,24/12/2023,UK,Paid Ads,1
7832,12/06/2023,FR,Organic,0
7833,08/04/2023,US,Organic,0
7834,05/06/2023,ES,Organic,0
7835,02/01/2023,IT,Email,0
7836,16/12/2023,DE,Organic,1
7837,18/06/2023,UK,Email,0
7838,11/11/2023,ES,Organic,1
7839,21/11/2023,NL,Paid Ads,0
7840,02/04/2023,DE,Organic,0
7841,30/06/2023,FR,Referral,1
7842,19/08/2023,UK,Email,1
7843,28/10/2023,US,Organic,1
7844,28/05/2023,FR,Organic,0
7845,07/10/2023,IT,Referral,1
7846,08/07/2023,DE,Organic,0
7847,13/12/2023,ES,Paid Ads,0
7848,16/12/2023,UK,Organic,0
7849,10/11/2023,UK,Paid Ads,0
7850,08/05/2023,US,Paid Ads,1
7851,07/01/2023,UK,Organic,0
7852,16/02/2023,DE,Paid Ads,1
7853,22/02/2023,UK,Paid Ads,1
7854,06/07/2023,ES,Organic,1
7855,07/02/2023,ES,Organic,0
7856,14/08/2023,US,Paid Ads,1
7857,22/02/2023,UK,Organic,0
7858,12/08/2023,DE,Social,1
7859,03/06/2023,NL,Referral,0
7860,17/02/2023,DE,Organic,0
7861,17/12/2023,UK,Email,0
7862,27/05/2023,UK,Organic,0
7863,05/03/2023,UK,Paid Ads,0
7864,15/12/2023,UK,Organic,1
7865,01/07/2023,ES,Referral,0
7866,05/05/2023,ES,Referral,0
7867,28/06/2023,UK,Paid Ads,1
7868,08/02/2023,UK,Organic,1
7869,17/09/2023,UK,Organic,1
7870,03/01/2023,IT,Organic,0
7871,05/03/2023,US,Organic,1
7872,29/01/2023,FR,Organic,1
7873,11/01/2023,US,Referral,1
7874,07/04/2023,DE,Email,0
7875,24/12/2023,US,Organic,0
7876,22/07/2023,UK,Organic,0
7877,21/01/2023,DE,Email,1
7878,08/02/2023,DE,Email,0
7879,11/08/2023,UK,Paid Ads,0
7880,12/04/2023,UK,Organic,0
7881,15/02/2023,US,Referral,0
7882,07/03/2023,US,Email,0
7883,01/04/2023,DE,Organic,0
7884,13/06/2023,IT,Paid Ads,0
7885,21/04/2023,UK,Paid Ads,0
7886,04/12/2023,UK,Organic,1
7887,03/05/2023,UK,Referral,1
7888,12/07/2023,US,Paid Ads,0
7889,09/04/2023,US,Referral,0
7890,18/10/2023,FR,Paid Ads,1
7891,08/06/2023,UK,Organic,0
7892,13/04/2023,DE,Paid Ads,1
7893,08/10/2023,IT,Referral,1
7894,12/02/2023,IT,Social,1
7895,25/03/2023,NL,Organic,0
7896,10/07/2023,ES,Organic,0
7897,20/02/2023,IT,Social,0
7898,29/07/2023,UK,Paid Ads,0
7899,06/05/2023,UK,Social,0
7900,10/03/2023,UK,Organic,0
7901,22/09/2023,FR,Organic,1
7902,15/09/2023,IT,Organic,0
7903,07/07/2023,UK,Email,1
7904,18/08/2023,DE,Email,0
7905,08/07/2023,FR,Paid Ads,0
7906,10/01/2023,IT,Organic,0
7907,24/04/2023,DE,Organic,0
7908,17/03/2023,NL,Paid Ads,0
7909,13/06/2023,UK,Paid Ads,1
7910,26/03/2023,UK,Referral,1
7911,18/02/2023,US,Organic,0
7912,22/11/2023,US,Paid Ads,1
7913,26/06/2023,UK,Organic,0
7914,06/08/2023,FR,Paid Ads,1
7915,08/07/2023,ES,Paid Ads,0
7916,12/12/2023,FR,Social,0
7917,18/08/2023,UK,Paid Ads,1
7918,12/09/2023,US,Organic,1
7919,24/08/2023,US,Organic,0
7920,26/01/2023,UK,Social,0
7921,13/03/2023,DE,Organic,1
7922,18/09/2023,UK,Organic,1
7923,11/09/2023,UK,Social,0
7924,28/09/2023,ES,Referral,1
7925,03/05/2023,UK,Paid Ads,1
7926,24/05/2023,NL,Organic,0
7927,14/09/2023,US,Email,0
7928,24/05/2023,NL,Organic,0
7929,16/09/2023,UK,Organic,0
7930,16/02/2023,DE,Organic,0
7931,17/12/2023,UK,Organic,0
7932,13/01/2023,ES,Social,1
7933,27/07/2023,US,Paid Ads,1
7934,07/11/2023,UK,Paid Ads,1
7935,23/08/2023,IT,Social,1
7936,29/05/2023,US,Organic,0
7937,18/11/2023,UK,Organic,0
7938,04/06/2023,US,Paid Ads,0
7939,15/06/2023,FR,Paid Ads,0
7940,31/03/2023,UK,Paid Ads,0
7941,05/07/2023,US,Organic,0
7942,14/11/2023,UK,Paid Ads,1
7943,24/12/2023,DE,Organic,0
7944,23/06/2023,ES,Organic,0
7945,05/08/2023,US,Organic,1
7946,21/09/2023,US,Organic,1
7947,07/04/2023,UK,Organic,1
7948,27/04/2023,UK,Organic,0
7949,18/07/2023,UK,Social,1
7950,16/11/2023,US,Social,0
7951,21/01/2023,US,Paid Ads,1
7952,19/07/2023,IT,Social,1
7953,07/12/2023,UK,Social,0
7954,05/09/2023,DE,Organic,0
7955,03/10/2023,US,Paid Ads,1
7956,21/09/2023,US,Social,0
7957,27/02/2023,IT,Paid Ads,1
7958,29/10/2023,UK,Organic,0
7959,31/01/2023,UK,Referral,0
7960,06/09/2023,FR,Organic,1
7961,03/04/2023,UK,Organic,0
7962,22/09/2023,UK,Organic,1
7963,28/09/2023,UK,Organic,1
7964,04/04/2023,UK,Organic,1
7965,03/06/2023,DE,Email,1
7966,12/10/2023,UK,Organic,0
7967,21/03/2023,US,Organic,0
7968,19/10/2023,US,Organic,0
7969,25/03/2023,US,Paid Ads,1
7970,31/12/2023,NL,Social,0
7971,06/02/2023,UK,Organic,1
7972,08/12/2023,NL,Organic,0
7973,23/11/2023,DE,Paid Ads,0
7974,20/08/2023,ES,Paid Ads,1
7975,03/04/2023,US,Organic,0
7976,02/12/2023,US,Organic,0
7977,12/04/2023,IT,Paid Ads,0
7978,15/06/2023,IT,Organic,0
7979,08/06/2023,UK,Social,0
7980,14/01/2023,UK,Organic,0
7981,13/08/2023,US,Organic,0
7982,14/03/2023,IT,Email,1
7983,06/09/2023,UK,Email,0
7984,01/04/2023,FR,Organic,1
7985,04/08/2023,FR,Social,0
7986,31/03/2023,ES,Referral,0
7987,29/01/2023,DE,Organic,0
7988,01/11/2023,US,Paid Ads,0
7989,08/08/2023,NL,Organic,0
7990,24/11/2023,DE,Organic,1
7991,03/08/2023,FR,Organic,0
7992,09/08/2023,UK,Paid Ads,0
7993,11/02/2023,FR,Email,0
7994,15/05/2023,UK,Organic,1
7995,11/02/2023,UK,Organic,0
7996,13/06/2023,FR,Paid Ads,1
7997,27/12/2023,US,Paid Ads,1
7998,10/10/2023,FR,Email,1
7999,27/02/2023,UK,Organic,1
8000,29/10/2023,DE,Paid Ads,1
8001,18/11/2023,US,Organic,0
8002,25/01/2023,DE,Referral,0
8003,14/03/2023,UK,Organic,1
8004,09/05/2023,FR,Organic,0
8005,28/03/2023,ES,Paid Ads,0
8006,26/11/2023,UK,Email,1
8007,02/06/2023,UK,Paid Ads,1
8008,01/07/2023,FR,Social,0
8009,05/05/2023,FR,Organic,1
8010,08/03/2023,FR,Paid Ads,1
8011,06/01/2023,FR,Paid Ads,0
8012,05/05/2023,US,Paid Ads,0
8013,10/11/2023,US,Email,0
8014,22/11/2023,UK,Email,0
8015,22/02/2023,UK,Referral,0
8016,07/03/2023,FR,Paid Ads,0
8017,10/11/2023,UK,Social,1
8018,23/03/2023,IT,Organic,0
8019,28/03/2023,ES,Email,0
8020,02/01/2023,IT,Social,1
8021,23/07/2023,IT,Paid Ads,0
8022,30/05/2023,US,Referral,1
8023,20/10/2023,ES,Organic,1
8024,13/04/2023,UK,Organic,0
8025,24/01/2023,UK,Paid Ads,1
8026,31/07/2023,ES,Organic,1
8027,06/03/2023,UK,Paid Ads,0
8028,28/07/2023,NL,Email,1
8029,08/09/2023,FR,Organic,0
8030,27/04/2023,ES,Organic,1
8031,26/04/2023,UK,Paid Ads,1
8032,25/08/2023,FR,Organic,1
8033,15/04/2023,UK,Paid Ads,0
8034,16/09/2023,ES,Paid Ads,1
8035,15/02/2023,UK,Organic,0
8036,07/11/2023,FR,Organic,0
8037,27/11/2023,UK,Email,0
8038,04/08/2023,UK,Organic,0
8039,28/10/2023,US,Paid Ads,1
8040,29/11/2023,UK,Social,0
8041,24/01/2023,FR,Email,0
8042,04/02/2023,UK,Organic,0
8043,24/01/2023,UK,Paid Ads,0
8044,28/01/2023,DE,Referral,0
8045,16/01/2023,UK,Referral,0
8046,28/02/2023,US,Email,1
8047,31/08/2023,ES,Paid Ads,0
8048,26/07/2023,UK,Organic,0
8049,28/09/2023,UK,Paid Ads,0
8050,06/09/2023,UK,Paid Ads,0
8051,24/09/2023,US,Paid Ads,0
8052,12/07/2023,US,Organic,0
8053,01/12/2023,US,Organic,1
8054,06/08/2023,ES,Social,0
8055,25/04/2023,UK,Organic,0
8056,09/03/2023,US,Organic,0
8057,26/10/2023,US,Email,0
8058,21/11/2023,DE,Paid Ads,0
8059,16/03/2023,NL,Organic,1
8060,13/04/2023,US,Paid Ads,1
8061,24/10/2023,NL,Paid Ads,0
8062,27/06/2023,UK,Paid Ads,1
8063,03/08/2023,UK,Social,1
8064,11/11/2023,UK,Organic,0
8065,08/02/2023,US,Referral,1
8066,16/09/2023,UK,Organic,1
8067,23/07/2023,UK,Organic,0
8068,07/01/2023,US,Referral,0
8069,18/02/2023,UK,Organic,0
8070,26/01/2023,UK,Paid Ads,0
8071,10/06/2023,UK,Organic,0
8072,23/12/2023,IT,Organic,1
8073,25/06/2023,UK,Paid Ads,0
8074,20/03/2023,FR,Referral,1
8075,02/01/2023,DE,Organic,1
8076,12/05/2023,US,Social,1
8077,03/10/2023,UK,Organic,0
8078,27/04/2023,US,Organic,0
8079,13/06/2023,DE,Organic,1
8080,15/10/2023,US,Organic,0
8081,28/01/2023,UK,Organic,0
8082,29/11/2023,UK,Email,1
8083,01/01/2023,IT,Paid Ads,0
8084,07/07/2023,US,Organic,0
8085,25/02/2023,DE,Social,1
8086,04/02/2023,US,Organic,1
8087,22/04/2023,IT,Organic,1
8088,13/10/2023,US,Organic,0
8089,06/11/2023,US,Organic,0
8090,05/02/2023,IT,Paid Ads,0
8091,05/08/2023,FR,Organic,0
8092,21/03/2023,UK,Paid Ads,0
8093,10/11/2023,UK,Referral,1
8094,24/03/2023,ES,Email,0
8095,06/03/2023,ES,Referral,0
8096,21/11/2023,US,Organic,1
8097,08/05/2023,DE,Organic,1
8098,03/11/2023,DE,Paid Ads,0
8099,22/01/2023,US,Organic,0
8100,04/08/2023,FR,Organic,1
8101,17/04/2023,UK,Paid Ads,1
8102,19/04/2023,NL,Organic,1
8103,23/12/2023,ES,Email,1
8104,30/06/2023,DE,Organic,1
8105,22/12/2023,UK,Social,1
8106,13/06/2023,UK,Email,1
8107,09/03/2023,US,Organic,0
8108,19/10/2023,FR,Paid Ads,1
8109,29/06/2023,DE,Paid Ads,1
8110,30/06/2023,US,Referral,1
8111,18/06/2023,DE,Paid Ads,1
8112,22/01/2023,ES,Paid Ads,1
8113,07/03/2023,UK,Organic,0
8114,21/01/2023,US,Organic,0
8115,10/04/2023,ES,Social,1
8116,27/10/2023,US,Organic,0
8117,13/04/2023,FR,Organic,0
8118,16/02/2023,US,Organic,1
8119,08/02/2023,NL,Email,1
8120,12/10/2023,UK,Paid Ads,0
8121,06/11/2023,US,Email,0
8122,31/03/2023,UK,Email,1
8123,26/03/2023,UK,Email,1
8124,30/09/2023,US,Paid Ads,0
8125,02/12/2023,UK,Organic,0
8126,07/07/2023,NL,Organic,1
8127,08/06/2023,IT,Paid Ads,0
8128,31/08/2023,UK,Organic,1
8129,14/03/2023,DE,Paid Ads,1
8130,18/02/2023,US,Paid Ads,0
8131,11/04/2023,ES,Paid Ads,0
8132,02/01/2023,DE,Organic,1
8133,01/09/2023,UK,Organic,0
8134,25/06/2023,ES,Referral,1
8135,26/08/2023,FR,Organic,1
8136,28/02/2023,US,Referral,0
8137,19/12/2023,IT,Paid Ads,0
8138,09/04/2023,IT,Social,0
8139,25/12/2023,US,Email,1
8140,02/01/2023,DE,Paid Ads,1
8141,31/08/2023,NL,Paid Ads,0
8142,24/10/2023,UK,Organic,1
8143,30/07/2023,UK,Organic,1
8144,03/05/2023,UK,Referral,0
8145,17/08/2023,IT,Paid Ads,1
8146,23/03/2023,FR,Paid Ads,1
8147,24/05/2023,UK,Organic,0
8148,20/05/2023,NL,Email,1
8149,29/01/2023,FR,Organic,0
8150,27/09/2023,IT,Email,0
8151,04/09/2023,UK,Paid Ads,1
8152,12/01/2023,US,Organic,1
8153,21/12/2023,FR,Organic,0
8154,03/12/2023,US,Organic,0
8155,16/04/2023,FR,Email,0
8156,01/02/2023,ES,Email,1
8157,15/03/2023,US,Paid Ads,1
8158,20/06/2023,ES,Paid Ads,1
8159,03/12/2023,UK,Paid Ads,0
8160,10/03/2023,UK,Paid Ads,1
8161,28/10/2023,UK,Paid Ads,0
8162,28/12/2023,US,Organic,0
8163,17/05/2023,US,Email,1
8164,10/04/2023,ES,Referral,1
8165,26/05/2023,FR,Organic,1
8166,09/01/2023,US,Email,0
8167,03/03/2023,FR,Paid Ads,0
8168,04/07/2023,UK,Organic,1
8169,29/01/2023,UK,Organic,1
8170,24/04/2023,DE,Referral,1
8171,23/05/2023,DE,Email,1
8172,30/04/2023,ES,Email,0
8173,19/06/2023,US,Referral,0
8174,06/06/2023,FR,Organic,1
8175,01/12/2023,FR,Organic,0
8176,15/12/2023,NL,Organic,1
8177,17/09/2023,UK,Email,1
8178,23/03/2023,DE,Social,1
8179,30/08/2023,DE,Organic,0
8180,21/06/2023,NL,Email,1
8181,19/08/2023,UK,Paid Ads,1
8182,27/07/2023,US,Organic,1
8183,16/03/2023,UK,Paid Ads,1
8184,27/09/2023,US,Email,1
8185,24/04/2023,UK,Organic,1
8186,03/03/2023,UK,Email,1
8187,28/12/2023,DE,Organic,1
8188,16/11/2023,UK,Organic,1
8189,12/04/2023,UK,Organic,0
8190,28/12/2023,UK,Email,0
8191,29/07/2023,UK,Paid Ads,0
8192,12/09/2023,NL,Email,1
8193,20/01/2023,DE,Paid Ads,1
8194,27/02/2023,ES,Paid Ads,1
8195,22/04/2023,US,Email,1
8196,09/11/2023,IT,Paid Ads,1
8197,15/07/2023,US,Email,1
8198,19/12/2023,DE,Organic,0
8199,02/04/2023,US,Paid Ads,1
8200,21/02/2023,FR,Referral,0
8201,20/10/2023,DE,Email,0
8202,08/01/2023,UK,Organic,0
8203,27/10/2023,UK,Paid Ads,0
8204,08/04/2023,DE,Paid Ads,1
8205,24/08/2023,US,Organic,1
8206,10/03/2023,UK,Organic,1
8207,14/02/2023,US,Organic,1
8208,17/05/2023,US,Email,1
8209,22/08/2023,ES,Referral,0
8210,01/02/2023,UK,Organic,1
8211,16/10/2023,UK,Email,1
8212,06/05/2023,ES,Organic,0
8213,08/03/2023,DE,Paid Ads,1
8214,30/01/2023,UK,Email,1
8215,24/04/2023,ES,Email,1
8216,23/07/2023,US,Organic,0
8217,29/01/2023,US,Referral,0
8218,11/05/2023,NL,Paid Ads,0
8219,04/07/2023,IT,Email,1
8220,10/09/2023,US,Paid Ads,0
8221,13/10/2023,UK,Email,1
8222,03/03/2023,UK,Organic,0
8223,03/01/2023,UK,Paid Ads,0
8224,09/03/2023,UK,Paid Ads,0
8225,25/01/2023,US,Paid Ads,0
8226,28/06/2023,IT,Referral,1
8227,21/05/2023,IT,Social,1
8228,19/08/2023,US,Email,0
8229,27/10/2023,DE,Organic,1
8230,12/06/2023,UK,Email,0
8231,07/11/2023,UK,Organic,0
8232,10/05/2023,UK,Paid Ads,1
8233,03/09/2023,ES,Email,0
8234,24/10/2023,UK,Organic,1
8235,21/06/2023,IT,Email,1
8236,05/03/2023,DE,Email,1
8237,31/01/2023,UK,Paid Ads,1
8238,16/02/2023,UK,Organic,0
8239,10/05/2023,DE,Paid Ads,1
8240,18/12/2023,IT,Social,0
8241,29/11/2023,FR,Organic,1
8242,20/04/2023,UK,Paid Ads,0
8243,10/03/2023,DE,Organic,0
8244,27/02/2023,UK,Organic,1
8245,16/04/2023,NL,Email,0
8246,27/10/2023,FR,Organic,0
8247,26/11/2023,DE,Social,0
8248,13/09/2023,US,Paid Ads,0
8249,08/11/2023,DE,Paid Ads,0
8250,20/06/2023,UK,Organic,0
8251,11/06/2023,UK,Social,1
8252,13/10/2023,US,Organic,1
8253,12/03/2023,IT,Paid Ads,0
8254,12/09/2023,DE,Organic,1
8255,24/02/2023,UK,Paid Ads,1
8256,19/11/2023,IT,Paid Ads,1
8257,03/01/2023,UK,Referral,1
8258,26/01/2023,UK,Organic,1
8259,09/11/2023,UK,Paid Ads,0
8260,06/05/2023,DE,Email,0
8261,22/02/2023,US,Paid Ads,1
8262,17/07/2023,US,Organic,0
8263,26/10/2023,FR,Organic,1
8264,07/07/2023,UK,Organic,1
8265,05/07/2023,ES,Organic,0
8266,01/11/2023,UK,Organic,0
8267,25/10/2023,ES,Paid Ads,1
8268,23/07/2023,FR,Organic,1
8269,11/01/2023,FR,Paid Ads,1
8270,25/12/2023,US,Social,0
8271,20/12/2023,FR,Social,1
8272,26/05/2023,UK,Email,1
8273,26/03/2023,IT,Organic,0
8274,10/04/2023,UK,Organic,0
8275,14/04/2023,UK,Email,0
8276,15/02/2023,DE,Organic,0
8277,13/02/2023,FR,Organic,0
8278,05/10/2023,UK,Paid Ads,0
8279,30/06/2023,IT,Organic,1
8280,06/07/2023,NL,Email,0
8281,24/04/2023,DE,Email,1
8282,12/09/2023,US,Email,0
8283,30/01/2023,FR,Email,1
8284,21/09/2023,UK,Organic,1
8285,08/04/2023,US,Referral,1
8286,09/11/2023,IT,Organic,0
8287,25/11/2023,NL,Referral,1
8288,25/04/2023,IT,Organic,1
8289,03/10/2023,UK,Referral,1
8290,08/10/2023,UK,Social,1
8291,02/10/2023,UK,Organic,0
8292,18/09/2023,US,Organic,1
8293,27/11/2023,UK,Organic,1
8294,26/07/2023,US,Paid Ads,0
8295,24/11/2023,DE,Organic,0
8296,30/07/2023,ES,Email,0
8297,03/08/2023,FR,Paid Ads,0
8298,09/02/2023,ES,Paid Ads,1
8299,26/01/2023,UK,Referral,0
8300,27/01/2023,UK,Organic,0
8301,09/07/2023,ES,Organic,0
8302,24/03/2023,US,Email,0
8303,19/06/2023,DE,Email,1
8304,16/06/2023,UK,Organic,1
8305,07/07/2023,UK,Organic,0
8306,18/06/2023,DE,Organic,1
8307,16/10/2023,IT,Organic,0
8308,17/08/2023,IT,Organic,0
8309,07/04/2023,US,Referral,1
8310,16/01/2023,US,Email,1
8311,06/10/2023,ES,Organic,1
8312,15/05/2023,US,Paid Ads,1
8313,26/01/2023,US,Organic,1
8314,18/12/2023,IT,Paid Ads,1
8315,12/01/2023,ES,Paid Ads,1
8316,13/03/2023,IT,Email,1
8317,13/05/2023,UK,Organic,1
8318,16/04/2023,US,Organic,0
8319,08/08/2023,ES,Paid Ads,0
8320,26/06/2023,UK,Organic,1
8321,09/10/2023,ES,Organic,1
8322,13/05/2023,UK,Organic,0
8323,22/01/2023,ES,Paid Ads,1
8324,26/09/2023,DE,Organic,0
8325,10/06/2023,UK,Social,1
8326,17/04/2023,US,Paid Ads,1
8327,06/10/2023,FR,Organic,0
8328,19/12/2023,DE,Paid Ads,0
8329,23/08/2023,US,Organic,0
8330,18/01/2023,IT,Paid Ads,1
8331,30/08/2023,US,Paid Ads,0
8332,27/04/2023,US,Paid Ads,0
8333,13/10/2023,UK,Email,0
8334,09/10/2023,IT,Organic,0
8335,24/05/2023,UK,Social,0
8336,24/07/2023,US,Email,0
8337,08/02/2023,ES,Organic,1
8338,03/06/2023,UK,Organic,0
8339,25/06/2023,US,Organic,0
8340,29/08/2023,UK,Organic,0
8341,14/05/2023,ES,Paid Ads,0
8342,15/02/2023,DE,Organic,1
8343,19/02/2023,IT,Social,1
8344,15/06/2023,IT,Organic,1
8345,16/04/2023,DE,Organic,0
8346,04/08/2023,FR,Organic,1
8347,26/05/2023,US,Organic,0
8348,13/03/2023,US,Email,0
8349,26/11/2023,DE,Paid Ads,1
8350,30/09/2023,IT,Organic,0
8351,04/09/2023,US,Email,0
8352,05/07/2023,UK,Email,1
8353,11/03/2023,US,Email,1
8354,30/05/2023,US,Email,0
8355,03/09/2023,UK,Paid Ads,1
8356,19/09/2023,US,Paid Ads,0
8357,26/01/2023,US,Organic,0
8358,20/05/2023,DE,Organic,1
8359,09/04/2023,US,Paid Ads,1
8360,05/10/2023,DE,Email,1
8361,20/02/2023,IT,Paid Ads,1
8362,31/05/2023,NL,Social,0
8363,14/04/2023,DE,Organic,0
8364,30/03/2023,UK,Referral,1
8365,21/05/2023,NL,Paid Ads,0
8366,01/08/2023,FR,Referral,1
8367,21/08/2023,UK,Paid Ads,0
8368,02/07/2023,UK,Organic,1
8369,08/09/2023,UK,Organic,1
8370,09/01/2023,UK,Social,0
8371,20/03/2023,UK,Organic,0
8372,21/02/2023,IT,Paid Ads,1
8373,26/09/2023,US,Paid Ads,1
8374,14/08/2023,FR,Organic,1
8375,20/02/2023,ES,Email,1
8376,05/07/2023,ES,Referral,1
8377,03/02/2023,IT,Social,0
8378,18/10/2023,NL,Organic,0
8379,18/08/2023,US,Paid Ads,0
8380,11/05/2023,NL,Email,1
8381,30/04/2023,FR,Social,0
8382,22/11/2023,UK,Social,0
8383,04/09/2023,FR,Referral,1
8384,11/07/2023,FR,Organic,0
8385,19/11/2023,IT,Organic,1
8386,29/07/2023,US,Email,1
8387,13/04/2023,DE,Email,1
8388,25/11/2023,UK,Referral,0
8389,13/05/2023,UK,Organic,1
8390,19/11/2023,UK,Paid Ads,0
8391,19/05/2023,US,Organic,0
8392,01/05/2023,ES,Paid Ads,1
8393,04/04/2023,UK,Organic,1
8394,09/05/2023,US,Social,0
8395,01/04/2023,UK,Organic,0
8396,02/04/2023,UK,Paid Ads,1
8397,04/03/2023,US,Organic,0
8398,29/01/2023,UK,Referral,1
8399,29/07/2023,DE,Paid Ads,1
8400,12/01/2023,UK,Social,0
8401,29/11/2023,UK,Organic,0
8402,24/10/2023,US,Organic,1
8403,10/05/2023,DE,Email,1
8404,20/10/2023,UK,Organic,1
8405,22/06/2023,DE,Organic,0
8406,27/07/2023,ES,Paid Ads,1
8407,24/01/2023,FR,Referral,1
8408,09/04/2023,UK,Organic,0
8409,22/12/2023,DE,Organic,1
8410,19/05/2023,FR,Email,1
8411,10/11/2023,UK,Paid Ads,0
8412,23/06/2023,IT,Organic,0
8413,29/01/2023,IT,Organic,0
8414,23/05/2023,IT,Paid Ads,1
8415,12/11/2023,ES,Organic,0
8416,17/12/2023,FR,Email,1
8417,11/02/2023,DE,Referral,1
8418,26/10/2023,FR,Paid Ads,1
8419,27/07/2023,ES,Social,0
8420,26/11/2023,FR,Organic,0
8421,11/07/2023,UK,Organic,0
8422,09/06/2023,US,Referral,0
8423,05/03/2023,IT,Paid Ads,1
8424,31/08/2023,UK,Organic,1
8425,15/09/2023,FR,Organic,0
8426,01/06/2023,NL,Organic,1
8427,03/08/2023,FR,Organic,1
8428,18/11/2023,NL,Referral,0
8429,15/06/2023,FR,Referral,0
8430,31/01/2023,UK,Paid Ads,1
8431,20/08/2023,ES,Organic,0
8432,09/10/2023,UK,Organic,0
8433,29/01/2023,US,Organic,1
8434,14/07/2023,UK,Organic,1
8435,30/11/2023,UK,Organic,1
8436,13/09/2023,US,Organic,1
8437,08/10/2023,US,Paid Ads,1
8438,31/10/2023,DE,Email,0
8439,17/11/2023,ES,Organic,0
8440,19/11/2023,UK,Social,0
8441,12/12/2023,UK,Email,1
8442,21/10/2023,FR,Social,1
8443,28/03/2023,FR,Email,0
8444,29/05/2023,IT,Paid Ads,0
8445,06/09/2023,UK,Paid Ads,0
8446,17/11/2023,IT,Organic,1
8447,10/10/2023,US,Referral,0
8448,28/12/2023,DE,Paid Ads,1
8449,17/07/2023,UK,Paid Ads,1
8450,13/02/2023,US,Referral,0
8451,22/12/2023,UK,Paid Ads,0
8452,28/01/2023,UK,Paid Ads,1
8453,17/01/2023,US,Organic,0
8454,07/05/2023,ES,Referral,0
8455,17/06/2023,FR,Email,1
8456,01/09/2023,DE,Email,1
8457,17/03/2023,US,Email,1
8458,19/08/2023,US,Organic,1
8459,23/07/2023,NL,Social,0
8460,05/09/2023,DE,Organic,0
8461,29/10/2023,UK,Email,0
8462,02/08/2023,UK,Organic,1
8463,03/08/2023,DE,Paid Ads,1
8464,07/06/2023,US,Referral,0
8465,10/03/2023,UK,Paid Ads,1
8466,26/03/2023,ES,Paid Ads,1
8467,24/09/2023,FR,Referral,0
8468,10/03/2023,FR,Paid Ads,0
8469,09/04/2023,UK,Organic,0
8470,13/12/2023,US,Paid Ads,0
8471,04/08/2023,IT,Organic,0
8472,10/06/2023,IT,Referral,1
8473,04/04/2023,UK,Organic,1
8474,23/06/2023,UK,Paid Ads,0
8475,14/06/2023,US,Paid Ads,1
8476,25/04/2023,US,Organic,1
8477,08/08/2023,FR,Paid Ads,1
8478,31/01/2023,NL,Paid Ads,1
8479,11/01/2023,US,Social,0
8480,09/12/2023,UK,Email,1
8481,10/05/2023,IT,Referral,1
8482,15/04/2023,UK,Paid Ads,0
8483,27/01/2023,NL,Organic,0
8484,15/08/2023,FR,Organic,0
8485,02/01/2023,IT,Organic,1
8486,25/12/2023,UK,Email,1
8487,11/04/2023,UK,Organic,1
8488,21/01/2023,US,Paid Ads,0
8489,27/02/2023,US,Organic,0
8490,29/06/2023,UK,Organic,1
8491,07/12/2023,NL,Organic,0
8492,15/12/2023,ES,Paid Ads,0
8493,20/01/2023,FR,Paid Ads,1
8494,12/09/2023,UK,Paid Ads,0
8495,13/11/2023,FR,Paid Ads,0
8496,07/02/2023,FR,Email,1
8497,28/05/2023,US,Email,1
8498,25/01/2023,IT,Email,0
8499,01/05/2023,UK,Paid Ads,0
8500,26/01/2023,UK,Organic,1
8501,18/06/2023,UK,Social,0
8502,19/11/2023,ES,Organic,1
8503,13/08/2023,DE,Organic,1
8504,01/01/2023,UK,Paid Ads,1
8505,03/11/2023,UK,Paid Ads,0
8506,18/09/2023,UK,Organic,0
8507,13/01/2023,UK,Referral,0
8508,17/02/2023,US,Paid Ads,0
8509,09/11/2023,UK,Paid Ads,0
8510,18/10/2023,UK,Paid Ads,1
8511,28/11/2023,IT,Paid Ads,0
8512,04/04/2023,US,Organic,0
8513,18/09/2023,FR,Organic,1
8514,05/10/2023,UK,Organic,1
8515,25/12/2023,US,Referral,0
8516,24/07/2023,US,Paid Ads,1
8517,04/07/2023,UK,Paid Ads,1
8518,24/06/2023,UK,Paid Ads,0
8519,05/11/2023,IT,Paid Ads,0
8520,10/03/2023,IT,Organic,1
8521,14/04/2023,UK,Organic,1
8522,03/09/2023,UK,Email,0
8523,10/06/2023,NL,Paid Ads,0
8524,19/07/2023,UK,Referral,0
8525,04/08/2023,DE,Paid Ads,0
8526,31/07/2023,NL,Email,0
8527,16/01/2023,NL,Paid Ads,0
8528,28/11/2023,US,Organic,1
8529,24/07/2023,UK,Email,1
8530,31/12/2023,UK,Organic,0
8531,08/02/2023,IT,Organic,1
8532,30/03/2023,IT,Organic,1
8533,13/09/2023,DE,Referral,1
8534,11/09/2023,ES,Referral,0
8535,04/08/2023,FR,Referral,0
8536,30/10/2023,FR,Social,1
8537,21/06/2023,ES,Organic,0
8538,17/05/2023,FR,Paid Ads,1
8539,27/06/2023,US,Paid Ads,0
8540,18/03/2023,UK,Social,0
8541,07/07/2023,FR,Organic,0
8542,15/01/2023,US,Social,1
8543,19/10/2023,UK,Organic,0
8544,15/11/2023,ES,Email,1
8545,21/11/2023,FR,Paid Ads,0
8546,02/08/2023,IT,Email,0
8547,27/07/2023,UK,Organic,0
8548,18/06/2023,DE,Organic,1
8549,26/11/2023,UK,Organic,0
8550,07/10/2023,IT,Paid Ads,1
8551,01/11/2023,UK,Paid Ads,1
8552,26/05/2023,FR,Social,0
8553,20/09/2023,ES,Paid Ads,1
8554,04/01/2023,US,Organic,1
8555,31/03/2023,NL,Organic,1
8556,01/03/2023,IT,Organic,1
8557,07/11/2023,UK,Email,1
8558,16/01/2023,UK,Email,0
8559,15/08/2023,UK,Social,1
8560,29/01/2023,UK,Paid Ads,0
8561,31/05/2023,IT,Organic,1
8562,02/09/2023,NL,Organic,0
8563,27/09/2023,UK,Paid Ads,0
8564,20/03/2023,US,Social,0
8565,16/10/2023,US,Organic,0
8566,02/06/2023,UK,Organic,1
8567,04/10/2023,US,Referral,0
8568,06/10/2023,UK,Referral,1
8569,26/02/2023,US,Organic,1
8570,05/07/2023,FR,Email,0
8571,03/04/2023,FR,Organic,1
8572,03/10/2023,UK,Social,1
8573,07/06/2023,ES,Organic,0
8574,02/10/2023,FR,Organic,0
8575,30/06/2023,IT,Organic,1
8576,25/12/2023,US,Organic,0
8577,18/03/2023,IT,Paid Ads,0
8578,31/05/2023,IT,Referral,0
8579,26/08/2023,US,Paid Ads,0
8580,16/10/2023,US,Referral,0
8581,19/08/2023,IT,Organic,0
8582,18/01/2023,FR,Organic,0
8583,14/03/2023,IT,Social,0
8584,08/07/2023,ES,Email,0
8585,17/01/2023,DE,Organic,0
8586,19/01/2023,UK,Paid Ads,0
8587,07/08/2023,UK,Paid Ads,1
8588,22/11/2023,NL,Organic,1
8589,30/04/2023,UK,Paid Ads,0
8590,11/04/2023,UK,Paid Ads,1
8591,03/02/2023,FR,Organic,0
8592,25/03/2023,FR,Organic,1
8593,15/07/2023,UK,Email,0
8594,26/11/2023,UK,Organic,0
8595,21/07/2023,US,Organic,0
8596,10/12/2023,UK,Referral,1
8597,07/12/2023,ES,Referral,0
8598,11/01/2023,UK,Organic,1
8599,13/12/2023,IT,Email,1
8600,06/08/2023,ES,Referral,0
8601,10/09/2023,FR,Organic,0
8602,10/08/2023,UK,Paid Ads,1
8603,21/03/2023,US,Referral,0
8604,07/01/2023,US,Organic,1
8605,29/09/2023,UK,Paid Ads,1
8606,15/08/2023,ES,Referral,0
8607,16/01/2023,US,Paid Ads,0
8608,12/01/2023,ES,Paid Ads,0
8609,18/10/2023,UK,Paid Ads,1
8610,29/08/2023,UK,Organic,0
8611,21/01/2023,NL,Paid Ads,0
8612,27/06/2023,DE,Paid Ads,1
8613,16/08/2023,US,Email,0
8614,30/09/2023,US,Referral,0
8615,15/10/2023,UK,Paid Ads,0
8616,24/10/2023,FR,Social,1
8617,14/05/2023,UK,Organic,0
8618,10/10/2023,DE,Organic,0
8619,02/06/2023,DE,Organic,1
8620,07/03/2023,IT,Organic,0
8621,17/05/2023,US,Paid Ads,0
8622,02/04/2023,UK,Organic,0
8623,13/11/2023,DE,Organic,0
8624,16/09/2023,UK,Organic,1
8625,13/04/2023,UK,Referral,0
8626,24/02/2023,UK,Email,0
8627,14/09/2023,US,Email,1
8628,11/04/2023,UK,Organic,0
8629,17/07/2023,US,Paid Ads,0
8630,28/10/2023,IT,Organic,1
8631,14/08/2023,FR,Organic,0
8632,25/08/2023,UK,Email,0
8633,26/01/2023,UK,Paid Ads,1
8634,01/05/2023,FR,Organic,0
8635,01/07/2023,IT,Paid Ads,0
8636,18/07/2023,UK,Organic,1
8637,29/10/2023,ES,Organic,1
8638,12/09/2023,DE,Paid Ads,1
8639,02/05/2023,US,Organic,1
8640,31/01/2023,NL,Social,0
8641,11/11/2023,FR,Paid Ads,1
8642,12/10/2023,IT,Email,0
8643,16/04/2023,US,Email,0
8644,12/08/2023,DE,Referral,1
8645,30/09/2023,DE,Paid Ads,0
8646,20/08/2023,UK,Organic,0
8647,13/09/2023,DE,Paid Ads,0
8648,24/01/2023,UK,Organic,1
8649,19/04/2023,UK,Organic,1
8650,10/07/2023,US,Paid Ads,1
8651,13/12/2023,FR,Referral,1
8652,25/01/2023,IT,Social,0
8653,06/07/2023,US,Organic,1
8654,15/10/2023,DE,Paid Ads,1
8655,26/04/2023,UK,Email,0
8656,04/12/2023,IT,Organic,1
8657,06/02/2023,DE,Organic,1
8658,09/10/2023,ES,Organic,0
8659,17/05/2023,ES,Email,0
8660,15/08/2023,UK,Organic,1
8661,16/11/2023,US,Organic,0
8662,24/11/2023,NL,Paid Ads,1
8663,01/07/2023,UK,Email,0
8664,28/12/2023,FR,Social,0
8665,27/03/2023,NL,Paid Ads,1
8666,22/02/2023,UK,Social,1
8667,14/12/2023,IT,Organic,0
8668,21/12/2023,IT,Organic,0
8669,23/08/2023,FR,Social,0
8670,24/09/2023,UK,Paid Ads,0
8671,14/10/2023,UK,Organic,0
8672,10/04/2023,UK,Paid Ads,0
8673,28/03/2023,ES,Email,0
8674,15/01/2023,ES,Email,0
8675,11/04/2023,DE,Email,1
8676,14/06/2023,US,Paid Ads,1
8677,29/01/2023,UK,Email,1
8678,24/04/2023,ES,Paid Ads,1
8679,17/04/2023,FR,Paid Ads,0
8680,30/12/2023,IT,Email,1
8681,10/05/2023,FR,Paid Ads,1
8682,25/03/2023,ES,Organic,0
8683,28/09/2023,FR,Organic,1
8684,01/09/2023,DE,Paid Ads,1
8685,02/08/2023,US,Organic,1
8686,02/11/2023,IT,Organic,0
8687,15/06/2023,FR,Organic,1
8688,06/10/2023,US,Organic,0
8689,28/02/2023,UK,Referral,1
8690,31/03/2023,UK,Organic,0
8691,27/11/2023,US,Organic,1
8692,13/07/2023,UK,Referral,0
8693,03/05/2023,UK,Email,1
8694,16/05/2023,US,Organic,1
8695,19/05/2023,UK,Organic,0
8696,17/08/2023,ES,Social,1
8697,01/10/2023,US,Organic,1
8698,19/02/2023,DE,Social,0
8699,28/04/2023,UK,Organic,1
8700,21/07/2023,UK,Organic,0
8701,10/07/2023,US,Organic,1
8702,30/12/2023,ES,Organic,0
8703,19/11/2023,ES,Email,0
8704,30/06/2023,UK,Social,1
8705,19/03/2023,DE,Social,0
8706,16/03/2023,UK,Email,1
8707,22/10/2023,NL,Email,0
8708,08/10/2023,NL,Referral,1
8709,21/01/2023,DE,Email,0
8710,20/06/2023,FR,Organic,0
8711,15/01/2023,ES,Organic,1
8712,30/07/2023,FR,Paid Ads,1
8713,17/02/2023,FR,Email,1
8714,27/03/2023,NL,Referral,0
8715,29/05/2023,DE,Email,1
8716,07/07/2023,DE,Paid Ads,0
8717,02/11/2023,ES,Referral,1
8718,31/05/2023,FR,Social,1
8719,21/05/2023,FR,Organic,0
8720,10/03/2023,UK,Social,0
8721,17/09/2023,US,Paid Ads,0
8722,30/11/2023,UK,Paid Ads,0
8723,09/01/2023,US,Email,0
8724,01/05/2023,US,Paid Ads,0
8725,11/04/2023,NL,Paid Ads,1
8726,29/05/2023,DE,Paid Ads,0
8727,26/05/2023,ES,Organic,0
8728,19/12/2023,UK,Paid Ads,0
8729,31/08/2023,ES,Organic,0
8730,29/08/2023,DE,Social,1
8731,03/12/2023,FR,Organic,1
8732,12/02/2023,UK,Paid Ads,1
8733,05/04/2023,US,Social,0
8734,14/08/2023,DE,Social,1
8735,06/01/2023,DE,Referral,1
8736,02/08/2023,IT,Paid Ads,0
8737,25/07/2023,IT,Organic,0
8738,08/03/2023,NL,Organic,1
8739,10/04/2023,FR,Organic,0
8740,12/01/2023,NL,Email,1
8741,25/08/2023,ES,Organic,0
8742,18/11/2023,UK,Referral,0
8743,15/09/2023,US,Organic,1
8744,03/12/2023,UK,Paid Ads,1
8745,15/05/2023,UK,Paid Ads,1
8746,10/08/2023,UK,Email,1
8747,05/06/2023,UK,Organic,1
8748,22/05/2023,FR,Organic,0
8749,07/06/2023,US,Organic,1
8750,22/11/2023,UK,Organic,0
8751,10/12/2023,ES,Paid Ads,0
8752,19/09/2023,ES,Organic,0
8753,10/10/2023,NL,Organic,1
8754,04/12/2023,DE,Email,1
8755,10/12/2023,US,Paid Ads,0
8756,17/08/2023,UK,Organic,0
8757,07/10/2023,UK,Organic,1
8758,24/12/2023,UK,Organic,0
8759,17/10/2023,US,Paid Ads,1
8760,17/06/2023,NL,Referral,0
8761,16/02/2023,UK,Paid Ads,0
8762,22/07/2023,UK,Organic,0
8763,02/08/2023,UK,Paid Ads,1
8764,03/09/2023,FR,Paid Ads,1
8765,24/01/2023,US,Paid Ads,0
8766,17/11/2023,US,Email,0
8767,01/10/2023,UK,Organic,1
8768,13/02/2023,US,Organic,1
8769,28/11/2023,UK,Email,1
8770,09/11/2023,US,Organic,1
8771,29/12/2023,UK,Organic,0
8772,05/06/2023,ES,Referral,1
8773,18/07/2023,DE,Referral,0
8774,11/06/2023,FR,Email,0
8775,22/08/2023,US,Organic,0
8776,12/06/2023,US,Organic,1
8777,26/04/2023,UK,Organic,0
8778,03/04/2023,US,Paid Ads,1
8779,11/02/2023,US,Organic,0
8780,11/10/2023,US,Referral,0
8781,29/07/2023,FR,Organic,0
8782,25/07/2023,ES,Organic,1
8783,08/08/2023,ES,Paid Ads,0
8784,07/10/2023,UK,Social,1
8785,16/05/2023,DE,Email,0
8786,16/04/2023,UK,Social,1
8787,28/04/2023,FR,Paid Ads,1
8788,25/08/2023,US,Organic,1
8789,05/11/2023,UK,Organic,1
8790,10/04/2023,IT,Referral,1
8791,18/09/2023,DE,Organic,1
8792,01/11/2023,US,Organic,0
8793,20/12/2023,UK,Organic,0
8794,13/10/2023,US,Paid Ads,1
8795,24/11/2023,IT,Organic,1
8796,13/04/2023,DE,Organic,0
8797,04/03/2023,NL,Paid Ads,1
8798,24/06/2023,UK,Organic,0
8799,09/10/2023,DE,Paid Ads,0
8800,20/10/2023,ES,Referral,0
8801,14/08/2023,US,Organic,0
8802,07/01/2023,UK,Email,0
8803,07/05/2023,DE,Organic,1
8804,02/04/2023,DE,Paid Ads,1
8805,09/07/2023,FR,Paid Ads,1
8806,25/12/2023,ES,Social,0
8807,22/02/2023,ES,Paid Ads,0
8808,30/08/2023,FR,Organic,0
8809,12/05/2023,UK,Paid Ads,1
8810,30/12/2023,US,Organic,1
8811,22/04/2023,ES,Paid Ads,1
8812,07/01/2023,NL,Organic,0
8813,18/08/2023,UK,Paid Ads,0
8814,05/06/2023,US,Organic,0
8815,16/07/2023,UK,Referral,0
8816,19/11/2023,UK,Paid Ads,0
8817,30/12/2023,US,Organic,0
8818,11/08/2023,DE,Email,1
8819,07/09/2023,UK,Paid Ads,1
8820,24/03/2023,ES,Organic,1
8821,28/08/2023,ES,Organic,0
8822,26/12/2023,NL,Paid Ads,1
8823,19/11/2023,UK,Organic,1
8824,20/09/2023,DE,Social,0
8825,08/07/2023,US,Organic,1
8826,17/10/2023,UK,Organic,0
8827,28/12/2023,DE,Social,0
8828,27/02/2023,ES,Social,0
8829,09/01/2023,UK,Organic,0
8830,31/10/2023,NL,Referral,0
8831,25/04/2023,ES,Organic,0
8832,29/07/2023,ES,Referral,1
8833,10/02/2023,ES,Email,0
8834,31/10/2023,US,Organic,0
8835,22/06/2023,ES,Organic,1
8836,22/08/2023,US,Organic,1
8837,08/10/2023,IT,Organic,1
8838,19/03/2023,UK,Organic,0
8839,18/04/2023,UK,Email,1
8840,08/10/2023,DE,Organic,0
8841,08/02/2023,UK,Paid Ads,1
8842,29/04/2023,US,Email,1
8843,01/12/2023,US,Paid Ads,1
8844,02/12/2023,IT,Paid Ads,0
8845,27/01/2023,US,Organic,1
8846,14/04/2023,US,Paid Ads,1
8847,15/03/2023,UK,Organic,0
8848,10/07/2023,US,Email,0
8849,20/11/2023,US,Organic,0
8850,27/05/2023,FR,Referral,0
8851,12/09/2023,UK,Paid Ads,0
8852,11/10/2023,UK,Paid Ads,0
8853,01/08/2023,US,Organic,0
8854,03/05/2023,US,Organic,1
8855,25/07/2023,US,Email,1
8856,28/08/2023,ES,Organic,1
8857,05/12/2023,UK,Organic,0
8858,13/10/2023,US,Paid Ads,0
8859,22/01/2023,DE,Email,1
8860,16/09/2023,UK,Organic,0
8861,23/12/2023,FR,Referral,0
8862,15/04/2023,US,Paid Ads,0
8863,15/09/2023,US,Organic,0
8864,23/07/2023,ES,Paid Ads,0
8865,06/11/2023,UK,Email,1
8866,19/09/2023,IT,Social,0
8867,17/04/2023,DE,Organic,0
8868,08/09/2023,DE,Referral,0
8869,09/08/2023,IT,Paid Ads,0
8870,10/08/2023,ES,Organic,1
8871,15/09/2023,DE,Paid Ads,1
8872,20/07/2023,ES,Organic,1
8873,15/09/2023,US,Organic,0
8874,15/12/2023,US,Organic,0
8875,13/08/2023,UK,Organic,0
8876,21/07/2023,UK,Paid Ads,0
8877,14/08/2023,ES,Organic,1
8878,24/08/2023,UK,Paid Ads,1
8879,02/07/2023,UK,Organic,0
8880,19/07/2023,ES,Paid Ads,0
8881,23/12/2023,UK,Email,0
8882,03/09/2023,UK,Organic,0
8883,19/12/2023,DE,Paid Ads,1
8884,21/04/2023,DE,Paid Ads,1
8885,06/01/2023,ES,Paid Ads,1
8886,24/08/2023,US,Organic,1
8887,07/05/2023,US,Paid Ads,0
8888,14/04/2023,FR,Organic,0
8889,25/08/2023,US,Organic,0
8890,04/06/2023,DE,Paid Ads,0
8891,14/09/2023,IT,Organic,0
8892,23/08/2023,US,Paid Ads,0
8893,16/10/2023,US,Referral,0
8894,09/02/2023,UK,Email,1
8895,15/10/2023,DE,Organic,0
8896,16/07/2023,UK,Social,0
8897,30/09/2023,US,Paid Ads,0
8898,21/09/2023,ES,Organic,0
8899,26/02/2023,US,Organic,0
8900,25/10/2023,UK,Paid Ads,1
8901,08/04/2023,ES,Email,0
8902,17/05/2023,UK,Paid Ads,0
8903,28/03/2023,FR,Referral,0
8904,30/08/2023,DE,Organic,1
8905,18/07/2023,UK,Organic,0
8906,06/11/2023,IT,Organic,0
8907,25/03/2023,UK,Referral,0
8908,30/08/2023,NL,Organic,1
8909,08/10/2023,UK,Organic,0
8910,19/11/2023,UK,Organic,1
8911,09/09/2023,UK,Email,0
8912,09/07/2023,UK,Referral,1
8913,01/06/2023,FR,Organic,0
8914,29/10/2023,FR,Social,0
8915,05/10/2023,ES,Organic,1
8916,19/05/2023,UK,Organic,1
8917,25/06/2023,US,Organic,1
8918,08/01/2023,FR,Organic,0
8919,22/10/2023,US,Organic,0
8920,23/08/2023,FR,Referral,0
8921,12/06/2023,DE,Paid Ads,0
8922,18/02/2023,UK,Paid Ads,0
8923,29/10/2023,ES,Referral,0
8924,07/02/2023,FR,Email,0
8925,16/05/2023,FR,Organic,1
8926,06/11/2023,UK,Paid Ads,0
8927,07/08/2023,UK,Paid Ads,1
8928,14/12/2023,US,Social,0
8929,23/10/2023,UK,Organic,1
8930,03/02/2023,UK,Organic,1
8931,18/12/2023,ES,Referral,1
8932,20/03/2023,DE,Referral,0
8933,24/08/2023,DE,Organic,1
8934,30/09/2023,UK,Paid Ads,0
8935,10/06/2023,IT,Organic,1
8936,24/06/2023,UK,Social,1
8937,04/11/2023,ES,Organic,1
8938,09/08/2023,NL,Organic,1
8939,09/01/2023,FR,Organic,1
8940,16/10/2023,NL,Paid Ads,1
8941,23/04/2023,FR,Organic,1
8942,24/07/2023,UK,Referral,1
8943,05/07/2023,UK,Email,1
8944,07/12/2023,UK,Organic,0
8945,16/07/2023,UK,Paid Ads,1
8946,23/09/2023,FR,Organic,1
8947,19/09/2023,UK,Organic,1
8948,05/09/2023,ES,Organic,0
8949,25/04/2023,US,Organic,1
8950,01/05/2023,US,Paid Ads,0
8951,21/05/2023,NL,Organic,0
8952,06/03/2023,UK,Email,1
8953,03/10/2023,FR,Referral,1
8954,09/11/2023,ES,Referral,1
8955,27/08/2023,UK,Social,1
8956,29/10/2023,US,Social,1
8957,10/01/2023,US,Paid Ads,0
8958,21/08/2023,ES,Paid Ads,0
8959,14/07/2023,DE,Organic,1
8960,12/01/2023,US,Referral,1
8961,26/06/2023,ES,Paid Ads,0
8962,26/06/2023,UK,Social,1
8963,05/08/2023,ES,Organic,1
8964,11/01/2023,IT,Organic,0
8965,28/04/2023,IT,Organic,1
8966,13/06/2023,ES,Email,0
8967,08/02/2023,US,Organic,1
8968,22/02/2023,NL,Paid Ads,0
8969,06/08/2023,US,Paid Ads,0
8970,25/07/2023,DE,Organic,1
8971,08/11/2023,UK,Paid Ads,1
8972,26/12/2023,NL,Paid Ads,1
8973,25/02/2023,FR,Organic,0
8974,28/04/2023,ES,Paid Ads,0
8975,10/09/2023,UK,Social,1
8976,13/10/2023,ES,Social,0
8977,25/09/2023,ES,Paid Ads,0
8978,18/10/2023,FR,Paid Ads,0
8979,29/11/2023,UK,Organic,1
8980,29/06/2023,US,Social,0
8981,24/12/2023,UK,Organic,1
8982,23/08/2023,US,Paid Ads,0
8983,09/12/2023,UK,Organic,1
8984,15/07/2023,UK,Organic,1
8985,04/11/2023,UK,Organic,0
8986,21/03/2023,UK,Referral,0
8987,15/05/2023,UK,Paid Ads,1
8988,22/01/2023,IT,Paid Ads,0
8989,27/11/2023,US,Organic,1
8990,13/08/2023,US,Email,1
8991,27/02/2023,US,Organic,1
8992,03/04/2023,DE,Organic,1
8993,11/07/2023,IT,Referral,0
8994,13/04/2023,UK,Social,1
8995,07/01/2023,UK,Organic,1
8996,08/05/2023,NL,Paid Ads,0
8997,24/02/2023,US,Paid Ads,1
8998,19/08/2023,UK,Email,0
8999,28/12/2023,UK,Organic,0
9000,03/03/2023,UK,Paid Ads,1
9001,28/08/2023,NL,Organic,1
9002,31/03/2023,UK,Organic,0
9003,20/08/2023,IT,Organic,0
9004,21/08/2023,NL,Social,0
9005,20/12/2023,DE,Organic,0
9006,29/11/2023,UK,Social,0
9007,19/10/2023,UK,Organic,1
9008,11/12/2023,US,Social,0
9009,01/06/2023,US,Referral,1
9010,25/05/2023,DE,Organic,1
9011,10/05/2023,US,Paid Ads,1
9012,21/05/2023,IT,Organic,1
9013,03/04/2023,US,Organic,0
9014,24/04/2023,FR,Paid Ads,1
9015,11/10/2023,IT,Paid Ads,1
9016,23/05/2023,UK,Referral,1
9017,11/08/2023,UK,Email,1
9018,20/08/2023,UK,Organic,0
9019,02/02/2023,UK,Social,0
9020,03/10/2023,US,Social,0
9021,19/06/2023,UK,Organic,0
9022,20/05/2023,US,Organic,0
9023,23/12/2023,NL,Paid Ads,1
9024,20/07/2023,UK,Paid Ads,0
9025,23/01/2023,US,Organic,1
9026,12/08/2023,UK,Organic,0
9027,27/09/2023,UK,Referral,0
9028,13/12/2023,US,Paid Ads,0
9029,02/06/2023,IT,Organic,1
9030,29/11/2023,US,Email,1
9031,26/03/2023,UK,Referral,0
9032,19/04/2023,US,Organic,0
9033,31/01/2023,UK,Referral,0
9034,17/08/2023,UK,Organic,1
9035,28/08/2023,DE,Paid Ads,0
9036,29/12/2023,UK,Organic,0
9037,06/11/2023,US,Organic,1
9038,21/05/2023,DE,Organic,0
9039,05/06/2023,US,Organic,1
9040,26/10/2023,UK,Paid Ads,0
9041,11/12/2023,NL,Referral,0
9042,09/04/2023,US,Organic,0
9043,16/02/2023,ES,Organic,1
9044,23/11/2023,UK,Email,0
9045,08/03/2023,US,Organic,0
9046,03/03/2023,US,Organic,0
9047,19/04/2023,UK,Paid Ads,0
9048,16/06/2023,UK,Email,1
9049,06/02/2023,US,Email,0
9050,29/04/2023,IT,Referral,1
9051,27/03/2023,FR,Organic,0
9052,21/02/2023,UK,Referral,1
9053,01/04/2023,DE,Organic,1
9054,16/10/2023,IT,Organic,0
9055,03/12/2023,FR,Paid Ads,1
9056,25/10/2023,UK,Referral,0
9057,23/07/2023,IT,Organic,1
9058,26/08/2023,UK,Organic,0
9059,04/06/2023,US,Email,0
9060,28/08/2023,US,Email,0
9061,16/05/2023,IT,Paid Ads,1
9062,28/12/2023,IT,Paid Ads,1
9063,05/03/2023,IT,Email,1
9064,03/05/2023,UK,Referral,0
9065,11/09/2023,IT,Paid Ads,0
9066,24/04/2023,UK,Organic,0
9067,20/01/2023,UK,Organic,0
9068,16/01/2023,US,Paid Ads,0
9069,25/05/2023,US,Organic,1
9070,27/07/2023,DE,Organic,1
9071,19/01/2023,US,Paid Ads,0
9072,15/06/2023,IT,Organic,1
9073,07/02/2023,UK,Email,0
9074,30/06/2023,UK,Organic,1
9075,15/12/2023,IT,Paid Ads,1
9076,15/04/2023,UK,Referral,0
9077,10/04/2023,DE,Paid Ads,0
9078,31/03/2023,FR,Organic,0
9079,27/10/2023,US,Paid Ads,0
9080,28/11/2023,FR,Email,1
9081,20/03/2023,UK,Social,1
9082,14/03/2023,IT,Paid Ads,0
9083,25/06/2023,UK,Email,0
9084,06/04/2023,US,Organic,1
9085,11/12/2023,UK,Email,0
9086,13/04/2023,US,Social,0
9087,12/08/2023,FR,Paid Ads,1
9088,06/01/2023,IT,Email,0
9089,02/05/2023,FR,Paid Ads,0
9090,24/08/2023,US,Organic,1
9091,26/04/2023,IT,Email,0
9092,12/06/2023,US,Paid Ads,0
9093,14/08/2023,DE,Paid Ads,0
9094,18/08/2023,DE,Referral,0
9095,01/07/2023,US,Email,1
9096,06/09/2023,ES,Referral,1
9097,14/11/2023,UK,Organic,0
9098,29/07/2023,DE,Paid Ads,0
9099,24/05/2023,FR,Social,1
9100,11/12/2023,IT,Paid Ads,1
9101,06/04/2023,IT,Social,0
9102,12/12/2023,US,Email,0
9103,01/09/2023,DE,Referral,1
9104,27/03/2023,US,Organic,0
9105,03/07/2023,US,Organic,1
9106,01/05/2023,IT,Paid Ads,1
9107,28/11/2023,IT,Paid Ads,1
9108,02/04/2023,IT,Email,0
9109,11/03/2023,UK,Email,0
9110,13/05/2023,IT,Organic,0
9111,06/10/2023,IT,Referral,1
9112,17/05/2023,US,Paid Ads,0
9113,10/11/2023,US,Organic,1
9114,06/07/2023,ES,Paid Ads,0
9115,09/08/2023,DE,Email,0
9116,15/02/2023,NL,Organic,1
9117,05/10/2023,US,Organic,1
9118,11/07/2023,FR,Organic,0
9119,08/01/2023,ES,Organic,0
9120,03/10/2023,US,Paid Ads,1
9121,28/06/2023,IT,Organic,0
9122,30/11/2023,US,Email,1
9123,08/02/2023,US,Organic,1
9124,20/10/2023,UK,Paid Ads,0
9125,27/06/2023,US,Organic,0
9126,11/06/2023,FR,Social,1
9127,27/11/2023,IT,Paid Ads,1
9128,14/04/2023,UK,Email,0
9129,10/06/2023,US,Email,0
9130,14/10/2023,UK,Referral,0
9131,03/05/2023,FR,Email,0
9132,23/02/2023,NL,Organic,0
9133,03/02/2023,DE,Referral,1
9134,30/08/2023,DE,Organic,0
9135,23/04/2023,DE,Email,1
9136,14/11/2023,UK,Social,0
9137,23/01/2023,FR,Social,0
9138,15/02/2023,DE,Organic,0
9139,08/11/2023,FR,Organic,0
9140,15/05/2023,IT,Organic,0
9141,28/04/2023,ES,Organic,0
9142,08/07/2023,ES,Organic,0
9143,11/05/2023,IT,Organic,0
9144,31/07/2023,NL,Social,0
9145,23/04/2023,DE,Paid Ads,1
9146,13/02/2023,UK,Paid Ads,0
9147,08/05/2023,US,Paid Ads,1
9148,30/12/2023,ES,Referral,1
9149,07/06/2023,UK,Social,0
9150,30/09/2023,UK,Paid Ads,1
9151,11/11/2023,UK,Organic,1
9152,21/12/2023,FR,Paid Ads,1
9153,06/12/2023,US,Social,1
9154,14/02/2023,US,Organic,1
9155,18/04/2023,UK,Paid Ads,0
9156,07/08/2023,FR,Organic,0
9157,14/11/2023,UK,Organic,1
9158,11/11/2023,UK,Email,1
9159,26/06/2023,FR,Organic,0
9160,16/08/2023,DE,Organic,0
9161,10/07/2023,US,Organic,0
9162,09/06/2023,DE,Social,1
9163,24/09/2023,UK,Organic,1
9164,24/12/2023,ES,Email,1
9165,22/11/2023,UK,Organic,0
9166,09/07/2023,UK,Email,0
9167,24/06/2023,ES,Social,0
9168,17/10/2023,FR,Organic,1
9169,23/12/2023,UK,Organic,0
9170,25/05/2023,UK,Organic,0
9171,20/08/2023,ES,Email,0
9172,26/12/2023,ES,Organic,0
9173,23/07/2023,UK,Organic,0
9174,01/08/2023,FR,Organic,1
9175,09/02/2023,UK,Organic,1
9176,02/10/2023,US,Organic,0
9177,19/11/2023,UK,Email,0
9178,23/03/2023,US,Email,0
9179,30/06/2023,UK,Paid Ads,0
9180,16/11/2023,US,Paid Ads,1
9181,24/03/2023,US,Paid Ads,0
9182,30/10/2023,US,Referral,0
9183,19/09/2023,UK,Paid Ads,1
9184,29/09/2023,US,Paid Ads,1
9185,19/07/2023,ES,Paid Ads,0
9186,28/08/2023,US,Referral,1
9187,29/06/2023,FR,Organic,1
9188,20/06/2023,US,Organic,1
9189,22/10/2023,US,Organic,0
9190,26/06/2023,DE,Paid Ads,0
9191,25/08/2023,NL,Organic,0
9192,18/05/2023,UK,Paid Ads,1
9193,23/11/2023,UK,Paid Ads,0
9194,07/11/2023,DE,Email,1
9195,09/05/2023,IT,Organic,1
9196,18/02/2023,NL,Paid Ads,1
9197,13/06/2023,US,Paid Ads,1
9198,04/10/2023,US,Organic,1
9199,20/10/2023,DE,Paid Ads,1
9200,26/04/2023,DE,Email,1
9201,24/01/2023,DE,Organic,0
9202,07/11/2023,IT,Email,1
9203,25/01/2023,FR,Email,0
9204,07/05/2023,US,Referral,0
9205,22/08/2023,US,Email,1
9206,28/07/2023,DE,Paid Ads,0
9207,03/04/2023,US,Paid Ads,0
9208,04/04/2023,US,Social,1
9209,23/11/2023,UK,Organic,1
9210,13/08/2023,UK,Organic,0
9211,07/10/2023,US,Organic,0
9212,11/01/2023,ES,Paid Ads,0
9213,25/11/2023,UK,Organic,1
9214,12/01/2023,US,Social,0
9215,04/02/2023,UK,Paid Ads,0
9216,16/08/2023,UK,Email,0
9217,08/08/2023,NL,Organic,0
9218,21/05/2023,IT,Organic,1
9219,23/01/2023,UK,Organic,1
9220,24/03/2023,FR,Organic,1
9221,17/08/2023,UK,Paid Ads,0
9222,10/12/2023,NL,Social,1
9223,21/03/2023,UK,Organic,0
9224,19/12/2023,UK,Paid Ads,0
9225,17/10/2023,DE,Paid Ads,1
9226,27/11/2023,ES,Organic,0
9227,08/06/2023,UK,Paid Ads,0
9228,08/05/2023,FR,Organic,1
9229,09/07/2023,UK,Email,0
9230,31/01/2023,IT,Email,0
9231,25/12/2023,UK,Organic,1
9232,15/01/2023,IT,Paid Ads,0
9233,09/11/2023,US,Organic,0
9234,16/03/2023,US,Referral,0
9235,03/02/2023,NL,Email,0
9236,25/12/2023,NL,Email,1
9237,15/07/2023,FR,Organic,1
9238,27/11/2023,UK,Organic,0
9239,29/01/2023,US,Paid Ads,1
9240,13/07/2023,US,Social,0
9241,16/01/2023,US,Social,1
9242,18/03/2023,DE,Organic,0
9243,20/10/2023,UK,Email,0
9244,22/03/2023,FR,Social,0
9245,04/05/2023,FR,Organic,0
9246,19/01/2023,UK,Email,0
9247,12/04/2023,DE,Organic,1
9248,18/03/2023,DE,Organic,1
9249,17/08/2023,FR,Organic,0
9250,24/10/2023,UK,Paid Ads,0
9251,22/07/2023,DE,Email,1
9252,02/03/2023,UK,Paid Ads,1
9253,26/01/2023,US,Organic,1
9254,12/03/2023,ES,Organic,0
9255,13/04/2023,FR,Paid Ads,1
9256,22/11/2023,UK,Paid Ads,1
9257,29/12/2023,DE,Paid Ads,1
9258,06/06/2023,NL,Organic,0
9259,29/12/2023,UK,Email,0
9260,25/12/2023,IT,Social,1
9261,13/07/2023,FR,Paid Ads,1
9262,02/10/2023,ES,Referral,0
9263,20/11/2023,UK,Social,1
9264,05/07/2023,UK,Paid Ads,1
9265,22/11/2023,IT,Referral,0
9266,23/04/2023,US,Referral,0
9267,09/11/2023,UK,Organic,0
9268,14/06/2023,DE,Paid Ads,0
9269,02/03/2023,UK,Email,1
9270,02/04/2023,ES,Organic,0
9271,13/10/2023,DE,Email,1
9272,02/06/2023,IT,Paid Ads,1
9273,13/08/2023,ES,Paid Ads,1
9274,07/05/2023,UK,Paid Ads,0
9275,12/07/2023,US,Paid Ads,0
9276,25/04/2023,ES,Email,1
9277,19/09/2023,US,Paid Ads,1
9278,18/01/2023,NL,Social,0
9279,10/01/2023,FR,Paid Ads,0
9280,02/04/2023,UK,Referral,0
9281,19/05/2023,IT,Social,1
9282,29/11/2023,UK,Organic,0
9283,23/12/2023,UK,Referral,0
9284,06/12/2023,FR,Organic,0
9285,21/02/2023,IT,Email,1
9286,14/07/2023,US,Paid Ads,0
9287,25/07/2023,UK,Social,1
9288,14/10/2023,US,Email,1
9289,03/04/2023,UK,Organic,1
9290,05/11/2023,UK,Organic,0
9291,25/05/2023,UK,Paid Ads,1
9292,27/03/2023,DE,Paid Ads,1
9293,02/06/2023,IT,Organic,1
9294,02/01/2023,UK,Organic,0
9295,08/12/2023,UK,Paid Ads,0
9296,17/09/2023,ES,Organic,1
9297,13/06/2023,FR,Email,1
9298,06/01/2023,IT,Email,0
9299,29/05/2023,UK,Email,1
9300,24/07/2023,UK,Organic,1
9301,28/04/2023,US,Organic,0
9302,30/03/2023,DE,Paid Ads,1
9303,03/06/2023,US,Social,0
9304,16/06/2023,DE,Organic,1
9305,10/06/2023,UK,Organic,1
9306,27/09/2023,US,Organic,1
9307,25/02/2023,FR,Referral,0
9308,16/08/2023,US,Paid Ads,1
9309,03/12/2023,FR,Organic,0
9310,29/05/2023,US,Paid Ads,1
9311,15/02/2023,UK,Referral,1
9312,24/05/2023,UK,Paid Ads,0
9313,26/08/2023,US,Referral,0
9314,29/09/2023,UK,Email,0
9315,30/04/2023,FR,Referral,0
9316,06/12/2023,ES,Paid Ads,1
9317,08/08/2023,US,Email,1
9318,08/01/2023,UK,Social,1
9319,10/12/2023,NL,Organic,0
9320,02/10/2023,UK,Organic,0
9321,19/12/2023,UK,Email,1
9322,07/03/2023,US,Organic,1
9323,20/03/2023,FR,Social,1
9324,27/03/2023,UK,Organic,1
9325,04/05/2023,DE,Social,0
9326,21/07/2023,US,Paid Ads,1
9327,30/05/2023,UK,Email,1
9328,15/02/2023,UK,Organic,1
9329,23/04/2023,FR,Social,0
9330,01/04/2023,DE,Organic,0
9331,21/05/2023,UK,Organic,1
9332,16/10/2023,UK,Organic,0
9333,06/08/2023,DE,Social,1
9334,18/03/2023,ES,Paid Ads,1
9335,30/11/2023,UK,Referral,0
9336,01/06/2023,DE,Referral,1
9337,19/11/2023,UK,Email,1
9338,27/08/2023,UK,Referral,0
9339,25/04/2023,UK,Paid Ads,1
9340,15/11/2023,ES,Referral,1
9341,04/04/2023,US,Email,0
9342,17/02/2023,ES,Organic,1
9343,10/07/2023,FR,Organic,0
9344,12/01/2023,ES,Organic,1
9345,05/06/2023,UK,Organic,0
9346,21/06/2023,UK,Paid Ads,0
9347,23/10/2023,NL,Paid Ads,1
9348,26/06/2023,FR,Social,0
9349,07/12/2023,ES,Organic,0
9350,26/02/2023,UK,Email,1
9351,09/12/2023,US,Paid Ads,0
9352,06/12/2023,FR,Organic,1
9353,22/07/2023,UK,Paid Ads,1
9354,04/07/2023,DE,Social,0
9355,01/05/2023,US,Organic,0
9356,14/08/2023,UK,Paid Ads,1
9357,21/07/2023,UK,Organic,0
9358,26/11/2023,UK,Organic,1
9359,29/12/2023,UK,Paid Ads,0
9360,22/12/2023,DE,Email,0
9361,04/08/2023,UK,Referral,0
9362,12/02/2023,UK,Paid Ads,1
9363,23/01/2023,IT,Social,1
9364,04/06/2023,US,Organic,1
9365,05/07/2023,US,Email,1
9366,06/09/2023,FR,Paid Ads,0
9367,25/08/2023,IT,Email,0
9368,20/10/2023,UK,Email,0
9369,14/05/2023,US,Social,0
9370,17/11/2023,DE,Organic,0
9371,22/01/2023,UK,Referral,1
9372,27/12/2023,ES,Referral,1
9373,29/03/2023,NL,Referral,1
9374,02/06/2023,IT,Paid Ads,0
9375,05/05/2023,UK,Organic,0
9376,20/03/2023,UK,Organic,0
9377,12/12/2023,NL,Organic,1
9378,20/02/2023,US,Email,0
9379,04/08/2023,UK,Email,0
9380,25/06/2023,FR,Organic,1
9381,24/12/2023,UK,Social,0
9382,10/09/2023,UK,Organic,1
9383,03/09/2023,IT,Paid Ads,0
9384,15/08/2023,UK,Organic,0
9385,16/04/2023,UK,Email,1
9386,12/07/2023,UK,Referral,1
9387,12/11/2023,DE,Organic,1
9388,29/10/2023,UK,Referral,0
9389,05/02/2023,US,Organic,0
9390,23/07/2023,DE,Organic,0
9391,24/09/2023,ES,Organic,1
9392,25/09/2023,UK,Organic,0
9393,19/06/2023,ES,Email,0
9394,08/02/2023,UK,Referral,1
9395,19/05/2023,FR,Organic,1
9396,19/10/2023,US,Organic,0
9397,21/02/2023,UK,Organic,0
9398,14/10/2023,FR,Organic,0
9399,16/10/2023,UK,Paid Ads,1
9400,21/05/2023,UK,Organic,0
9401,26/05/2023,US,Referral,0
9402,10/11/2023,FR,Paid Ads,1
9403,03/07/2023,UK,Organic,0
9404,01/06/2023,UK,Social,0
9405,20/07/2023,UK,Organic,0
9406,08/05/2023,US,Organic,0
9407,14/10/2023,US,Organic,0
9408,07/11/2023,UK,Organic,0
9409,10/09/2023,UK,Organic,0
9410,23/09/2023,US,Organic,0
9411,07/07/2023,ES,Email,1
9412,18/08/2023,FR,Email,0
9413,28/09/2023,IT,Referral,0
9414,16/09/2023,UK,Paid Ads,1
9415,26/10/2023,NL,Paid Ads,0
9416,17/07/2023,UK,Organic,1
9417,19/11/2023,NL,Organic,0
9418,25/02/2023,UK,Organic,0
9419,15/11/2023,US,Paid Ads,0
9420,22/07/2023,US,Organic,0
9421,28/09/2023,US,Organic,0
9422,19/04/2023,ES,Organic,0
9423,26/04/2023,FR,Organic,0
9424,02/04/2023,NL,Organic,1
9425,18/05/2023,DE,Organic,1
9426,30/10/2023,US,Organic,0
9427,26/02/2023,UK,Organic,0
9428,19/02/2023,NL,Organic,1
9429,12/03/2023,DE,Organic,1
9430,23/03/2023,FR,Organic,1
9431,15/04/2023,US,Referral,1
9432,29/03/2023,US,Organic,0
9433,02/01/2023,IT,Organic,1
9434,26/12/2023,UK,Organic,1
9435,25/03/2023,UK,Organic,0
9436,12/02/2023,UK,Organic,1
9437,03/06/2023,ES,Social,0
9438,23/11/2023,UK,Email,1
9439,04/04/2023,UK,Organic,0
9440,25/10/2023,UK,Paid Ads,1
9441,13/05/2023,US,Organic,1
9442,06/03/2023,US,Organic,1
9443,17/10/2023,UK,Referral,0
9444,14/09/2023,NL,Organic,0
9445,01/08/2023,NL,Paid Ads,1
9446,28/05/2023,UK,Paid Ads,0
9447,02/03/2023,FR,Paid Ads,1
9448,29/05/2023,DE,Social,0
9449,29/03/2023,UK,Email,1
9450,20/11/2023,UK,Email,0
9451,05/10/2023,US,Organic,1
9452,23/03/2023,US,Organic,0
9453,09/05/2023,UK,Referral,0
9454,13/10/2023,ES,Social,1
9455,19/12/2023,US,Paid Ads,1
9456,07/10/2023,FR,Social,0
9457,27/09/2023,UK,Organic,0
9458,19/10/2023,US,Organic,0
9459,22/07/2023,UK,Organic,0
9460,24/01/2023,US,Paid Ads,0
9461,17/12/2023,ES,Email,1
9462,07/11/2023,ES,Organic,0
9463,27/07/2023,US,Social,1
9464,07/10/2023,FR,Paid Ads,0
9465,24/07/2023,IT,Paid Ads,0
9466,01/06/2023,DE,Email,0
9467,26/01/2023,UK,Organic,0
9468,13/07/2023,FR,Email,1
9469,02/12/2023,UK,Organic,0
9470,26/08/2023,IT,Organic,0
9471,17/11/2023,US,Paid Ads,1
9472,16/03/2023,US,Social,1
9473,12/06/2023,UK,Paid Ads,0
9474,26/10/2023,US,Paid Ads,1
9475,29/01/2023,IT,Email,0
9476,14/06/2023,UK,Organic,0
9477,03/12/2023,US,Email,0
9478,05/07/2023,IT,Paid Ads,0
9479,23/02/2023,US,Organic,1
9480,22/10/2023,US,Organic,0
9481,11/02/2023,DE,Organic,1
9482,12/10/2023,US,Organic,1
9483,18/05/2023,UK,Organic,0
9484,06/07/2023,UK,Organic,1
9485,23/07/2023,DE,Referral,1
9486,11/02/2023,IT,Paid Ads,0
9487,16/12/2023,UK,Paid Ads,1
9488,15/10/2023,UK,Organic,0
9489,26/01/2023,US,Email,0
9490,25/02/2023,ES,Organic,1
9491,10/09/2023,UK,Paid Ads,1
9492,02/05/2023,IT,Organic,1
9493,16/04/2023,UK,Paid Ads,1
9494,10/05/2023,IT,Organic,1
9495,03/12/2023,DE,Email,0
9496,07/06/2023,FR,Email,0
9497,19/08/2023,US,Referral,1
9498,04/11/2023,ES,Organic,0
9499,01/04/2023,UK,Organic,1
9500,22/01/2023,UK,Social,0
9501,17/10/2023,US,Paid Ads,1
9502,20/04/2023,IT,Social,1
9503,18/02/2023,ES,Organic,0
9504,09/05/2023,US,Social,0
9505,14/03/2023,DE,Social,0
9506,06/12/2023,UK,Referral,1
9507,22/02/2023,ES,Organic,1
9508,22/12/2023,ES,Paid Ads,0
9509,17/06/2023,FR,Social,0
9510,14/02/2023,US,Email,1
9511,15/04/2023,NL,Organic,1
9512,30/05/2023,IT,Organic,0
9513,26/05/2023,DE,Email,0
9514,23/07/2023,US,Paid Ads,0
9515,28/12/2023,DE,Email,0
9516,26/10/2023,DE,Email,0
9517,16/06/2023,US,Social,1
9518,20/07/2023,UK,Organic,0
9519,14/05/2023,US,Organic,0
9520,30/07/2023,DE,Organic,0
9521,17/02/2023,US,Social,1
9522,06/05/2023,UK,Paid Ads,0
9523,27/08/2023,ES,Organic,0
9524,07/01/2023,US,Organic,0
9525,29/09/2023,UK,Organic,1
9526,06/02/2023,US,Email,0
9527,30/07/2023,IT,Referral,0
9528,14/06/2023,ES,Referral,0
9529,05/05/2023,UK,Organic,0
9530,03/12/2023,IT,Social,0
9531,11/07/2023,UK,Organic,1
9532,06/08/2023,NL,Paid Ads,0
9533,02/08/2023,UK,Organic,1
9534,03/03/2023,UK,Organic,0
9535,24/11/2023,US,Organic,1
9536,10/06/2023,US,Paid Ads,0
9537,07/03/2023,US,Paid Ads,0
9538,13/10/2023,ES,Organic,0
9539,27/08/2023,ES,Organic,0
9540,20/01/2023,US,Email,0
9541,07/07/2023,US,Organic,0
9542,23/03/2023,UK,Organic,1
9543,29/12/2023,UK,Paid Ads,1
9544,21/07/2023,DE,Email,1
9545,12/05/2023,UK,Organic,1
9546,06/02/2023,FR,Social,0
9547,12/05/2023,US,Organic,1
9548,18/03/2023,UK,Organic,0
9549,30/03/2023,US,Organic,1
9550,10/09/2023,UK,Referral,0
9551,10/12/2023,US,Organic,1
9552,13/07/2023,ES,Paid Ads,1
9553,25/06/2023,US,Organic,1
9554,02/02/2023,UK,Organic,0
9555,27/02/2023,FR,Email,1
9556,20/07/2023,UK,Referral,0
9557,28/01/2023,FR,Organic,0
9558,04/02/2023,US,Paid Ads,1
9559,05/05/2023,US,Paid Ads,1
9560,17/11/2023,IT,Organic,0
9561,11/02/2023,FR,Paid Ads,1
9562,26/03/2023,UK,Organic,0
9563,07/07/2023,UK,Paid Ads,1
9564,21/04/2023,IT,Email,0
9565,28/09/2023,UK,Organic,0
9566,21/11/2023,US,Organic,0
9567,15/04/2023,FR,Organic,1
9568,16/11/2023,DE,Social,0
9569,10/02/2023,ES,Referral,0
9570,03/08/2023,FR,Organic,0
9571,12/03/2023,FR,Paid Ads,0
9572,25/02/2023,ES,Organic,0
9573,24/08/2023,DE,Paid Ads,0
9574,08/10/2023,US,Paid Ads,0
9575,15/04/2023,US,Social,1
9576,11/06/2023,FR,Organic,1
9577,10/07/2023,IT,Paid Ads,0
9578,09/01/2023,UK,Referral,1
9579,01/03/2023,UK,Email,0
9580,01/11/2023,IT,Paid Ads,0
9581,13/08/2023,DE,Referral,1
9582,03/11/2023,UK,Organic,1
9583,07/07/2023,FR,Paid Ads,0
9584,11/03/2023,NL,Email,0
9585,20/10/2023,ES,Social,1
9586,14/10/2023,FR,Referral,1
9587,18/06/2023,UK,Organic,0
9588,03/03/2023,IT,Email,1
9589,15/12/2023,US,Organic,0
9590,14/01/2023,IT,Organic,0
9591,13/06/2023,UK,Referral,1
9592,02/09/2023,UK,Organic,1
9593,01/12/2023,US,Social,1
9594,08/01/2023,UK,Paid Ads,1
9595,03/06/2023,FR,Paid Ads,0
9596,05/02/2023,NL,Referral,0
9597,17/02/2023,FR,Email,0
9598,26/03/2023,IT,Paid Ads,0
9599,28/01/2023,US,Organic,1
9600,15/07/2023,ES,Email,1
9601,27/07/2023,ES,Organic,1
9602,23/07/2023,FR,Organic,1
9603,03/11/2023,US,Paid Ads,0
9604,14/04/2023,DE,Organic,1
9605,18/08/2023,FR,Social,1
9606,11/04/2023,UK,Paid Ads,0
9607,29/01/2023,ES,Social,0
9608,07/05/2023,NL,Organic,0
9609,04/12/2023,US,Social,1
9610,10/01/2023,FR,Organic,1
9611,16/04/2023,FR,Organic,1
9612,16/06/2023,FR,Organic,1
9613,14/09/2023,US,Paid Ads,0
9614,22/10/2023,IT,Organic,0
9615,04/10/2023,US,Paid Ads,0
9616,06/03/2023,UK,Organic,1
9617,28/09/2023,ES,Organic,1
9618,07/07/2023,FR,Paid Ads,0
9619,13/11/2023,ES,Organic,0
9620,18/05/2023,UK,Email,0
9621,09/12/2023,UK,Paid Ads,0
9622,15/04/2023,IT,Social,0
9623,03/02/2023,UK,Organic,0
9624,20/04/2023,ES,Social,1
9625,02/02/2023,ES,Paid Ads,0
9626,20/12/2023,FR,Social,0
9627,19/08/2023,UK,Organic,1
9628,13/11/2023,FR,Referral,1
9629,23/09/2023,IT,Email,1
9630,01/07/2023,US,Organic,1
9631,06/12/2023,US,Paid Ads,1
9632,06/03/2023,US,Email,0
9633,29/11/2023,UK,Paid Ads,0
9634,01/01/2023,IT,Organic,0
9635,13/05/2023,IT,Referral,1
9636,21/03/2023,NL,Organic,1
9637,28/09/2023,DE,Email,1
9638,29/08/2023,ES,Organic,0
9639,28/01/2023,UK,Organic,0
9640,11/08/2023,FR,Organic,1
9641,23/01/2023,DE,Paid Ads,0
9642,19/04/2023,IT,Social,0
9643,17/04/2023,ES,Organic,1
9644,25/05/2023,IT,Organic,1
9645,20/12/2023,IT,Organic,0
9646,19/05/2023,IT,Email,0
9647,11/10/2023,UK,Paid Ads,1
9648,25/10/2023,ES,Organic,1
9649,09/04/2023,DE,Paid Ads,0
9650,13/11/2023,US,Organic,1
9651,03/05/2023,UK,Paid Ads,0
9652,16/11/2023,FR,Organic,1
9653,14/10/2023,UK,Email,1
9654,22/03/2023,US,Social,1
9655,10/01/2023,FR,Email,0
9656,08/01/2023,IT,Paid Ads,0
9657,24/07/2023,ES,Paid Ads,0
9658,11/11/2023,US,Organic,1
9659,16/07/2023,US,Referral,0
9660,17/07/2023,UK,Paid Ads,0
9661,30/01/2023,US,Social,1
9662,20/01/2023,UK,Organic,0
9663,17/02/2023,NL,Email,0
9664,10/05/2023,DE,Referral,0
9665,20/10/2023,UK,Organic,0
9666,12/05/2023,US,Referral,0
9667,22/12/2023,US,Social,0
9668,23/02/2023,US,Social,1
9669,08/10/2023,UK,Referral,0
9670,22/09/2023,NL,Organic,1
9671,03/08/2023,UK,Email,0
9672,17/10/2023,UK,Referral,0
9673,12/02/2023,UK,Organic,0
9674,15/03/2023,DE,Organic,0
9675,16/12/2023,UK,Organic,1
9676,05/10/2023,UK,Organic,0
9677,22/11/2023,US,Email,1
9678,30/08/2023,DE,Organic,1
9679,10/05/2023,UK,Organic,0
9680,16/12/2023,UK,Organic,0
9681,13/07/2023,US,Paid Ads,1
9682,01/02/2023,UK,Organic,1
9683,16/04/2023,US,Organic,1
9684,23/07/2023,UK,Organic,0
9685,01/01/2023,UK,Referral,0
9686,02/09/2023,US,Organic,1
9687,13/03/2023,UK,Paid Ads,0
9688,02/11/2023,UK,Organic,1
9689,15/01/2023,US,Organic,0
9690,22/02/2023,IT,Organic,1
9691,08/01/2023,FR,Organic,0
9692,26/11/2023,ES,Organic,1
9693,15/02/2023,IT,Organic,0
9694,21/11/2023,NL,Organic,0
9695,24/04/2023,ES,Referral,1
9696,27/05/2023,DE,Organic,1
9697,15/06/2023,US,Email,1
9698,19/05/2023,UK,Email,0
9699,27/04/2023,FR,Email,1
9700,26/10/2023,NL,Organic,0
9701,03/10/2023,US,Email,0
9702,04/10/2023,FR,Organic,1
9703,04/12/2023,US,Organic,1
9704,09/11/2023,US,Organic,0
9705,27/06/2023,US,Social,1
9706,26/11/2023,US,Organic,1
9707,20/12/2023,US,Social,0
9708,03/06/2023,FR,Organic,1
9709,20/07/2023,IT,Social,0
9710,25/04/2023,IT,Social,1
9711,08/06/2023,UK,Social,0
9712,11/02/2023,IT,Paid Ads,1
9713,04/09/2023,UK,Email,0
9714,09/03/2023,UK,Social,1
9715,22/11/2023,FR,Organic,1
9716,30/11/2023,UK,Paid Ads,0
9717,15/07/2023,UK,Referral,1
9718,31/03/2023,US,Organic,1
9719,21/04/2023,FR,Email,1
9720,25/12/2023,UK,Organic,0
9721,25/05/2023,DE,Paid Ads,1
9722,02/10/2023,FR,Organic,0
9723,28/06/2023,FR,Organic,0
9724,29/08/2023,IT,Organic,1
9725,22/11/2023,US,Email,1
9726,15/11/2023,UK,Organic,0
9727,27/11/2023,UK,Email,0
9728,02/06/2023,US,Email,0
9729,14/04/2023,FR,Paid Ads,1
9730,16/03/2023,UK,Organic,1
9731,08/05/2023,UK,Organic,0
9732,18/07/2023,ES,Paid Ads,0
9733,03/06/2023,FR,Organic,0
9734,25/02/2023,FR,Paid Ads,1
9735,05/10/2023,ES,Social,0
9736,11/12/2023,ES,Organic,1
9737,19/01/2023,FR,Paid Ads,1
9738,08/06/2023,US,Social,0
9739,26/01/2023,NL,Email,0
9740,18/06/2023,DE,Email,1
9741,23/01/2023,UK,Email,0
9742,16/02/2023,UK,Organic,0
9743,13/01/2023,FR,Email,1
9744,05/08/2023,IT,Social,0
9745,18/11/2023,UK,Paid Ads,1
9746,13/07/2023,UK,Organic,1
9747,24/05/2023,IT,Paid Ads,1
9748,14/03/2023,IT,Organic,0
9749,05/06/2023,UK,Organic,1
9750,18/03/2023,US,Paid Ads,0
9751,18/06/2023,FR,Paid Ads,0
9752,14/10/2023,UK,Paid Ads,1
9753,26/03/2023,IT,Organic,0
9754,01/07/2023,UK,Email,0
9755,11/11/2023,UK,Organic,0
9756,24/10/2023,UK,Organic,1
9757,22/04/2023,UK,Paid Ads,1
9758,18/08/2023,UK,Organic,0
9759,06/04/2023,UK,Organic,1
9760,17/06/2023,ES,Organic,1
9761,05/06/2023,UK,Email,0
9762,15/04/2023,IT,Paid Ads,1
9763,12/07/2023,US,Organic,0
9764,26/11/2023,FR,Organic,0
9765,12/05/2023,UK,Paid Ads,0
9766,21/12/2023,UK,Email,0
9767,18/05/2023,DE,Paid Ads,0
9768,27/11/2023,DE,Email,0
9769,27/09/2023,ES,Paid Ads,0
9770,07/02/2023,ES,Referral,1
9771,14/02/2023,FR,Email,0
9772,12/06/2023,US,Email,0
9773,27/11/2023,IT,Social,0
9774,10/09/2023,DE,Paid Ads,0
9775,18/06/2023,NL,Social,1
9776,12/10/2023,ES,Paid Ads,1
9777,01/10/2023,UK,Email,1
9778,20/01/2023,UK,Organic,1
9779,27/08/2023,DE,Referral,1
9780,27/09/2023,FR,Email,0
9781,06/11/2023,DE,Organic,0
9782,31/01/2023,ES,Referral,1
9783,10/11/2023,UK,Email,0
9784,14/04/2023,UK,Organic,1
9785,19/06/2023,UK,Paid Ads,0
9786,05/07/2023,DE,Paid Ads,0
9787,08/05/2023,FR,Paid Ads,0
9788,29/07/2023,UK,Organic,1
9789,08/10/2023,DE,Organic,0
9790,10/09/2023,UK,Organic,0
9791,19/01/2023,UK,Organic,0
9792,19/07/2023,FR,Organic,0
9793,08/08/2023,US,Referral,1
9794,16/05/2023,FR,Paid Ads,1
9795,11/08/2023,ES,Email,1
9796,03/01/2023,IT,Organic,0
9797,24/08/2023,UK,Paid Ads,0
9798,08/12/2023,US,Organic,1
9799,16/08/2023,FR,Email,1
9800,22/05/2023,ES,Referral,0
9801,09/01/2023,ES,Email,0
9802,09/07/2023,UK,Organic,1
9803,16/12/2023,UK,Referral,1
9804,14/06/2023,DE,Paid Ads,0
9805,19/05/2023,FR,Email,1
9806,03/10/2023,UK,Paid Ads,0
9807,18/10/2023,UK,Paid Ads,0
9808,22/02/2023,FR,Organic,0
9809,24/06/2023,UK,Referral,0
9810,20/04/2023,UK,Organic,1
9811,22/07/2023,UK,Organic,0
9812,16/05/2023,UK,Organic,0
9813,04/01/2023,DE,Social,1
9814,04/06/2023,US,Organic,1
9815,21/06/2023,UK,Email,0
9816,24/12/2023,UK,Social,0
9817,16/02/2023,UK,Social,1
9818,04/04/2023,FR,Email,1
9819,17/02/2023,UK,Email,0
9820,28/08/2023,DE,Organic,1
9821,13/12/2023,UK,Organic,0
9822,01/08/2023,UK,Paid Ads,0
9823,06/12/2023,UK,Paid Ads,0
9824,20/11/2023,UK,Organic,0
9825,19/05/2023,FR,Referral,0
9826,24/07/2023,US,Paid Ads,0
9827,14/03/2023,ES,Email,1
9828,04/01/2023,UK,Paid Ads,0
9829,17/03/2023,UK,Paid Ads,0
9830,25/11/2023,UK,Paid Ads,0
9831,18/03/2023,ES,Paid Ads,0
9832,31/10/2023,UK,Social,0
9833,13/09/2023,US,Organic,1
9834,12/04/2023,UK,Paid Ads,0
9835,16/04/2023,UK,Referral,1
9836,29/11/2023,IT,Paid Ads,0
9837,08/02/2023,US,Organic,1
9838,10/11/2023,ES,Organic,1
9839,02/10/2023,FR,Organic,0
9840,29/03/2023,US,Organic,0
9841,30/07/2023,UK,Email,0
9842,18/03/2023,DE,Paid Ads,1
9843,18/03/2023,UK,Organic,0
9844,28/01/2023,US,Organic,0
9845,02/09/2023,DE,Organic,0
9846,07/03/2023,ES,Social,0
9847,23/09/2023,FR,Paid Ads,0
9848,24/07/2023,FR,Social,1
9849,27/02/2023,UK,Organic,0
9850,20/07/2023,UK,Email,0
9851,13/08/2023,UK,Organic,0
9852,22/05/2023,FR,Organic,1
9853,25/03/2023,NL,Organic,0
9854,23/05/2023,UK,Paid Ads,0
9855,18/12/2023,UK,Organic,1
9856,02/02/2023,US,Paid Ads,1
9857,01/06/2023,IT,Email,0
9858,07/06/2023,DE,Organic,0
9859,21/05/2023,UK,Organic,0
9860,08/09/2023,NL,Email,0
9861,30/10/2023,ES,Paid Ads,0
9862,22/04/2023,UK,Email,0
9863,24/05/2023,IT,Organic,1
9864,28/07/2023,US,Organic,1
9865,12/08/2023,US,Organic,0
9866,12/02/2023,US,Social,0
9867,21/09/2023,ES,Email,0
9868,01/09/2023,FR,Social,0
9869,03/01/2023,UK,Paid Ads,0
9870,05/05/2023,NL,Email,1
9871,25/09/2023,UK,Paid Ads,0
9872,25/03/2023,FR,Paid Ads,0
9873,16/01/2023,DE,Email,0
9874,30/11/2023,UK,Organic,0
9875,28/02/2023,UK,Organic,0
9876,26/06/2023,IT,Organic,1
9877,04/03/2023,US,Email,1
9878,18/02/2023,FR,Organic,1
9879,03/11/2023,US,Organic,0
9880,03/09/2023,FR,Social,1
9881,16/10/2023,US,Organic,1
9882,13/10/2023,UK,Organic,0
9883,28/11/2023,US,Paid Ads,0
9884,15/01/2023,IT,Email,1
9885,04/12/2023,US,Organic,0
9886,12/09/2023,UK,Paid Ads,0
9887,02/04/2023,IT,Organic,0
9888,06/10/2023,ES,Paid Ads,0
9889,25/07/2023,UK,Organic,1
9890,04/04/2023,NL,Organic,1
9891,13/08/2023,FR,Paid Ads,1
9892,28/10/2023,UK,Social,1
9893,14/11/2023,UK,Referral,0
9894,18/07/2023,FR,Social,1
9895,28/09/2023,ES,Referral,0
9896,22/08/2023,UK,Organic,0
9897,15/02/2023,UK,Organic,1
9898,05/03/2023,UK,Social,1
9899,18/08/2023,DE,Paid Ads,1
9900,06/09/2023,UK,Social,1
9901,03/09/2023,UK,Organic,0
9902,16/03/2023,FR,Organic,0
9903,06/06/2023,ES,Organic,0
9904,11/08/2023,US,Organic,0
9905,09/07/2023,US,Organic,1
9906,21/02/2023,US,Paid Ads,0
9907,29/03/2023,US,Paid Ads,0
9908,09/11/2023,NL,Organic,1
9909,05/12/2023,ES,Organic,0
9910,07/03/2023,UK,Referral,1
9911,30/05/2023,US,Paid Ads,0
9912,20/01/2023,US,Paid Ads,0
9913,02/02/2023,DE,Paid Ads,0
9914,24/11/2023,US,Email,0
9915,08/10/2023,ES,Paid Ads,0
9916,15/02/2023,ES,Social,0
9917,14/03/2023,US,Paid Ads,0
9918,20/12/2023,IT,Organic,1
9919,09/11/2023,ES,Organic,0
9920,09/12/2023,ES,Paid Ads,0
9921,13/05/2023,NL,Paid Ads,0
9922,24/02/2023,UK,Referral,1
9923,02/03/2023,UK,Organic,1
9924,11/12/2023,IT,Referral,1
9925,08/01/2023,ES,Email,1
9926,29/09/2023,IT,Referral,1
9927,03/09/2023,UK,Paid Ads,1
9928,25/06/2023,DE,Social,1
9929,26/04/2023,UK,Paid Ads,1
9930,13/11/2023,US,Organic,0
9931,28/09/2023,UK,Email,0
9932,12/07/2023,UK,Organic,0
9933,30/05/2023,UK,Referral,0
9934,11/05/2023,DE,Organic,1
9935,12/04/2023,US,Organic,0
9936,06/11/2023,UK,Organic,0
9937,27/09/2023,UK,Organic,1
9938,19/10/2023,UK,Organic,1
9939,29/07/2023,IT,Organic,0
9940,27/12/2023,UK,Email,1
9941,04/12/2023,UK,Email,0
9942,08/03/2023,ES,Email,0
9943,10/01/2023,DE,Email,1
9944,18/02/2023,FR,Paid Ads,1
9945,21/04/2023,DE,Email,0
9946,17/11/2023,IT,Paid Ads,1
9947,07/08/2023,UK,Paid Ads,0
9948,26/02/2023,NL,Referral,1
9949,10/10/2023,ES,Organic,0
9950,23/04/2023,DE,Email,1
9951,13/05/2023,FR,Paid Ads,0
9952,12/03/2023,DE,Organic,1
9953,24/03/2023,UK,Organic,1
9954,26/02/2023,UK,Organic,0
9955,15/12/2023,NL,Email,1
9956,28/09/2023,US,Social,1
9957,21/04/2023,US,Organic,1
9958,23/12/2023,ES,Organic,0
9959,17/03/2023,US,Organic,0
9960,07/06/2023,UK,Email,0
9961,20/01/2023,FR,Organic,1
9962,11/05/2023,FR,Social,1
9963,25/11/2023,UK,Referral,1
9964,02/05/2023,NL,Email,0
9965,10/02/2023,UK,Paid Ads,0
9966,16/06/2023,US,Referral,0
9967,10/05/2023,UK,Paid Ads,0
9968,23/01/2023,DE,Email,0
9969,06/10/2023,US,Email,1
9970,08/09/2023,US,Paid Ads,1
9971,09/01/2023,ES,Paid Ads,1
9972,13/01/2023,UK,Social,1
9973,03/11/2023,ES,Social,0
9974,16/11/2023,DE,Referral,0
9975,21/02/2023,NL,Organic,0
9976,28/07/2023,DE,Organic,1
9977,07/02/2023,UK,Email,0
9978,10/04/2023,UK,Organic,1
9979,12/07/2023,IT,Organic,0
9980,10/07/2023,ES,Organic,0
9981,20/02/2023,UK,Paid Ads,1
9982,21/05/2023,DE,Paid Ads,1
9983,17/06/2023,US,Organic,0
9984,07/11/2023,NL,Organic,0
9985,19/04/2023,IT,Email,1
9986,26/07/2023,NL,Social,0
9987,27/10/2023,IT,Organic,0
9988,20/04/2023,IT,Organic,1
9989,15/07/2023,UK,Paid Ads,1
9990,01/06/2023,ES,Email,0
9991,31/08/2023,FR,Email,1
9992,08/05/2023,NL,Referral,1
9993,15/04/2023,DE,Email,0
9994,10/01/2023,UK,Organic,0
9995,22/12/2023,DE,Organic,1
9996,28/05/2023,FR,Paid Ads,1
9997,31/12/2023,UK,Email,0
9998,30/12/2023,US,Paid Ads,0
9999,20/05/2023,DE,Social,0
10000,09/07/2023,US,Email,0
10001,04/04/2023,US,Referral,0
10002,17/08/2023,UK,Organic,0
10003,04/03/2023,IT,Organic,0
10004,06/12/2023,ES,Email,1
10005,25/01/2023,UK,Organic,1
10006,25/09/2023,ES,Organic,1
10007,08/10/2023,FR,Social,1
10008,11/01/2023,UK,Email,1
10009,16/11/2023,US,Organic,1
10010,20/07/2023,DE,Email,1
10011,06/05/2023,US,Organic,1
10012,02/11/2023,ES,Organic,1
10013,09/07/2023,US,Paid Ads,1
10014,30/03/2023,UK,Email,0
10015,21/12/2023,NL,Organic,1
10016,26/04/2023,UK,Organic,0
10017,18/12/2023,FR,Organic,1
10018,26/06/2023,UK,Social,0
10019,14/01/2023,UK,Referral,1
10020,14/09/2023,US,Paid Ads,0
10021,28/07/2023,UK,Organic,1
10022,08/10/2023,US,Paid Ads,0
10023,24/11/2023,UK,Paid Ads,1
10024,21/11/2023,DE,Email,0
10025,15/04/2023,FR,Organic,1
10026,27/05/2023,UK,Social,1
10027,06/10/2023,IT,Paid Ads,0
10028,09/01/2023,UK,Organic,0
10029,28/04/2023,UK,Organic,0
10030,04/04/2023,FR,Paid Ads,1
10031,24/05/2023,US,Social,0
10032,16/10/2023,US,Referral,0
10033,14/01/2023,UK,Paid Ads,0
10034,14/09/2023,ES,Organic,0
10035,12/12/2023,DE,Organic,1
10036,05/07/2023,UK,Paid Ads,1
10037,11/12/2023,US,Referral,0
10038,26/07/2023,ES,Email,0
10039,12/12/2023,DE,Organic,0
10040,21/06/2023,UK,Organic,0
10041,27/09/2023,US,Organic,0
10042,09/08/2023,UK,Social,1
10043,01/06/2023,US,Paid Ads,1
10044,21/04/2023,ES,Organic,1
10045,02/07/2023,US,Organic,0
10046,05/12/2023,US,Organic,1
10047,13/03/2023,IT,Paid Ads,1
10048,10/10/2023,DE,Email,1
10049,15/03/2023,DE,Social,1
10050,21/12/2023,UK,Paid Ads,1
10051,03/08/2023,DE,Organic,1
10052,24/11/2023,DE,Referral,1
10053,23/01/2023,US,Email,0
10054,09/03/2023,NL,Organic,0
10055,28/12/2023,IT,Email,0
10056,03/04/2023,FR,Email,0
10057,17/11/2023,US,Paid Ads,0
10058,20/11/2023,US,Paid Ads,0
10059,04/03/2023,UK,Referral,0
10060,12/08/2023,UK,Referral,1
10061,13/08/2023,ES,Organic,0
10062,12/12/2023,US,Organic,1
10063,03/12/2023,IT,Organic,1
10064,13/04/2023,UK,Email,1
10065,03/08/2023,US,Paid Ads,0
10066,11/07/2023,DE,Paid Ads,0
10067,09/06/2023,US,Email,1
10068,26/07/2023,IT,Organic,0
10069,26/09/2023,NL,Referral,1
10070,13/07/2023,UK,Paid Ads,1
10071,01/06/2023,UK,Organic,1
10072,25/08/2023,UK,Organic,0
10073,29/03/2023,FR,Social,1
10074,11/01/2023,US,Email,1
10075,06/07/2023,FR,Organic,0
10076,02/08/2023,US,Social,0
10077,15/01/2023,DE,Email,1
10078,23/09/2023,ES,Organic,0
10079,24/10/2023,US,Organic,1
10080,14/03/2023,US,Organic,0
10081,21/02/2023,UK,Paid Ads,0
10082,08/05/2023,US,Paid Ads,1
10083,28/01/2023,US,Organic,1
10084,06/03/2023,US,Paid Ads,1
10085,17/01/2023,IT,Organic,0
10086,17/12/2023,IT,Organic,0
10087,18/05/2023,ES,Paid Ads,0
10088,15/11/2023,US,Organic,0
10089,17/08/2023,FR,Paid Ads,0
10090,11/09/2023,US,Social,1
10091,29/07/2023,UK,Organic,0
10092,21/10/2023,UK,Organic,1
10093,19/08/2023,UK,Organic,0
10094,29/08/2023,UK,Paid Ads,0
10095,11/03/2023,US,Referral,1
10096,14/04/2023,NL,Paid Ads,0
10097,23/07/2023,UK,Paid Ads,1
10098,22/02/2023,IT,Organic,1
10099,26/11/2023,UK,Organic,0
10100,23/02/2023,UK,Organic,0
10101,03/10/2023,US,Paid Ads,1
10102,01/12/2023,FR,Organic,1
10103,31/01/2023,UK,Email,1
10104,15/05/2023,UK,Paid Ads,0
10105,27/02/2023,US,Organic,0
10106,15/04/2023,UK,Paid Ads,0
10107,23/09/2023,FR,Social,0
10108,10/01/2023,US,Organic,0
10109,10/09/2023,UK,Organic,1
10110,22/10/2023,IT,Paid Ads,0
10111,05/06/2023,UK,Paid Ads,0
10112,07/06/2023,FR,Organic,1
10113,06/02/2023,ES,Social,1
10114,29/04/2023,NL,Paid Ads,0
10115,08/03/2023,US,Email,1
10116,30/08/2023,DE,Organic,0
10117,26/10/2023,UK,Email,0
10118,01/08/2023,FR,Organic,0
10119,04/11/2023,US,Organic,0
10120,11/04/2023,US,Social,0
10121,25/02/2023,IT,Organic,1
10122,28/11/2023,UK,Social,0
10123,20/11/2023,IT,Paid Ads,1
10124,27/08/2023,IT,Social,0
10125,19/08/2023,US,Paid Ads,0
10126,28/12/2023,US,Email,1
10127,02/04/2023,US,Organic,0
10128,06/10/2023,NL,Paid Ads,0
10129,19/04/2023,UK,Referral,0
10130,13/11/2023,DE,Email,0
10131,17/06/2023,FR,Organic,0
10132,27/10/2023,IT,Paid Ads,0
10133,06/08/2023,ES,Paid Ads,1
10134,10/08/2023,DE,Organic,1
10135,10/06/2023,UK,Paid Ads,1
10136,16/01/2023,US,Email,1
10137,05/10/2023,UK,Organic,1
10138,26/02/2023,IT,Paid Ads,0
10139,03/03/2023,FR,Social,0
10140,29/12/2023,ES,Organic,0
10141,23/11/2023,FR,Paid Ads,1
10142,30/08/2023,US,Referral,0
10143,31/03/2023,UK,Email,0
10144,13/03/2023,UK,Referral,0
10145,22/11/2023,UK,Referral,0
10146,30/01/2023,FR,Organic,0
10147,25/12/2023,UK,Paid Ads,1
10148,15/10/2023,FR,Email,0
10149,27/03/2023,FR,Organic,0
10150,22/08/2023,US,Organic,0
10151,23/08/2023,UK,Email,0
10152,09/11/2023,UK,Referral,0
10153,31/12/2023,UK,Paid Ads,0
10154,22/09/2023,FR,Social,0
10155,14/10/2023,UK,Email,0
10156,23/11/2023,ES,Social,0
10157,26/09/2023,ES,Social,0
10158,05/07/2023,UK,Paid Ads,1
10159,11/05/2023,FR,Email,0
10160,18/10/2023,FR,Referral,1
10161,04/10/2023,FR,Email,0
10162,16/11/2023,UK,Email,1
10163,17/12/2023,UK,Organic,1
10164,29/06/2023,UK,Organic,1
10165,17/10/2023,US,Organic,0
10166,12/06/2023,ES,Email,0
10167,28/09/2023,FR,Email,0
10168,06/04/2023,IT,Paid Ads,0
10169,19/09/2023,UK,Paid Ads,0
10170,31/12/2023,UK,Email,1
10171,19/12/2023,FR,Organic,0
10172,15/10/2023,UK,Organic,0
10173,24/03/2023,UK,Paid Ads,0
10174,13/08/2023,US,Social,1
10175,11/08/2023,UK,Email,0
10176,28/04/2023,DE,Organic,1
10177,11/07/2023,UK,Organic,1
10178,20/03/2023,DE,Paid Ads,1
10179,19/03/2023,ES,Email,1
10180,27/05/2023,UK,Referral,0
10181,17/04/2023,IT,Paid Ads,0
10182,28/09/2023,US,Organic,1
10183,01/09/2023,IT,Social,0
10184,14/03/2023,UK,Organic,0
10185,23/12/2023,DE,Organic,0
10186,20/12/2023,US,Email,0
10187,26/01/2023,ES,Social,0
10188,29/07/2023,DE,Referral,0
10189,02/04/2023,US,Paid Ads,1
10190,05/05/2023,IT,Organic,1
10191,14/03/2023,US,Organic,1
10192,03/05/2023,UK,Organic,0
10193,05/11/2023,DE,Paid Ads,0
10194,03/07/2023,DE,Organic,0
10195,06/07/2023,US,Email,1
10196,17/07/2023,US,Organic,0
10197,19/03/2023,NL,Paid Ads,0
10198,14/12/2023,FR,Paid Ads,0
10199,05/07/2023,UK,Paid Ads,1
10200,10/12/2023,UK,Organic,0
10201,10/09/2023,NL,Email,0
10202,13/01/2023,FR,Paid Ads,0
10203,26/10/2023,IT,Referral,1
10204,17/03/2023,UK,Paid Ads,1
10205,20/02/2023,FR,Organic,0
10206,02/10/2023,FR,Paid Ads,0
10207,29/05/2023,UK,Paid Ads,1
10208,07/08/2023,DE,Email,0
10209,02/05/2023,DE,Email,1
10210,30/07/2023,US,Organic,0
10211,07/10/2023,ES,Organic,0
10212,26/01/2023,ES,Organic,1
10213,22/06/2023,IT,Social,1
10214,05/06/2023,ES,Organic,0
10215,26/08/2023,US,Referral,0
10216,23/03/2023,US,Paid Ads,1
10217,22/12/2023,ES,Paid Ads,0
10218,30/09/2023,US,Organic,0
10219,09/03/2023,UK,Organic,0
10220,13/02/2023,US,Paid Ads,0
10221,02/03/2023,UK,Organic,0
10222,03/05/2023,FR,Organic,0
10223,15/12/2023,UK,Organic,0
10224,15/07/2023,UK,Paid Ads,0
10225,26/11/2023,NL,Organic,1
10226,19/11/2023,ES,Organic,0
10227,21/04/2023,ES,Organic,1
10228,15/09/2023,DE,Organic,0
10229,30/03/2023,ES,Paid Ads,0
10230,17/07/2023,ES,Organic,1
10231,09/10/2023,DE,Referral,1
10232,19/07/2023,NL,Organic,1
10233,09/04/2023,UK,Social,1
10234,27/01/2023,IT,Organic,0
10235,30/03/2023,US,Social,0
10236,26/05/2023,US,Email,1
10237,01/07/2023,UK,Referral,1
10238,14/09/2023,US,Social,0
10239,08/07/2023,DE,Organic,1
10240,28/08/2023,NL,Organic,0
10241,25/12/2023,NL,Organic,1
10242,15/07/2023,NL,Organic,0
10243,24/10/2023,UK,Organic,1
10244,14/06/2023,NL,Paid Ads,1
10245,03/11/2023,US,Organic,1
10246,28/09/2023,IT,Organic,0
10247,08/01/2023,UK,Organic,1
10248,07/02/2023,US,Paid Ads,0
10249,24/04/2023,NL,Social,1
10250,05/12/2023,IT,Paid Ads,1
10251,25/02/2023,FR,Paid Ads,0
10252,25/12/2023,ES,Organic,1
10253,18/05/2023,UK,Email,1
10254,12/04/2023,FR,Organic,0
10255,30/11/2023,DE,Social,0
10256,26/06/2023,UK,Paid Ads,0
10257,18/06/2023,UK,Organic,0
10258,05/12/2023,UK,Social,1
10259,13/10/2023,FR,Social,1
10260,18/09/2023,UK,Paid Ads,1
10261,11/08/2023,US,Organic,1
10262,18/07/2023,US,Referral,1
10263,30/07/2023,DE,Organic,1
10264,14/10/2023,FR,Organic,1
10265,29/06/2023,FR,Organic,1
10266,07/09/2023,US,Paid Ads,1
10267,19/08/2023,US,Referral,1
10268,23/01/2023,US,Organic,1
10269,17/02/2023,IT,Social,0
10270,19/04/2023,UK,Organic,1
10271,23/10/2023,UK,Organic,1
10272,06/01/2023,FR,Paid Ads,1
10273,07/02/2023,US,Email,0
10274,18/06/2023,ES,Social,0
10275,22/12/2023,UK,Email,1
10276,10/10/2023,FR,Organic,0
10277,22/07/2023,UK,Social,0
10278,21/11/2023,US,Social,0
10279,09/11/2023,UK,Organic,0
10280,30/09/2023,ES,Paid Ads,0
10281,01/09/2023,NL,Paid Ads,1
10282,23/11/2023,US,Paid Ads,1
10283,16/02/2023,ES,Social,0
10284,06/09/2023,FR,Organic,0
10285,20/03/2023,NL,Paid Ads,0
10286,20/04/2023,ES,Organic,1
10287,13/01/2023,UK,Paid Ads,1
10288,31/12/2023,FR,Email,0
10289,31/03/2023,US,Organic,0
10290,08/12/2023,UK,Organic,0
10291,14/12/2023,UK,Social,0
10292,07/10/2023,IT,Email,1
10293,09/08/2023,IT,Paid Ads,0
10294,14/03/2023,ES,Organic,0
10295,22/08/2023,NL,Paid Ads,0
10296,17/09/2023,ES,Email,0
10297,23/04/2023,UK,Email,0
10298,15/02/2023,UK,Organic,1
10299,01/10/2023,UK,Referral,1
10300,12/02/2023,UK,Organic,1
10301,27/07/2023,UK,Organic,0
10302,15/12/2023,US,Paid Ads,1
10303,13/04/2023,ES,Organic,1
10304,04/05/2023,IT,Organic,0
10305,10/01/2023,DE,Referral,1
10306,25/11/2023,IT,Paid Ads,1
10307,06/07/2023,US,Email,0
10308,31/01/2023,IT,Referral,0
10309,05/06/2023,US,Referral,0
10310,01/03/2023,UK,Organic,0
10311,06/09/2023,IT,Organic,0
10312,27/09/2023,US,Paid Ads,1
10313,05/08/2023,US,Organic,0
10314,02/01/2023,UK,Email,1
10315,24/01/2023,FR,Paid Ads,1
10316,25/07/2023,NL,Organic,1
10317,16/11/2023,UK,Paid Ads,1
10318,18/07/2023,IT,Social,1
10319,22/12/2023,UK,Organic,1
10320,24/04/2023,US,Organic,0
10321,07/10/2023,UK,Email,0
10322,04/06/2023,ES,Organic,1
10323,14/06/2023,UK,Organic,0
10324,10/08/2023,DE,Organic,0
10325,01/04/2023,UK,Paid Ads,0
10326,16/06/2023,UK,Paid Ads,0
10327,26/07/2023,ES,Paid Ads,1
10328,09/10/2023,UK,Social,0
10329,06/03/2023,UK,Email,0
10330,04/01/2023,UK,Social,0
10331,06/06/2023,DE,Paid Ads,1
10332,06/09/2023,FR,Organic,1
10333,14/09/2023,UK,Social,0
10334,23/08/2023,UK,Organic,1
10335,02/11/2023,US,Email,0
10336,15/03/2023,UK,Organic,0
10337,06/07/2023,IT,Email,1
10338,03/03/2023,ES,Social,0
10339,03/12/2023,DE,Organic,0
10340,13/06/2023,UK,Organic,1
10341,25/02/2023,FR,Organic,0
10342,21/04/2023,ES,Paid Ads,0
10343,06/08/2023,DE,Organic,0
10344,28/08/2023,ES,Referral,0
10345,21/01/2023,FR,Organic,1
10346,21/05/2023,DE,Organic,1
10347,22/09/2023,UK,Paid Ads,0
10348,19/05/2023,FR,Paid Ads,0
10349,11/03/2023,UK,Organic,1
10350,28/04/2023,ES,Referral,0
10351,17/07/2023,ES,Email,0
10352,24/07/2023,ES,Organic,1
10353,02/08/2023,US,Organic,0
10354,25/02/2023,UK,Email,1
10355,14/10/2023,UK,Organic,0
10356,20/10/2023,FR,Organic,0
10357,24/06/2023,IT,Paid Ads,1
10358,13/12/2023,FR,Organic,0
10359,08/05/2023,UK,Organic,0
10360,21/11/2023,IT,Social,0
10361,19/10/2023,NL,Organic,1
10362,15/10/2023,US,Social,0
10363,14/08/2023,DE,Organic,1
10364,05/03/2023,ES,Email,0
10365,17/02/2023,FR,Paid Ads,0
10366,21/07/2023,NL,Organic,1
10367,03/12/2023,UK,Referral,1
10368,01/03/2023,DE,Email,0
10369,14/09/2023,FR,Organic,0
10370,06/03/2023,IT,Referral,0
10371,27/08/2023,IT,Paid Ads,0
10372,16/10/2023,NL,Email,0
10373,07/02/2023,US,Referral,1
10374,25/01/2023,ES,Organic,1
10375,28/02/2023,US,Organic,1
10376,23/12/2023,US,Paid Ads,1
10377,24/10/2023,UK,Social,0
10378,07/06/2023,ES,Organic,0
10379,26/02/2023,NL,Paid Ads,0
10380,17/02/2023,UK,Organic,0
10381,24/11/2023,UK,Referral,0
10382,25/02/2023,ES,Paid Ads,1
10383,06/03/2023,DE,Referral,1
10384,25/09/2023,NL,Social,0
10385,10/03/2023,UK,Organic,1
10386,04/08/2023,UK,Organic,1
10387,30/03/2023,US,Social,0
10388,08/10/2023,UK,Organic,1
10389,14/09/2023,UK,Referral,0
10390,09/06/2023,UK,Referral,0
10391,22/08/2023,UK,Referral,1
10392,11/05/2023,UK,Organic,0
10393,18/02/2023,NL,Organic,0
10394,27/05/2023,UK,Referral,0
10395,12/11/2023,US,Organic,0
10396,02/01/2023,IT,Referral,0
10397,25/11/2023,FR,Paid Ads,1
10398,25/05/2023,DE,Organic,1
10399,02/03/2023,FR,Organic,0
10400,30/09/2023,ES,Social,1
10401,18/02/2023,IT,Paid Ads,0
10402,28/11/2023,DE,Paid Ads,0
10403,11/05/2023,IT,Social,0
10404,12/02/2023,US,Referral,1
10405,26/02/2023,UK,Social,0
10406,19/02/2023,IT,Organic,1
10407,27/06/2023,US,Email,0
10408,20/10/2023,IT,Organic,0
10409,15/02/2023,UK,Email,0
10410,19/06/2023,US,Email,1
10411,28/09/2023,IT,Organic,0
10412,02/12/2023,UK,Paid Ads,0
10413,19/05/2023,IT,Referral,1
10414,04/09/2023,NL,Organic,0
10415,28/05/2023,IT,Email,0
10416,18/08/2023,DE,Organic,0
10417,07/10/2023,DE,Social,1
10418,05/05/2023,IT,Organic,0
10419,11/07/2023,ES,Paid Ads,0
10420,21/03/2023,DE,Organic,0
10421,04/04/2023,NL,Organic,0
10422,14/08/2023,FR,Paid Ads,1
10423,06/03/2023,NL,Paid Ads,1
10424,29/03/2023,UK,Organic,1
10425,29/03/2023,UK,Email,1
10426,20/07/2023,US,Organic,0
10427,02/08/2023,US,Email,1
10428,23/07/2023,ES,Paid Ads,0
10429,30/03/2023,UK,Paid Ads,0
10430,02/03/2023,NL,Organic,1
10431,28/09/2023,UK,Paid Ads,1
10432,04/04/2023,US,Paid Ads,0
10433,03/11/2023,UK,Organic,1
10434,27/01/2023,DE,Organic,1
10435,02/08/2023,UK,Organic,0
10436,15/03/2023,UK,Organic,0
10437,02/03/2023,FR,Organic,0
10438,05/07/2023,UK,Organic,0
10439,31/01/2023,UK,Referral,0
10440,07/08/2023,ES,Organic,1
10441,12/01/2023,UK,Organic,0
10442,29/10/2023,US,Organic,0
10443,01/02/2023,UK,Paid Ads,0
10444,09/06/2023,UK,Organic,0
10445,25/08/2023,FR,Referral,0
10446,15/08/2023,UK,Referral,0
10447,30/06/2023,IT,Paid Ads,1
10448,13/11/2023,IT,Organic,1
10449,15/02/2023,UK,Paid Ads,1
10450,07/12/2023,NL,Organic,1
10451,21/03/2023,UK,Social,0
10452,15/05/2023,UK,Email,1
10453,17/09/2023,UK,Paid Ads,0
10454,04/11/2023,US,Social,0
10455,04/09/2023,DE,Paid Ads,1
10456,08/06/2023,UK,Organic,1
10457,22/07/2023,ES,Organic,1
10458,22/04/2023,FR,Paid Ads,0
10459,19/10/2023,US,Email,0
10460,06/11/2023,FR,Email,1
10461,29/04/2023,IT,Paid Ads,1
10462,17/01/2023,UK,Organic,1
10463,27/11/2023,UK,Referral,1
10464,15/08/2023,US,Email,0
10465,27/12/2023,US,Paid Ads,0
10466,27/04/2023,US,Paid Ads,0
10467,12/02/2023,UK,Referral,0
10468,25/04/2023,FR,Email,1
10469,10/10/2023,DE,Email,0
10470,06/02/2023,DE,Organic,0
10471,29/10/2023,UK,Organic,1
10472,23/04/2023,US,Email,1
10473,04/02/2023,US,Email,0
10474,12/05/2023,US,Organic,1
10475,02/12/2023,IT,Paid Ads,0
10476,02/12/2023,US,Social,0
10477,16/08/2023,UK,Social,1
10478,27/05/2023,US,Email,1
10479,02/05/2023,ES,Organic,1
10480,22/03/2023,ES,Referral,0
10481,22/06/2023,US,Organic,1
10482,03/06/2023,UK,Email,0
10483,30/05/2023,US,Organic,0
10484,27/02/2023,DE,Referral,1
10485,04/03/2023,NL,Paid Ads,0
10486,05/06/2023,DE,Email,0
10487,22/12/2023,FR,Paid Ads,1
10488,18/11/2023,US,Organic,0
10489,17/06/2023,US,Referral,0
10490,15/06/2023,ES,Organic,1
10491,26/03/2023,US,Organic,1
10492,17/05/2023,NL,Social,1
10493,08/07/2023,US,Paid Ads,1
10494,02/01/2023,UK,Referral,1
10495,16/04/2023,FR,Paid Ads,0
10496,30/12/2023,UK,Email,1
10497,13/03/2023,UK,Email,1
10498,06/05/2023,US,Referral,1
10499,19/06/2023,FR,Social,0
10500,24/07/2023,US,Paid Ads,1
10501,09/11/2023,UK,Referral,1
10502,03/12/2023,DE,Email,0
10503,14/07/2023,US,Organic,0
10504,07/06/2023,IT,Paid Ads,0
10505,21/05/2023,US,Social,1
10506,02/10/2023,FR,Organic,1
10507,07/01/2023,UK,Organic,1
10508,23/02/2023,ES,Paid Ads,0
10509,14/04/2023,FR,Organic,1
10510,08/12/2023,IT,Email,1
10511,04/12/2023,UK,Organic,0
10512,02/03/2023,US,Organic,1
10513,28/03/2023,FR,Email,0
10514,15/09/2023,UK,Organic,1
10515,27/06/2023,US,Referral,0
10516,30/08/2023,IT,Email,0
10517,22/07/2023,US,Email,0
10518,31/01/2023,NL,Email,0
10519,16/10/2023,UK,Organic,1
10520,21/03/2023,FR,Organic,0
10521,11/01/2023,DE,Organic,1
10522,11/09/2023,US,Organic,0
10523,14/10/2023,NL,Paid Ads,1
10524,25/06/2023,UK,Organic,1
10525,06/05/2023,IT,Paid Ads,0
10526,16/02/2023,FR,Organic,1
10527,25/07/2023,UK,Paid Ads,0
10528,17/04/2023,IT,Organic,0
10529,02/10/2023,US,Organic,1
10530,03/12/2023,ES,Paid Ads,0
10531,03/05/2023,US,Referral,1
10532,14/05/2023,IT,Email,0
10533,17/04/2023,DE,Email,0
10534,01/11/2023,UK,Referral,0
10535,25/11/2023,DE,Referral,0
10536,19/02/2023,UK,Organic,1
10537,03/12/2023,US,Organic,1
10538,05/04/2023,UK,Email,1
10539,25/09/2023,UK,Organic,0
10540,23/01/2023,UK,Organic,1
10541,23/02/2023,US,Organic,0
10542,11/09/2023,US,Organic,0
10543,23/08/2023,US,Email,1
10544,28/02/2023,UK,Organic,1
10545,13/06/2023,FR,Paid Ads,1
10546,16/09/2023,FR,Organic,0
10547,10/11/2023,US,Referral,1
10548,04/08/2023,IT,Referral,1
10549,02/07/2023,DE,Organic,0
10550,26/02/2023,FR,Email,1
10551,25/05/2023,UK,Organic,1
10552,31/03/2023,UK,Referral,0
10553,07/11/2023,IT,Referral,0
10554,14/02/2023,ES,Social,0
10555,14/09/2023,UK,Organic,1
10556,21/01/2023,US,Organic,1
10557,21/01/2023,FR,Organic,0
10558,21/02/2023,FR,Organic,1
10559,04/12/2023,IT,Organic,0
10560,20/06/2023,UK,Organic,1
10561,08/03/2023,US,Paid Ads,1
10562,23/04/2023,UK,Social,1
10563,27/10/2023,US,Organic,0
10564,09/06/2023,UK,Social,0
10565,23/09/2023,IT,Email,1
10566,16/11/2023,US,Email,0
10567,20/08/2023,ES,Social,1
10568,21/11/2023,UK,Email,0
10569,09/03/2023,UK,Email,1
10570,28/01/2023,UK,Paid Ads,1
10571,26/04/2023,US,Paid Ads,1
10572,20/02/2023,ES,Social,1
10573,30/06/2023,US,Organic,1
10574,17/09/2023,UK,Organic,1
10575,20/03/2023,UK,Email,1
10576,30/09/2023,UK,Paid Ads,0
10577,18/04/2023,ES,Email,0
10578,15/03/2023,US,Organic,0
10579,24/06/2023,FR,Paid Ads,1
10580,03/07/2023,FR,Organic,1
10581,23/01/2023,UK,Social,0
10582,01/10/2023,UK,Organic,0
10583,09/05/2023,ES,Email,0
10584,18/10/2023,FR,Organic,0
10585,16/11/2023,US,Organic,0
10586,05/07/2023,UK,Organic,0
10587,28/02/2023,UK,Organic,0
10588,01/01/2023,UK,Paid Ads,0
10589,11/05/2023,UK,Organic,0
10590,08/03/2023,UK,Paid Ads,1
10591,20/10/2023,US,Organic,1
10592,12/10/2023,UK,Email,1
10593,30/03/2023,UK,Organic,1
10594,10/04/2023,IT,Organic,1
10595,08/07/2023,DE,Paid Ads,1
10596,12/12/2023,IT,Social,1
10597,29/08/2023,UK,Email,0
10598,27/09/2023,FR,Email,1
10599,07/08/2023,UK,Organic,0
10600,25/06/2023,DE,Email,1
10601,07/12/2023,UK,Email,0
10602,21/08/2023,UK,Social,0
10603,31/05/2023,IT,Organic,1
10604,04/10/2023,DE,Social,0
10605,17/08/2023,IT,Paid Ads,1
10606,20/06/2023,UK,Paid Ads,0
10607,11/08/2023,UK,Paid Ads,0
10608,01/08/2023,US,Paid Ads,1
10609,09/10/2023,FR,Paid Ads,1
10610,10/02/2023,DE,Organic,1
10611,02/05/2023,IT,Email,0
10612,15/08/2023,UK,Paid Ads,0
10613,21/10/2023,FR,Referral,1
10614,29/03/2023,UK,Organic,0
10615,24/09/2023,UK,Social,1
10616,29/01/2023,US,Referral,1
10617,04/09/2023,US,Organic,0
10618,12/11/2023,UK,Email,0
10619,01/09/2023,UK,Organic,1
10620,02/03/2023,US,Organic,0
10621,27/05/2023,US,Paid Ads,1
10622,23/06/2023,UK,Paid Ads,1
10623,05/10/2023,UK,Organic,1
10624,30/11/2023,UK,Organic,0
10625,22/05/2023,NL,Social,0
10626,13/02/2023,IT,Organic,1
10627,24/05/2023,US,Organic,0
10628,19/12/2023,NL,Social,0
10629,29/11/2023,FR,Organic,0
10630,24/02/2023,UK,Referral,0
10631,03/11/2023,UK,Organic,1
10632,24/12/2023,IT,Paid Ads,1
10633,10/06/2023,DE,Organic,0
10634,12/10/2023,ES,Social,1
10635,21/11/2023,IT,Paid Ads,1
10636,17/07/2023,US,Paid Ads,1
10637,08/06/2023,UK,Social,0
10638,21/03/2023,UK,Social,1
10639,31/01/2023,UK,Organic,1
10640,22/04/2023,UK,Email,1
10641,15/02/2023,US,Organic,0
10642,19/12/2023,UK,Paid Ads,0
10643,24/07/2023,UK,Organic,1
10644,21/02/2023,US,Paid Ads,0
10645,18/05/2023,UK,Organic,0
10646,15/03/2023,US,Paid Ads,0
10647,10/02/2023,US,Paid Ads,1
10648,18/03/2023,DE,Organic,0
10649,06/07/2023,IT,Paid Ads,0
10650,21/02/2023,UK,Social,1
10651,28/03/2023,UK,Referral,1
10652,19/04/2023,IT,Paid Ads,1
10653,13/08/2023,US,Social,0
10654,05/09/2023,ES,Paid Ads,0
10655,10/03/2023,UK,Organic,1
10656,30/04/2023,ES,Paid Ads,1
10657,08/03/2023,IT,Organic,0
10658,02/03/2023,DE,Email,0
10659,23/11/2023,UK,Social,0
10660,10/07/2023,IT,Organic,0
10661,08/07/2023,ES,Paid Ads,1
10662,31/05/2023,ES,Paid Ads,1
10663,13/10/2023,UK,Organic,0
10664,06/04/2023,ES,Email,1
10665,08/11/2023,UK,Paid Ads,1
10666,05/11/2023,UK,Organic,1
10667,20/09/2023,DE,Email,0
10668,07/04/2023,UK,Organic,1
10669,23/04/2023,FR,Social,1
10670,05/05/2023,DE,Organic,0
10671,12/05/2023,UK,Paid Ads,0
10672,01/05/2023,FR,Organic,0
10673,16/07/2023,IT,Organic,0
10674,21/10/2023,UK,Email,1
10675,02/05/2023,DE,Paid Ads,1
10676,09/10/2023,UK,Social,0
10677,17/09/2023,US,Paid Ads,0
10678,08/02/2023,UK,Social,0
10679,23/02/2023,US,Social,1
10680,10/06/2023,UK,Paid Ads,1
10681,16/10/2023,NL,Paid Ads,0
10682,19/07/2023,DE,Email,0
10683,03/10/2023,US,Organic,0
10684,16/01/2023,US,Email,0
10685,22/06/2023,US,Paid Ads,0
10686,05/09/2023,US,Referral,0
10687,06/08/2023,US,Organic,0
10688,28/03/2023,US,Email,1
10689,23/03/2023,UK,Organic,0
10690,03/03/2023,UK,Email,0
10691,14/10/2023,DE,Paid Ads,0
10692,11/02/2023,ES,Organic,0
10693,12/01/2023,UK,Social,1
10694,17/11/2023,UK,Email,1
10695,22/08/2023,UK,Social,1
10696,25/11/2023,NL,Organic,1
10697,11/05/2023,ES,Paid Ads,1
10698,25/04/2023,DE,Paid Ads,0
10699,06/08/2023,IT,Referral,1
10700,17/05/2023,US,Organic,1
10701,16/04/2023,NL,Organic,0
10702,28/06/2023,UK,Social,1
10703,16/01/2023,UK,Paid Ads,0
10704,30/08/2023,DE,Social,1
10705,30/11/2023,US,Organic,0
10706,14/08/2023,DE,Social,1
10707,30/08/2023,UK,Referral,0
10708,21/05/2023,DE,Email,0
10709,18/07/2023,UK,Organic,0
10710,22/04/2023,UK,Social,1
10711,07/05/2023,IT,Paid Ads,1
10712,21/01/2023,IT,Referral,0
10713,27/05/2023,NL,Organic,1
10714,30/03/2023,FR,Paid Ads,1
10715,30/10/2023,FR,Email,0
10716,22/07/2023,DE,Organic,1
10717,26/03/2023,UK,Referral,1
10718,16/06/2023,UK,Organic,1
10719,13/03/2023,UK,Social,1
10720,25/10/2023,IT,Social,0
10721,09/01/2023,UK,Organic,1
10722,08/10/2023,IT,Organic,0
10723,15/09/2023,US,Referral,0
10724,02/10/2023,FR,Organic,1
10725,26/08/2023,UK,Paid Ads,0
10726,20/01/2023,UK,Organic,0
10727,21/08/2023,NL,Paid Ads,0
10728,09/08/2023,UK,Organic,0
10729,22/11/2023,UK,Organic,1
10730,17/01/2023,UK,Organic,0
10731,30/03/2023,UK,Paid Ads,0
10732,15/07/2023,UK,Paid Ads,1
10733,16/12/2023,DE,Organic,0
10734,25/03/2023,US,Paid Ads,0
10735,28/03/2023,DE,Email,1
10736,03/11/2023,UK,Organic,1
10737,04/12/2023,ES,Email,0
10738,03/06/2023,ES,Referral,0
10739,16/08/2023,UK,Organic,0
10740,21/09/2023,US,Organic,0
10741,11/08/2023,UK,Paid Ads,1
10742,01/05/2023,ES,Referral,1
10743,22/06/2023,FR,Organic,0
10744,04/01/2023,IT,Social,0
10745,08/12/2023,UK,Referral,0
10746,08/05/2023,US,Organic,0
10747,20/04/2023,UK,Organic,0
10748,21/12/2023,US,Organic,1
10749,06/02/2023,US,Paid Ads,1
10750,12/03/2023,UK,Paid Ads,1
10751,16/10/2023,FR,Email,0
10752,31/01/2023,US,Referral,0
10753,25/09/2023,ES,Organic,1
10754,11/01/2023,UK,Paid Ads,0
10755,10/12/2023,IT,Organic,0
10756,24/11/2023,NL,Organic,0
10757,01/02/2023,IT,Email,1
10758,26/02/2023,ES,Organic,1
10759,15/06/2023,ES,Email,0
10760,07/07/2023,DE,Social,0
10761,08/12/2023,UK,Paid Ads,0
10762,19/01/2023,FR,Organic,0
10763,26/04/2023,FR,Organic,1
10764,03/07/2023,NL,Organic,1
10765,27/09/2023,US,Paid Ads,0
10766,02/02/2023,UK,Email,1
10767,10/01/2023,FR,Paid Ads,0
10768,21/03/2023,NL,Email,0
10769,11/07/2023,UK,Email,1
10770,16/11/2023,UK,Email,1
10771,09/07/2023,US,Organic,0
10772,09/03/2023,UK,Email,0
10773,14/12/2023,UK,Referral,0
10774,05/05/2023,UK,Organic,1
10775,02/12/2023,IT,Social,1
10776,28/02/2023,UK,Social,0
10777,07/04/2023,US,Paid Ads,1
10778,02/10/2023,ES,Email,0
10779,29/05/2023,NL,Organic,1
10780,05/10/2023,NL,Paid Ads,0
10781,22/09/2023,US,Organic,1
10782,09/01/2023,NL,Paid Ads,0
10783,10/10/2023,UK,Paid Ads,0
10784,30/09/2023,FR,Organic,1
10785,28/10/2023,DE,Referral,1
10786,08/01/2023,UK,Organic,0
10787,27/07/2023,US,Organic,1
10788,05/05/2023,UK,Organic,0
10789,03/05/2023,IT,Paid Ads,1
10790,02/02/2023,US,Organic,1
10791,01/01/2023,DE,Organic,0
10792,23/07/2023,UK,Organic,0
10793,06/01/2023,UK,Organic,0
10794,24/10/2023,NL,Paid Ads,1
10795,05/01/2023,ES,Social,1
10796,21/03/2023,NL,Organic,1
10797,01/10/2023,UK,Referral,1
10798,26/06/2023,UK,Organic,0
10799,04/12/2023,US,Organic,1
10800,17/11/2023,US,Organic,1
10801,05/12/2023,UK,Social,0
10802,16/05/2023,FR,Paid Ads,1
10803,25/01/2023,US,Referral,0
10804,21/11/2023,UK,Paid Ads,0
10805,02/07/2023,UK,Organic,1
10806,17/06/2023,DE,Social,0
10807,04/12/2023,FR,Organic,0
10808,27/06/2023,US,Organic,0
10809,05/04/2023,US,Organic,0
10810,02/02/2023,UK,Organic,0
10811,21/04/2023,IT,Organic,1
10812,26/05/2023,IT,Paid Ads,1
10813,19/08/2023,FR,Organic,1
10814,29/09/2023,UK,Paid Ads,0
10815,02/12/2023,US,Organic,0
10816,07/02/2023,DE,Social,1
10817,15/05/2023,NL,Organic,1
10818,30/11/2023,NL,Referral,0
10819,23/08/2023,IT,Referral,1
10820,15/11/2023,UK,Organic,1
10821,11/12/2023,NL,Organic,1
10822,09/06/2023,DE,Organic,1
10823,07/02/2023,ES,Organic,0
10824,30/05/2023,US,Organic,0
10825,04/11/2023,UK,Referral,1
10826,29/01/2023,US,Paid Ads,0
10827,24/05/2023,UK,Paid Ads,1
10828,17/03/2023,US,Organic,0
10829,25/05/2023,IT,Email,1
10830,17/08/2023,UK,Organic,0
10831,05/03/2023,UK,Organic,1
10832,13/12/2023,UK,Organic,1
10833,11/12/2023,US,Organic,0
10834,26/09/2023,NL,Referral,1
10835,24/11/2023,UK,Referral,0
10836,03/07/2023,UK,Referral,1
10837,18/09/2023,IT,Paid Ads,1
10838,25/09/2023,IT,Social,0
10839,18/06/2023,UK,Paid Ads,0
10840,16/09/2023,ES,Paid Ads,1
10841,15/08/2023,FR,Organic,1
10842,02/02/2023,ES,Organic,0
10843,02/08/2023,US,Paid Ads,1
10844,19/02/2023,NL,Organic,0
10845,29/07/2023,UK,Paid Ads,0
10846,29/01/2023,UK,Organic,0
10847,08/02/2023,US,Email,0
10848,13/12/2023,US,Social,0
10849,10/04/2023,IT,Organic,1
10850,22/06/2023,DE,Email,1
10851,17/01/2023,UK,Email,0
10852,25/02/2023,US,Social,1
10853,14/08/2023,US,Organic,1
10854,15/02/2023,NL,Email,0
10855,08/03/2023,DE,Organic,0
10856,16/07/2023,DE,Paid Ads,0
10857,22/05/2023,FR,Referral,0
10858,19/11/2023,ES,Referral,1
10859,23/01/2023,DE,Organic,0
10860,04/04/2023,UK,Email,0
10861,30/08/2023,IT,Paid Ads,0
10862,25/08/2023,FR,Organic,1
10863,23/02/2023,FR,Paid Ads,0
10864,18/05/2023,NL,Email,0
10865,29/11/2023,ES,Social,1
10866,29/09/2023,ES,Referral,1
10867,10/02/2023,NL,Organic,0
10868,08/04/2023,UK,Organic,0
10869,02/07/2023,US,Organic,0
10870,08/05/2023,DE,Organic,1
10871,17/08/2023,UK,Organic,1
10872,13/11/2023,ES,Organic,1
10873,27/03/2023,ES,Organic,0
10874,13/09/2023,FR,Email,0
10875,28/07/2023,NL,Paid Ads,0
10876,03/08/2023,UK,Email,0
10877,10/04/2023,FR,Organic,0
10878,18/02/2023,DE,Paid Ads,1
10879,20/07/2023,UK,Organic,1
10880,15/09/2023,UK,Paid Ads,1
10881,27/06/2023,IT,Paid Ads,0
10882,02/09/2023,DE,Paid Ads,1
10883,03/05/2023,ES,Email,0
10884,08/12/2023,US,Social,1
10885,20/06/2023,UK,Paid Ads,1
10886,29/11/2023,UK,Organic,0
10887,16/05/2023,US,Social,1
10888,28/02/2023,NL,Referral,0
10889,12/07/2023,UK,Paid Ads,0
10890,25/09/2023,NL,Referral,1
10891,17/09/2023,NL,Organic,0
10892,05/04/2023,NL,Organic,0
10893,05/05/2023,US,Organic,0
10894,10/02/2023,NL,Organic,1
10895,11/09/2023,US,Paid Ads,0
10896,07/01/2023,UK,Organic,1
10897,04/08/2023,UK,Email,1
10898,10/03/2023,IT,Paid Ads,1
10899,10/03/2023,UK,Organic,0
10900,22/03/2023,US,Organic,0
10901,30/01/2023,UK,Paid Ads,0
10902,14/03/2023,UK,Organic,0
10903,19/09/2023,UK,Referral,0
10904,30/03/2023,IT,Email,0
10905,27/07/2023,DE,Paid Ads,1
10906,01/08/2023,IT,Organic,0
10907,18/11/2023,FR,Email,0
10908,23/09/2023,NL,Organic,0
10909,20/10/2023,US,Organic,0
10910,26/07/2023,DE,Paid Ads,0
10911,29/11/2023,DE,Social,1
10912,18/03/2023,US,Organic,0
10913,15/10/2023,ES,Social,1
10914,16/02/2023,DE,Organic,1
10915,20/04/2023,ES,Organic,0
10916,19/07/2023,ES,Referral,0
10917,29/07/2023,UK,Organic,1
10918,03/06/2023,FR,Organic,0
10919,10/01/2023,UK,Organic,0
10920,19/12/2023,DE,Organic,1
10921,06/06/2023,FR,Organic,0
10922,18/09/2023,NL,Referral,1
10923,18/03/2023,UK,Referral,0
10924,14/09/2023,UK,Social,1
10925,11/05/2023,UK,Referral,0
10926,08/03/2023,US,Referral,0
10927,16/08/2023,ES,Referral,0
10928,12/06/2023,ES,Email,0
10929,15/01/2023,FR,Organic,1
10930,20/08/2023,IT,Organic,1
10931,14/07/2023,UK,Referral,0
10932,15/12/2023,UK,Organic,1
10933,30/01/2023,UK,Social,0
10934,25/12/2023,IT,Paid Ads,1
10935,04/12/2023,FR,Organic,1
10936,27/11/2023,FR,Email,0
10937,12/11/2023,UK,Organic,0
10938,23/10/2023,US,Social,1
10939,26/11/2023,NL,Social,0
10940,08/08/2023,UK,Referral,0
10941,27/05/2023,ES,Organic,0
10942,16/09/2023,UK,Organic,0
10943,19/10/2023,UK,Paid Ads,0
10944,26/10/2023,FR,Email,1
10945,23/05/2023,UK,Organic,0
10946,23/08/2023,FR,Organic,0
10947,25/04/2023,FR,Organic,1
10948,31/12/2023,US,Paid Ads,1
10949,31/03/2023,ES,Email,0
10950,27/07/2023,DE,Organic,1
10951,13/06/2023,UK,Organic,1
10952,25/03/2023,FR,Referral,1
10953,18/03/2023,DE,Email,1
10954,10/06/2023,UK,Email,0
10955,05/01/2023,IT,Email,1
10956,19/03/2023,US,Organic,1
10957,01/04/2023,IT,Organic,1
10958,28/03/2023,IT,Social,0
10959,27/09/2023,US,Social,0
10960,14/04/2023,US,Paid Ads,1
10961,05/12/2023,US,Referral,0
10962,24/06/2023,US,Social,1
10963,23/02/2023,IT,Paid Ads,0
10964,30/07/2023,ES,Organic,1
10965,05/04/2023,UK,Referral,0
10966,11/08/2023,DE,Social,1
10967,09/01/2023,NL,Referral,0
10968,22/02/2023,DE,Email,1
10969,18/03/2023,ES,Paid Ads,1
10970,25/07/2023,ES,Organic,0
10971,12/11/2023,US,Organic,0
10972,29/10/2023,US,Social,1
10973,06/11/2023,FR,Paid Ads,0
10974,26/11/2023,US,Organic,1
10975,22/04/2023,DE,Social,0
10976,17/12/2023,FR,Paid Ads,0
10977,14/06/2023,ES,Email,1
10978,06/10/2023,UK,Paid Ads,0
10979,27/01/2023,UK,Organic,1
10980,11/03/2023,UK,Paid Ads,0
10981,06/08/2023,US,Social,0
10982,31/12/2023,UK,Organic,0
10983,08/07/2023,DE,Email,1
10984,29/11/2023,UK,Organic,0
10985,02/11/2023,US,Organic,0
10986,04/05/2023,US,Organic,0
10987,19/01/2023,US,Email,1
10988,14/09/2023,US,Paid Ads,1
10989,23/10/2023,UK,Paid Ads,0
10990,22/01/2023,IT,Email,0
10991,09/02/2023,UK,Organic,0
10992,07/02/2023,FR,Organic,1
10993,17/02/2023,IT,Organic,0
10994,02/07/2023,US,Referral,0
10995,16/03/2023,IT,Paid Ads,1
10996,28/07/2023,UK,Email,1
10997,02/07/2023,US,Paid Ads,1
10998,17/04/2023,US,Organic,0
10999,07/07/2023,UK,Email,0
11000,21/09/2023,US,Organic,0
11001,27/03/2023,US,Social,0
11002,20/11/2023,FR,Organic,1
11003,27/11/2023,IT,Organic,0
11004,17/05/2023,UK,Paid Ads,0
11005,12/12/2023,UK,Organic,0
11006,02/12/2023,US,Organic,1
11007,05/04/2023,US,Paid Ads,0
11008,22/11/2023,ES,Organic,0
11009,02/09/2023,US,Organic,0
11010,31/03/2023,UK,Organic,0
11011,28/02/2023,FR,Paid Ads,1
11012,28/01/2023,IT,Organic,0
11013,13/03/2023,US,Organic,0
11014,27/09/2023,DE,Paid Ads,1
11015,24/01/2023,UK,Referral,0
11016,22/04/2023,UK,Referral,0
11017,27/10/2023,UK,Organic,1
11018,25/02/2023,US,Organic,0
11019,11/08/2023,IT,Paid Ads,1
11020,30/04/2023,US,Email,0
11021,28/06/2023,UK,Paid Ads,1
11022,15/10/2023,UK,Organic,1
11023,08/10/2023,US,Organic,1
11024,08/07/2023,DE,Social,0
11025,07/03/2023,US,Referral,1
11026,25/10/2023,US,Organic,0
11027,06/09/2023,DE,Organic,0
11028,17/03/2023,UK,Email,0
11029,17/05/2023,UK,Organic,1
11030,13/06/2023,UK,Paid Ads,0
11031,21/08/2023,UK,Referral,0
11032,12/09/2023,UK,Organic,1
11033,21/10/2023,UK,Organic,1
11034,19/06/2023,ES,Organic,0
11035,13/11/2023,FR,Social,0
11036,23/06/2023,DE,Paid Ads,0
11037,11/12/2023,IT,Email,1
11038,18/01/2023,UK,Paid Ads,0
11039,11/03/2023,IT,Social,0
11040,04/12/2023,US,Social,1
11041,26/04/2023,US,Paid Ads,1
11042,21/03/2023,US,Organic,1
11043,15/01/2023,UK,Paid Ads,1
11044,25/06/2023,NL,Referral,1
11045,26/09/2023,UK,Paid Ads,1
11046,29/04/2023,UK,Email,0
11047,26/10/2023,UK,Organic,1
11048,07/07/2023,UK,Organic,1
11049,26/02/2023,UK,Referral,0
11050,18/07/2023,UK,Organic,1
11051,17/01/2023,UK,Paid Ads,1
11052,15/10/2023,IT,Social,1
11053,24/02/2023,UK,Paid Ads,0
11054,26/09/2023,UK,Social,0
11055,30/10/2023,DE,Referral,0
11056,28/03/2023,NL,Referral,0
11057,14/11/2023,UK,Paid Ads,0
11058,29/01/2023,UK,Organic,0
11059,22/01/2023,NL,Paid Ads,1
11060,17/11/2023,UK,Organic,1
11061,12/10/2023,US,Social,0
11062,17/02/2023,UK,Organic,0
11063,05/01/2023,IT,Organic,1
11064,07/09/2023,NL,Paid Ads,1
11065,12/06/2023,ES,Paid Ads,0
11066,21/07/2023,UK,Organic,1
11067,11/04/2023,US,Organic,0
11068,12/03/2023,UK,Email,1
11069,12/06/2023,IT,Paid Ads,1
11070,22/06/2023,IT,Organic,0
11071,21/05/2023,US,Paid Ads,0
11072,18/05/2023,FR,Organic,1
11073,07/03/2023,UK,Organic,0
11074,17/07/2023,US,Social,1
11075,24/11/2023,DE,Organic,0
11076,16/08/2023,US,Organic,1
11077,08/10/2023,US,Social,0
11078,21/06/2023,UK,Email,0
11079,12/11/2023,ES,Organic,1
11080,09/02/2023,IT,Paid Ads,1
11081,07/01/2023,NL,Email,0
11082,23/06/2023,FR,Organic,1
11083,31/05/2023,US,Paid Ads,0
11084,30/07/2023,UK,Paid Ads,1
11085,29/10/2023,NL,Paid Ads,0
11086,27/03/2023,DE,Paid Ads,0
11087,10/09/2023,FR,Paid Ads,1
11088,21/01/2023,FR,Organic,0
11089,14/09/2023,ES,Email,0
11090,02/02/2023,UK,Organic,1
11091,17/09/2023,UK,Paid Ads,1
11092,22/08/2023,FR,Paid Ads,1
11093,03/01/2023,IT,Referral,1
11094,13/12/2023,FR,Paid Ads,0
11095,04/11/2023,US,Referral,0
11096,15/08/2023,US,Organic,0
11097,11/10/2023,FR,Referral,1
11098,11/03/2023,FR,Email,0
11099,09/11/2023,DE,Email,0
11100,30/12/2023,UK,Paid Ads,0
11101,11/09/2023,IT,Organic,0
11102,24/05/2023,DE,Organic,1
11103,24/01/2023,ES,Organic,0
11104,22/08/2023,UK,Paid Ads,0
11105,29/11/2023,UK,Organic,1
11106,24/06/2023,IT,Social,1
11107,28/11/2023,UK,Email,1
11108,21/11/2023,US,Organic,0
11109,23/12/2023,US,Paid Ads,0
11110,08/06/2023,ES,Email,0
11111,14/12/2023,UK,Organic,1
11112,14/12/2023,UK,Paid Ads,0
11113,13/10/2023,IT,Paid Ads,1
11114,18/01/2023,DE,Organic,0
11115,13/02/2023,UK,Paid Ads,0
11116,04/06/2023,UK,Social,1
11117,21/12/2023,NL,Organic,0
11118,19/08/2023,UK,Paid Ads,1
11119,12/11/2023,DE,Organic,1
11120,13/08/2023,US,Email,0
11121,05/08/2023,IT,Email,1
11122,25/02/2023,ES,Organic,1
11123,31/01/2023,DE,Email,1
11124,23/12/2023,UK,Organic,1
11125,28/02/2023,IT,Organic,1
11126,19/12/2023,US,Referral,0
11127,23/08/2023,IT,Organic,1
11128,17/04/2023,US,Paid Ads,0
11129,10/07/2023,FR,Referral,0
11130,18/01/2023,UK,Organic,1
11131,14/08/2023,FR,Organic,0
11132,16/06/2023,UK,Paid Ads,1
11133,12/03/2023,US,Organic,1
11134,28/12/2023,UK,Organic,1
11135,23/02/2023,UK,Organic,1
11136,02/09/2023,UK,Email,0
11137,16/12/2023,UK,Social,1
11138,17/03/2023,IT,Organic,0
11139,04/02/2023,US,Organic,0
11140,24/09/2023,FR,Referral,1
11141,13/11/2023,UK,Social,0
11142,27/10/2023,DE,Organic,0
11143,01/05/2023,US,Email,0
11144,20/11/2023,NL,Paid Ads,0
11145,25/01/2023,ES,Social,1
11146,09/06/2023,US,Organic,1
11147,25/03/2023,ES,Social,0
11148,24/04/2023,UK,Paid Ads,1
11149,11/08/2023,DE,Social,0
11150,15/06/2023,UK,Paid Ads,0
11151,10/07/2023,UK,Paid Ads,1
11152,24/06/2023,UK,Email,1
11153,01/01/2023,FR,Referral,0
11154,17/08/2023,US,Paid Ads,1
11155,27/03/2023,ES,Paid Ads,1
11156,03/03/2023,US,Email,1
11157,16/11/2023,UK,Social,1
11158,25/07/2023,FR,Organic,1
11159,15/04/2023,ES,Paid Ads,1
11160,14/11/2023,IT,Email,1
11161,18/10/2023,DE,Referral,0
11162,07/09/2023,ES,Email,1
11163,13/01/2023,ES,Email,1
11164,12/06/2023,UK,Email,0
11165,12/02/2023,UK,Referral,0
11166,21/04/2023,UK,Social,1
11167,24/07/2023,UK,Email,0
11168,13/09/2023,US,Email,1
11169,03/11/2023,NL,Organic,1
11170,24/05/2023,US,Organic,0
11171,26/05/2023,FR,Paid Ads,1
11172,28/10/2023,FR,Referral,0
11173,13/06/2023,UK,Organic,0
11174,18/06/2023,UK,Organic,1
11175,25/10/2023,US,Organic,1
11176,21/08/2023,FR,Email,1
11177,28/09/2023,NL,Email,1
11178,01/03/2023,US,Social,0
11179,23/10/2023,IT,Organic,1
11180,23/08/2023,US,Organic,1
11181,14/06/2023,FR,Paid Ads,0
11182,13/07/2023,DE,Organic,1
11183,22/08/2023,UK,Referral,1
11184,02/07/2023,UK,Organic,1
11185,29/11/2023,UK,Organic,0
11186,20/08/2023,US,Paid Ads,1
11187,27/12/2023,FR,Organic,1
11188,17/04/2023,UK,Organic,1
11189,11/08/2023,DE,Paid Ads,0
11190,21/03/2023,UK,Organic,1
11191,22/08/2023,ES,Paid Ads,1
11192,03/07/2023,ES,Organic,0
11193,04/07/2023,ES,Paid Ads,0
11194,14/05/2023,US,Social,1
11195,08/08/2023,UK,Paid Ads,0
11196,15/10/2023,ES,Paid Ads,1
11197,30/12/2023,UK,Social,0
11198,21/07/2023,UK,Organic,0
11199,26/05/2023,UK,Organic,0
11200,20/11/2023,FR,Organic,0
11201,07/05/2023,FR,Paid Ads,1
11202,15/05/2023,FR,Paid Ads,0
11203,24/04/2023,US,Organic,0
11204,21/09/2023,UK,Email,0
11205,05/03/2023,IT,Organic,1
11206,15/05/2023,US,Social,0
11207,10/02/2023,US,Social,0
11208,23/10/2023,DE,Social,0
11209,03/01/2023,UK,Email,0
11210,13/07/2023,UK,Organic,0
11211,20/04/2023,US,Referral,0
11212,09/08/2023,UK,Organic,1
11213,04/01/2023,UK,Email,1
11214,01/09/2023,IT,Organic,1
11215,15/06/2023,US,Organic,1
11216,26/01/2023,US,Social,1
11217,17/01/2023,FR,Organic,1
11218,04/08/2023,NL,Organic,0
11219,02/04/2023,UK,Paid Ads,0
11220,31/01/2023,ES,Referral,0
11221,24/07/2023,DE,Paid Ads,0
11222,26/07/2023,UK,Referral,0
11223,17/04/2023,UK,Email,1
11224,26/05/2023,US,Organic,0
11225,11/04/2023,FR,Paid Ads,1
11226,14/11/2023,UK,Referral,0
11227,29/08/2023,US,Paid Ads,0
11228,04/09/2023,FR,Paid Ads,1
11229,12/06/2023,US,Organic,1
11230,22/06/2023,IT,Organic,1
11231,04/02/2023,IT,Organic,1
11232,11/10/2023,US,Organic,1
11233,25/12/2023,NL,Organic,0
11234,24/12/2023,UK,Paid Ads,1
11235,21/01/2023,UK,Organic,0
11236,04/11/2023,US,Email,0
11237,12/06/2023,DE,Email,0
11238,07/04/2023,DE,Organic,1
11239,03/11/2023,US,Paid Ads,1
11240,05/12/2023,UK,Social,1
11241,24/02/2023,UK,Paid Ads,0
11242,29/11/2023,IT,Social,0
11243,07/05/2023,IT,Organic,0
11244,12/07/2023,FR,Email,1
11245,31/08/2023,FR,Paid Ads,1
11246,15/12/2023,DE,Organic,0
11247,29/03/2023,UK,Social,0
11248,02/12/2023,US,Social,0
11249,03/08/2023,FR,Organic,0
11250,02/04/2023,US,Social,0
11251,30/10/2023,UK,Organic,1
11252,23/08/2023,NL,Referral,1
11253,03/07/2023,ES,Organic,1
11254,07/02/2023,UK,Organic,0
11255,19/05/2023,DE,Email,1
11256,14/07/2023,IT,Organic,0
11257,15/01/2023,UK,Organic,0
11258,14/09/2023,US,Paid Ads,0
11259,15/05/2023,US,Organic,0
11260,01/01/2023,US,Referral,1
11261,18/02/2023,ES,Organic,1
11262,06/04/2023,US,Email,0
11263,20/07/2023,UK,Organic,0
11264,26/01/2023,UK,Organic,0
11265,09/12/2023,UK,Organic,1
11266,23/08/2023,US,Paid Ads,1
11267,15/12/2023,FR,Organic,0
11268,01/09/2023,UK,Paid Ads,0
11269,24/12/2023,DE,Organic,1
11270,23/11/2023,FR,Email,1
11271,17/12/2023,UK,Organic,0
11272,20/02/2023,DE,Email,0
11273,22/03/2023,FR,Organic,0
11274,05/02/2023,US,Organic,0
11275,08/03/2023,UK,Organic,1
11276,09/05/2023,DE,Organic,0
11277,04/06/2023,NL,Paid Ads,1
11278,02/09/2023,US,Social,1
11279,21/04/2023,US,Organic,1
11280,17/06/2023,US,Paid Ads,1
11281,22/05/2023,UK,Organic,0
11282,22/12/2023,DE,Organic,0
11283,16/07/2023,UK,Organic,0
11284,19/04/2023,UK,Email,0
11285,20/03/2023,US,Organic,1
11286,10/06/2023,UK,Email,0
11287,19/01/2023,US,Organic,0
11288,07/05/2023,UK,Organic,0
11289,24/07/2023,UK,Paid Ads,1
11290,29/01/2023,ES,Organic,0
11291,26/07/2023,IT,Organic,1
11292,07/10/2023,UK,Organic,1
11293,31/05/2023,US,Organic,0
11294,28/08/2023,UK,Email,1
11295,23/09/2023,US,Organic,0
11296,01/07/2023,US,Referral,0
11297,15/04/2023,UK,Organic,1
11298,24/08/2023,FR,Email,0
11299,22/06/2023,UK,Paid Ads,0
11300,07/06/2023,UK,Organic,1
11301,21/06/2023,ES,Social,0
11302,07/11/2023,FR,Organic,1
11303,06/06/2023,US,Paid Ads,0
11304,15/09/2023,US,Paid Ads,0
11305,13/06/2023,US,Organic,1
11306,27/05/2023,US,Social,0
11307,03/06/2023,US,Email,0
11308,07/02/2023,US,Email,1
11309,11/05/2023,US,Social,1
11310,24/12/2023,FR,Paid Ads,1
11311,12/09/2023,FR,Organic,1
11312,27/07/2023,US,Email,1
11313,05/04/2023,US,Organic,1
11314,14/12/2023,US,Organic,1
11315,23/11/2023,US,Paid Ads,1
11316,20/06/2023,US,Social,0
11317,07/09/2023,IT,Organic,0
11318,09/07/2023,FR,Email,0
11319,18/07/2023,IT,Paid Ads,1
11320,09/08/2023,FR,Organic,0
11321,24/01/2023,NL,Email,0
11322,01/09/2023,DE,Social,0
11323,20/11/2023,NL,Organic,0
11324,08/05/2023,UK,Organic,0
11325,03/04/2023,UK,Organic,1
11326,27/10/2023,DE,Email,1
11327,13/05/2023,NL,Organic,0
11328,24/02/2023,US,Organic,1
11329,07/06/2023,UK,Referral,0
11330,29/01/2023,US,Paid Ads,1
11331,30/07/2023,DE,Organic,0
11332,03/06/2023,UK,Email,0
11333,20/10/2023,FR,Social,1
11334,10/08/2023,NL,Social,1
11335,25/04/2023,IT,Organic,1
11336,07/06/2023,UK,Social,0
11337,16/09/2023,UK,Referral,0
11338,08/09/2023,US,Organic,0
11339,02/05/2023,US,Paid Ads,1
11340,26/10/2023,UK,Organic,1
11341,20/09/2023,ES,Referral,1
11342,18/02/2023,US,Referral,1
11343,25/11/2023,IT,Email,0
11344,24/10/2023,IT,Organic,1
11345,28/12/2023,UK,Paid Ads,0
11346,18/03/2023,NL,Organic,1
11347,07/05/2023,FR,Social,1
11348,16/07/2023,US,Referral,0
11349,09/08/2023,US,Organic,0
11350,01/04/2023,US,Organic,1
11351,08/01/2023,UK,Referral,0
11352,01/02/2023,DE,Paid Ads,1
11353,16/11/2023,UK,Referral,0
11354,26/09/2023,DE,Organic,0
11355,10/07/2023,UK,Referral,0
11356,15/12/2023,UK,Organic,1
11357,12/06/2023,DE,Paid Ads,0
11358,02/03/2023,DE,Social,0
11359,21/09/2023,US,Paid Ads,1
11360,12/10/2023,UK,Organic,0
11361,05/04/2023,IT,Social,1
11362,10/02/2023,DE,Organic,0
11363,29/05/2023,UK,Referral,1
11364,23/07/2023,US,Paid Ads,0
11365,24/09/2023,US,Organic,0
11366,02/01/2023,UK,Organic,1
11367,27/06/2023,DE,Organic,1
11368,13/07/2023,ES,Email,1
11369,02/12/2023,FR,Email,1
11370,15/07/2023,UK,Paid Ads,1
11371,09/12/2023,IT,Organic,1
11372,06/09/2023,UK,Email,0
11373,31/07/2023,IT,Paid Ads,1
11374,02/06/2023,UK,Paid Ads,1
11375,07/06/2023,US,Paid Ads,0
11376,28/12/2023,DE,Organic,1
11377,19/05/2023,UK,Paid Ads,1
11378,09/08/2023,ES,Paid Ads,1
11379,30/09/2023,DE,Paid Ads,0
11380,03/06/2023,UK,Email,1
11381,06/09/2023,DE,Organic,1
11382,06/10/2023,US,Paid Ads,0
11383,31/10/2023,UK,Organic,1
11384,03/10/2023,NL,Email,1
11385,02/01/2023,IT,Organic,1
11386,29/03/2023,UK,Organic,0
11387,14/10/2023,US,Email,0
11388,10/05/2023,UK,Organic,0
11389,19/03/2023,ES,Paid Ads,0
11390,17/09/2023,IT,Social,0
11391,29/08/2023,US,Paid Ads,0
11392,21/05/2023,ES,Organic,1
11393,16/08/2023,US,Organic,0
11394,12/06/2023,US,Email,1
11395,24/08/2023,IT,Organic,0
11396,08/05/2023,US,Referral,1
11397,19/07/2023,US,Email,0
11398,31/01/2023,FR,Paid Ads,0
11399,18/05/2023,UK,Email,1
11400,21/01/2023,UK,Organic,0
11401,22/08/2023,IT,Paid Ads,1
11402,21/07/2023,FR,Referral,1
11403,06/10/2023,ES,Organic,0
11404,11/05/2023,UK,Organic,1
11405,28/05/2023,US,Referral,0
11406,29/01/2023,NL,Referral,1
11407,27/12/2023,UK,Paid Ads,0
11408,04/11/2023,UK,Email,0
11409,11/06/2023,US,Paid Ads,0
11410,23/12/2023,US,Email,0
11411,06/12/2023,UK,Referral,1
11412,02/03/2023,IT,Organic,1
11413,05/05/2023,NL,Organic,0
11414,12/03/2023,DE,Referral,0
11415,22/11/2023,ES,Email,0
11416,30/12/2023,IT,Organic,0
11417,31/08/2023,FR,Paid Ads,1
11418,06/09/2023,UK,Organic,0
11419,09/08/2023,UK,Organic,0
11420,21/01/2023,UK,Referral,1
11421,23/03/2023,UK,Organic,0
11422,10/12/2023,UK,Referral,1
11423,10/01/2023,US,Social,1
11424,12/01/2023,UK,Social,1
11425,20/09/2023,UK,Organic,0
11426,25/05/2023,US,Referral,1
11427,11/07/2023,UK,Social,1
11428,07/09/2023,ES,Organic,0
11429,24/04/2023,UK,Paid Ads,1
11430,26/01/2023,ES,Social,1
11431,28/09/2023,NL,Organic,0
11432,02/02/2023,FR,Social,1
11433,03/03/2023,FR,Paid Ads,1
11434,17/08/2023,IT,Organic,1
11435,30/10/2023,UK,Paid Ads,0
11436,05/04/2023,NL,Organic,0
11437,04/02/2023,ES,Organic,1
11438,12/07/2023,FR,Paid Ads,0
11439,17/03/2023,US,Paid Ads,1
11440,06/09/2023,US,Paid Ads,1
11441,24/03/2023,FR,Organic,0
11442,25/01/2023,DE,Email,1
11443,26/02/2023,FR,Paid Ads,0
11444,01/02/2023,UK,Email,1
11445,15/11/2023,US,Email,0
11446,12/01/2023,US,Organic,0
11447,15/11/2023,UK,Organic,1
11448,29/11/2023,UK,Social,1
11449,02/04/2023,UK,Email,1
11450,01/01/2023,US,Organic,1
11451,22/11/2023,US,Referral,0
11452,16/05/2023,UK,Organic,0
11453,15/07/2023,IT,Organic,1
11454,13/05/2023,ES,Paid Ads,1
11455,27/03/2023,FR,Organic,1
11456,22/10/2023,UK,Social,0
11457,06/10/2023,DE,Email,1
11458,20/11/2023,US,Paid Ads,0
11459,29/06/2023,NL,Organic,0
11460,04/01/2023,FR,Organic,0
11461,06/05/2023,DE,Organic,1
11462,24/06/2023,IT,Paid Ads,0
11463,08/09/2023,UK,Organic,0
11464,21/01/2023,UK,Paid Ads,0
11465,15/04/2023,FR,Paid Ads,1
11466,07/03/2023,UK,Social,0
11467,20/09/2023,UK,Social,0
11468,18/02/2023,FR,Paid Ads,1
11469,16/01/2023,UK,Paid Ads,0
11470,25/05/2023,DE,Organic,1
11471,06/12/2023,IT,Organic,0
11472,07/09/2023,UK,Social,0
11473,09/12/2023,UK,Referral,1
11474,20/12/2023,UK,Organic,1
11475,16/03/2023,UK,Paid Ads,1
11476,17/10/2023,UK,Social,1
11477,09/10/2023,UK,Organic,1
11478,07/03/2023,US,Organic,0
11479,05/05/2023,UK,Social,0
11480,15/11/2023,FR,Paid Ads,0
11481,28/03/2023,IT,Paid Ads,0
11482,10/02/2023,ES,Organic,1
11483,05/07/2023,US,Email,1
11484,20/12/2023,UK,Email,0
11485,01/12/2023,FR,Paid Ads,1
11486,23/09/2023,US,Organic,1
11487,28/09/2023,UK,Paid Ads,1
11488,11/02/2023,ES,Organic,0
11489,03/04/2023,UK,Organic,0
11490,04/07/2023,UK,Organic,0
11491,03/08/2023,IT,Organic,1
11492,17/01/2023,IT,Social,0
11493,22/09/2023,UK,Organic,1
11494,24/04/2023,US,Paid Ads,0
11495,19/10/2023,DE,Organic,1
11496,19/10/2023,FR,Referral,0
11497,17/02/2023,UK,Organic,0
11498,03/11/2023,DE,Paid Ads,0
11499,07/04/2023,NL,Email,0
11500,05/04/2023,UK,Social,0
11501,22/11/2023,IT,Referral,1
11502,15/03/2023,NL,Organic,0
11503,02/12/2023,UK,Organic,0
11504,09/03/2023,ES,Referral,0
11505,03/09/2023,UK,Organic,1
11506,18/03/2023,FR,Paid Ads,1
11507,27/07/2023,ES,Social,0
11508,11/09/2023,UK,Email,0
11509,09/08/2023,FR,Email,1
11510,19/09/2023,ES,Email,1
11511,27/11/2023,US,Paid Ads,0
11512,10/12/2023,UK,Referral,1
11513,16/09/2023,UK,Organic,1
11514,04/11/2023,DE,Social,0
11515,15/03/2023,NL,Organic,1
11516,05/05/2023,ES,Paid Ads,0
11517,07/07/2023,US,Organic,1
11518,11/09/2023,US,Organic,0
11519,17/11/2023,UK,Paid Ads,0
11520,04/11/2023,UK,Organic,1
11521,23/08/2023,US,Paid Ads,0
11522,07/09/2023,US,Paid Ads,0
11523,28/11/2023,US,Paid Ads,0
11524,11/12/2023,NL,Organic,0
11525,13/03/2023,DE,Paid Ads,0
11526,23/08/2023,DE,Email,0
11527,20/11/2023,UK,Organic,1
11528,05/06/2023,NL,Paid Ads,0
11529,25/04/2023,ES,Paid Ads,0
11530,09/11/2023,IT,Email,0
11531,16/08/2023,US,Referral,0
11532,18/11/2023,US,Organic,0
11533,12/12/2023,US,Email,1
11534,02/09/2023,UK,Email,0
11535,02/11/2023,FR,Email,0
11536,14/01/2023,IT,Paid Ads,0
11537,16/01/2023,UK,Email,0
11538,11/02/2023,UK,Paid Ads,0
11539,20/04/2023,FR,Referral,0
11540,05/10/2023,UK,Email,1
11541,20/11/2023,DE,Email,0
11542,19/01/2023,FR,Paid Ads,0
11543,07/03/2023,UK,Email,1
11544,16/06/2023,ES,Organic,0
11545,14/03/2023,US,Organic,1
11546,06/11/2023,IT,Paid Ads,0
11547,22/04/2023,ES,Referral,0
11548,01/10/2023,IT,Organic,1
11549,26/03/2023,UK,Paid Ads,0
11550,19/05/2023,UK,Organic,1
11551,08/02/2023,UK,Paid Ads,0
11552,15/04/2023,US,Email,0
11553,20/11/2023,IT,Referral,0
11554,08/10/2023,US,Organic,0
11555,03/05/2023,ES,Social,1
11556,06/08/2023,UK,Referral,1
11557,02/03/2023,UK,Email,0
11558,10/04/2023,IT,Referral,0
11559,03/11/2023,US,Social,1
11560,20/12/2023,ES,Email,1
11561,23/07/2023,UK,Paid Ads,1
11562,15/09/2023,IT,Organic,1
11563,05/01/2023,DE,Referral,0
11564,16/07/2023,ES,Paid Ads,0
11565,29/06/2023,UK,Paid Ads,0
11566,08/12/2023,US,Organic,1
11567,13/05/2023,IT,Paid Ads,0
11568,20/11/2023,IT,Paid Ads,0
11569,10/09/2023,UK,Email,1
11570,22/09/2023,UK,Email,1
11571,03/04/2023,US,Organic,0
11572,30/05/2023,UK,Organic,0
11573,18/05/2023,FR,Organic,0
11574,27/07/2023,UK,Organic,0
11575,05/05/2023,UK,Organic,0
11576,22/08/2023,FR,Email,0
11577,02/03/2023,US,Social,1
11578,03/11/2023,FR,Organic,1
11579,23/09/2023,NL,Paid Ads,1
11580,14/05/2023,UK,Referral,0
11581,14/11/2023,FR,Social,1
11582,23/04/2023,UK,Social,0
11583,10/07/2023,US,Organic,1
11584,06/07/2023,UK,Organic,1
11585,15/11/2023,UK,Organic,1
11586,30/03/2023,UK,Paid Ads,1
11587,06/07/2023,UK,Referral,1
11588,03/11/2023,IT,Organic,1
11589,12/05/2023,FR,Email,1
11590,26/12/2023,NL,Paid Ads,0
11591,03/05/2023,DE,Social,1
11592,17/02/2023,UK,Organic,1
11593,15/10/2023,UK,Organic,1
11594,28/06/2023,UK,Organic,0
11595,29/06/2023,UK,Organic,0
11596,09/04/2023,FR,Email,0
11597,26/11/2023,US,Organic,0
11598,03/02/2023,US,Referral,0
11599,11/03/2023,UK,Organic,1
11600,20/06/2023,UK,Organic,1
11601,29/09/2023,UK,Email,0
11602,28/02/2023,UK,Social,0
11603,30/06/2023,ES,Paid Ads,0
11604,19/01/2023,UK,Social,0
11605,14/08/2023,FR,Paid Ads,1
11606,05/04/2023,US,Paid Ads,1
11607,24/10/2023,UK,Email,1
11608,22/03/2023,ES,Organic,1
11609,24/06/2023,DE,Organic,1
11610,10/08/2023,UK,Referral,1
11611,13/04/2023,IT,Organic,0
11612,23/02/2023,UK,Organic,1
11613,02/07/2023,UK,Organic,1
11614,17/12/2023,ES,Email,1
11615,14/11/2023,FR,Referral,1
11616,21/12/2023,UK,Paid Ads,1
11617,15/12/2023,UK,Email,1
11618,17/11/2023,IT,Paid Ads,0
11619,09/03/2023,UK,Referral,1
11620,28/01/2023,UK,Social,1
11621,01/10/2023,US,Email,0
11622,09/10/2023,IT,Paid Ads,1
11623,26/12/2023,UK,Referral,1
11624,07/11/2023,ES,Paid Ads,1
11625,29/04/2023,DE,Paid Ads,1
11626,14/05/2023,US,Organic,0
11627,09/05/2023,FR,Paid Ads,0
11628,08/01/2023,NL,Organic,1
11629,20/02/2023,UK,Organic,0
11630,07/12/2023,UK,Paid Ads,1
11631,08/10/2023,IT,Email,1
11632,24/06/2023,FR,Organic,1
11633,02/07/2023,US,Organic,0
11634,11/07/2023,DE,Paid Ads,1
11635,06/09/2023,FR,Referral,0
11636,23/08/2023,ES,Organic,0
11637,24/03/2023,IT,Organic,0
11638,03/04/2023,US,Paid Ads,1
11639,08/11/2023,UK,Email,1
11640,25/09/2023,DE,Organic,1
11641,30/04/2023,US,Organic,0
11642,12/03/2023,DE,Referral,0
11643,17/01/2023,US,Organic,0
11644,10/09/2023,UK,Organic,0
11645,02/05/2023,US,Paid Ads,0
11646,10/01/2023,FR,Social,1
11647,14/10/2023,ES,Organic,0
11648,12/11/2023,US,Paid Ads,0
11649,22/11/2023,UK,Organic,1
11650,30/09/2023,US,Email,1
11651,02/11/2023,ES,Organic,0
11652,20/10/2023,US,Paid Ads,1
11653,29/07/2023,FR,Email,0
11654,06/08/2023,US,Social,1
11655,29/08/2023,UK,Referral,1
11656,19/07/2023,ES,Organic,0
11657,04/08/2023,UK,Paid Ads,0
11658,24/07/2023,US,Organic,1
11659,04/08/2023,UK,Paid Ads,0
11660,21/03/2023,UK,Referral,0
11661,24/09/2023,US,Email,0
11662,04/02/2023,US,Paid Ads,0
11663,16/10/2023,FR,Referral,0
11664,18/01/2023,FR,Social,0
11665,14/06/2023,FR,Social,0
11666,13/01/2023,US,Referral,1
11667,21/07/2023,DE,Paid Ads,1
11668,17/08/2023,DE,Paid Ads,0
11669,12/12/2023,US,Organic,1
11670,01/01/2023,DE,Organic,0
11671,15/11/2023,IT,Paid Ads,1
11672,05/08/2023,UK,Organic,0
11673,03/02/2023,IT,Paid Ads,0
11674,25/12/2023,UK,Paid Ads,0
11675,23/09/2023,UK,Paid Ads,0
11676,08/05/2023,UK,Organic,1
11677,31/07/2023,DE,Organic,1
11678,20/09/2023,UK,Organic,0
11679,08/11/2023,IT,Organic,0
11680,21/03/2023,ES,Social,1
11681,14/06/2023,FR,Organic,0
11682,09/09/2023,US,Organic,1
11683,12/01/2023,IT,Organic,0
11684,31/10/2023,ES,Paid Ads,0
11685,31/07/2023,US,Referral,0
11686,09/10/2023,FR,Organic,1
11687,22/04/2023,DE,Social,1
11688,30/07/2023,DE,Email,1
11689,27/08/2023,UK,Organic,1
11690,25/09/2023,US,Paid Ads,0
11691,25/10/2023,UK,Paid Ads,0
11692,13/11/2023,US,Organic,1
11693,27/02/2023,FR,Email,1
11694,03/02/2023,NL,Organic,0
11695,20/09/2023,NL,Paid Ads,0
11696,31/12/2023,DE,Paid Ads,1
11697,04/02/2023,DE,Paid Ads,0
11698,28/09/2023,UK,Email,0
11699,15/08/2023,FR,Organic,0
11700,25/01/2023,UK,Organic,0
11701,22/08/2023,UK,Paid Ads,0
11702,28/02/2023,FR,Organic,1
11703,08/09/2023,UK,Organic,0
11704,01/12/2023,UK,Paid Ads,0
11705,27/03/2023,ES,Organic,1
11706,08/09/2023,UK,Organic,1
11707,29/06/2023,UK,Organic,1
11708,26/07/2023,UK,Organic,0
11709,10/12/2023,UK,Paid Ads,1
11710,29/05/2023,UK,Organic,0
11711,12/03/2023,ES,Social,0
11712,01/05/2023,UK,Organic,1
11713,10/09/2023,ES,Referral,0
11714,03/04/2023,UK,Email,0
11715,13/09/2023,US,Organic,1
11716,11/09/2023,FR,Referral,1
11717,18/12/2023,FR,Email,1
11718,15/10/2023,DE,Organic,1
11719,05/11/2023,IT,Social,0
11720,28/02/2023,UK,Organic,0
11721,10/03/2023,US,Organic,0
11722,27/03/2023,IT,Email,0
11723,01/10/2023,UK,Organic,1
11724,15/08/2023,UK,Referral,1
11725,22/03/2023,UK,Email,0
11726,24/04/2023,DE,Social,0
11727,03/07/2023,UK,Paid Ads,1
11728,07/10/2023,UK,Social,0
11729,18/11/2023,US,Paid Ads,0
11730,14/11/2023,DE,Organic,0
11731,23/02/2023,UK,Paid Ads,0
11732,16/07/2023,UK,Paid Ads,1
11733,20/10/2023,DE,Paid Ads,0
11734,20/10/2023,IT,Paid Ads,1
11735,18/10/2023,FR,Paid Ads,0
11736,29/06/2023,ES,Paid Ads,1
11737,10/08/2023,US,Social,1
11738,01/10/2023,UK,Paid Ads,1
11739,01/09/2023,US,Organic,1
11740,03/06/2023,ES,Email,1
11741,31/10/2023,US,Organic,0
11742,30/09/2023,ES,Email,0
11743,15/05/2023,NL,Organic,1
11744,09/11/2023,UK,Organic,0
11745,08/01/2023,UK,Organic,0
11746,08/05/2023,UK,Organic,1
11747,25/02/2023,US,Referral,0
11748,06/05/2023,UK,Organic,0
11749,08/06/2023,IT,Email,0
11750,28/02/2023,UK,Paid Ads,0
11751,27/02/2023,UK,Organic,1
11752,20/05/2023,UK,Referral,1
11753,25/06/2023,IT,Paid Ads,0
11754,18/04/2023,FR,Email,1
11755,30/07/2023,IT,Paid Ads,0
11756,15/03/2023,NL,Organic,1
11757,16/06/2023,US,Referral,1
11758,23/12/2023,UK,Organic,1
11759,31/10/2023,UK,Paid Ads,0
11760,21/08/2023,UK,Social,0
11761,23/11/2023,FR,Organic,1
11762,01/07/2023,UK,Paid Ads,0
11763,02/05/2023,UK,Organic,1
11764,30/11/2023,DE,Organic,1
11765,22/07/2023,DE,Paid Ads,1
11766,29/01/2023,FR,Paid Ads,0
11767,21/07/2023,US,Paid Ads,0
11768,03/04/2023,ES,Organic,0
11769,25/11/2023,US,Email,1
11770,22/12/2023,UK,Organic,0
11771,25/06/2023,ES,Organic,0
11772,26/11/2023,NL,Email,1
11773,30/07/2023,UK,Social,1
11774,03/07/2023,US,Paid Ads,0
11775,05/04/2023,US,Email,1
11776,30/09/2023,UK,Organic,0
11777,17/05/2023,IT,Organic,1
11778,25/08/2023,UK,Email,0
11779,19/12/2023,ES,Social,1
11780,22/09/2023,FR,Organic,1
11781,15/05/2023,DE,Organic,0
11782,24/05/2023,UK,Organic,0
11783,19/01/2023,UK,Organic,0
11784,19/08/2023,UK,Email,1
11785,14/05/2023,UK,Paid Ads,1
11786,24/04/2023,UK,Paid Ads,0
11787,19/05/2023,ES,Paid Ads,1
11788,05/05/2023,US,Email,0
11789,23/07/2023,ES,Organic,0
11790,02/03/2023,US,Referral,0
11791,07/09/2023,ES,Social,0
11792,25/10/2023,NL,Organic,1
11793,13/01/2023,UK,Email,0
11794,12/09/2023,IT,Referral,0
11795,26/03/2023,DE,Organic,0
11796,20/01/2023,ES,Organic,1
11797,19/02/2023,FR,Paid Ads,1
11798,13/06/2023,US,Paid Ads,0
11799,02/04/2023,UK,Paid Ads,0
11800,29/03/2023,UK,Organic,0
11801,10/03/2023,US,Referral,0
11802,06/02/2023,NL,Organic,0
11803,10/09/2023,FR,Organic,1
11804,09/09/2023,UK,Organic,1
11805,20/05/2023,ES,Referral,0
11806,21/12/2023,ES,Organic,0
11807,17/06/2023,UK,Organic,0
11808,23/02/2023,UK,Organic,0
11809,27/06/2023,UK,Organic,0
11810,24/10/2023,IT,Organic,1
11811,28/10/2023,ES,Paid Ads,0
11812,25/12/2023,UK,Referral,1
11813,16/04/2023,UK,Referral,1
11814,17/05/2023,ES,Paid Ads,1
11815,09/07/2023,IT,Organic,0
11816,08/05/2023,ES,Social,0
11817,08/12/2023,DE,Organic,0
11818,16/02/2023,UK,Referral,1
11819,05/01/2023,US,Social,1
11820,14/09/2023,UK,Referral,1
11821,27/10/2023,ES,Organic,1
11822,30/05/2023,US,Organic,1
11823,21/10/2023,ES,Organic,1
11824,31/08/2023,US,Paid Ads,1
11825,02/10/2023,ES,Paid Ads,1
11826,27/07/2023,UK,Referral,0
11827,25/04/2023,US,Organic,0
11828,14/07/2023,DE,Email,0
11829,09/12/2023,UK,Referral,0
11830,19/06/2023,IT,Organic,0
11831,23/03/2023,DE,Organic,1
11832,03/06/2023,US,Paid Ads,0
11833,21/05/2023,ES,Paid Ads,0
11834,10/11/2023,IT,Organic,1
11835,26/05/2023,US,Organic,0
11836,19/11/2023,IT,Email,0
11837,02/05/2023,UK,Organic,1
11838,09/09/2023,UK,Organic,0
11839,09/12/2023,DE,Email,0
11840,07/11/2023,US,Paid Ads,0
11841,30/03/2023,US,Paid Ads,1
11842,27/02/2023,UK,Paid Ads,0
11843,04/03/2023,US,Paid Ads,1
11844,13/12/2023,ES,Paid Ads,0
11845,04/11/2023,DE,Social,0
11846,07/10/2023,NL,Organic,0
11847,13/03/2023,ES,Organic,1
11848,09/01/2023,UK,Organic,1
11849,04/04/2023,UK,Referral,1
11850,05/12/2023,UK,Paid Ads,0
11851,02/12/2023,ES,Organic,1
11852,01/06/2023,UK,Organic,0
11853,22/12/2023,UK,Organic,1
11854,09/02/2023,IT,Organic,0
11855,25/12/2023,DE,Social,1
11856,03/03/2023,UK,Referral,1
11857,11/09/2023,UK,Organic,0
11858,10/03/2023,IT,Organic,0
11859,02/09/2023,IT,Organic,0
11860,31/12/2023,UK,Referral,0
11861,19/06/2023,US,Paid Ads,0
11862,27/06/2023,ES,Social,1
11863,08/07/2023,ES,Referral,1
11864,17/09/2023,ES,Paid Ads,0
11865,13/03/2023,US,Email,0
11866,17/01/2023,IT,Referral,0
11867,07/12/2023,UK,Organic,0
11868,26/02/2023,UK,Paid Ads,1
11869,06/08/2023,FR,Paid Ads,0
11870,17/04/2023,US,Paid Ads,1
11871,31/10/2023,IT,Organic,0
11872,22/06/2023,UK,Organic,1
11873,07/08/2023,ES,Organic,1
11874,04/09/2023,UK,Organic,1
11875,06/08/2023,FR,Social,1
11876,31/01/2023,UK,Referral,1
11877,16/02/2023,DE,Referral,1
11878,14/05/2023,FR,Paid Ads,0
11879,18/04/2023,US,Referral,0
11880,13/03/2023,UK,Social,1
11881,23/11/2023,US,Organic,0
11882,18/04/2023,ES,Referral,0
11883,05/11/2023,UK,Organic,0
11884,29/09/2023,UK,Email,0
11885,20/06/2023,UK,Email,0
11886,26/04/2023,IT,Social,1
11887,25/11/2023,US,Organic,1
11888,15/03/2023,UK,Organic,1
11889,13/09/2023,ES,Organic,1
11890,22/03/2023,FR,Paid Ads,0
11891,25/09/2023,UK,Paid Ads,1
11892,08/05/2023,NL,Organic,0
11893,22/11/2023,DE,Referral,0
11894,23/08/2023,US,Organic,0
11895,10/02/2023,US,Email,0
11896,30/06/2023,IT,Organic,1
11897,06/06/2023,UK,Organic,0
11898,28/02/2023,UK,Paid Ads,0
11899,11/12/2023,UK,Paid Ads,1
11900,06/09/2023,ES,Organic,1
11901,11/07/2023,DE,Email,1
11902,24/01/2023,DE,Paid Ads,0
11903,21/03/2023,UK,Email,1
11904,14/05/2023,FR,Email,0
11905,01/08/2023,ES,Paid Ads,0
11906,14/12/2023,US,Social,1
11907,15/06/2023,ES,Email,0
11908,14/12/2023,UK,Social,1
11909,03/12/2023,ES,Email,1
11910,12/03/2023,UK,Email,1
11911,02/08/2023,DE,Paid Ads,0
11912,06/03/2023,NL,Organic,0
11913,09/08/2023,NL,Social,1
11914,04/11/2023,UK,Referral,1
11915,13/10/2023,US,Organic,0
11916,04/07/2023,UK,Organic,0
11917,26/07/2023,IT,Referral,1
11918,09/04/2023,DE,Paid Ads,0
11919,30/08/2023,US,Organic,0
11920,07/06/2023,UK,Organic,1
11921,08/04/2023,IT,Referral,1
11922,11/02/2023,US,Organic,1
11923,19/05/2023,UK,Paid Ads,0
11924,10/10/2023,US,Email,1
11925,15/08/2023,UK,Email,0
11926,13/03/2023,DE,Organic,0
11927,31/08/2023,IT,Organic,0
11928,18/01/2023,IT,Paid Ads,1
11929,18/03/2023,US,Referral,0
11930,14/02/2023,ES,Organic,0
11931,09/12/2023,US,Organic,0
11932,20/05/2023,UK,Email,0
11933,26/06/2023,NL,Social,0
11934,10/08/2023,UK,Paid Ads,0
11935,02/04/2023,UK,Organic,1
11936,22/01/2023,NL,Organic,1
11937,21/06/2023,UK,Organic,0
11938,02/04/2023,ES,Organic,0
11939,11/07/2023,IT,Paid Ads,1
11940,18/03/2023,US,Paid Ads,0
11941,08/10/2023,UK,Organic,0
11942,30/12/2023,US,Email,1
11943,28/06/2023,UK,Paid Ads,0
11944,26/08/2023,US,Paid Ads,1
11945,15/05/2023,ES,Social,0
11946,31/12/2023,US,Paid Ads,1
11947,07/10/2023,US,Social,0
11948,19/01/2023,DE,Organic,1
11949,24/03/2023,DE,Organic,1
11950,16/08/2023,IT,Paid Ads,1
11951,22/09/2023,UK,Paid Ads,0
11952,22/04/2023,ES,Organic,1
11953,08/09/2023,DE,Referral,0
11954,13/06/2023,UK,Organic,1
11955,24/12/2023,UK,Referral,0
11956,17/06/2023,US,Paid Ads,0
11957,09/08/2023,DE,Referral,1
11958,31/10/2023,UK,Paid Ads,1
11959,10/07/2023,IT,Social,1
11960,21/11/2023,DE,Organic,0
11961,19/06/2023,IT,Social,0
11962,14/02/2023,UK,Organic,1
11963,14/01/2023,UK,Referral,0
11964,19/08/2023,UK,Paid Ads,1
11965,06/06/2023,UK,Email,1
11966,14/05/2023,IT,Email,0
11967,06/02/2023,UK,Email,1
11968,22/02/2023,US,Organic,0
11969,18/01/2023,UK,Email,0
11970,07/02/2023,US,Organic,1
11971,06/07/2023,ES,Organic,0
11972,15/07/2023,DE,Organic,0
11973,31/08/2023,FR,Paid Ads,1
11974,27/10/2023,UK,Referral,1
11975,30/10/2023,IT,Organic,1
11976,04/02/2023,FR,Organic,0
11977,03/08/2023,US,Paid Ads,0
11978,07/08/2023,US,Social,0
11979,12/11/2023,IT,Paid Ads,0
11980,31/03/2023,DE,Referral,0
11981,04/11/2023,FR,Paid Ads,1
11982,09/09/2023,US,Email,0
11983,08/01/2023,UK,Social,1
11984,13/09/2023,FR,Paid Ads,1
11985,29/12/2023,DE,Paid Ads,0
11986,27/07/2023,US,Email,0
11987,11/05/2023,DE,Social,0
11988,12/08/2023,UK,Organic,1
11989,16/07/2023,ES,Paid Ads,0
11990,22/05/2023,IT,Email,0
11991,09/09/2023,IT,Paid Ads,0
11992,06/04/2023,UK,Paid Ads,0
11993,26/01/2023,US,Referral,1
11994,21/04/2023,ES,Organic,0
11995,03/05/2023,DE,Organic,0
11996,05/07/2023,US,Social,1
11997,17/06/2023,IT,Paid Ads,1
11998,20/02/2023,US,Email,1
11999,05/01/2023,US,Email,0
12000,18/03/2023,UK,Referral,1
